captured_at,from,to,value
"2026-08-28T02:00:23Z","2026-09-01T00:00:00Z","2026-09-01T01:00:00Z","38.437"
"2026-08-28T02:00:23Z","2026-09-01T01:00:00Z","2026-09-01T02:00:00Z","37.923872"
"2026-08-28T02:00:23Z","2026-09-01T02:00:00Z","2026-09-01T03:00:00Z","36.635102"
"2026-08-28T02:00:23Z","2026-09-01T03:00:00Z","2026-09-01T04:00:00Z","36.645455"
"2026-08-28T02:00:23Z","2026-09-01T04:00:00Z","2026-09-01T05:00:00Z","37.091467"
"2026-08-28T02:00:23Z","2026-09-01T05:00:00Z","2026-09-01T06:00:00Z","38.393922"
"2026-08-28T02:00:23Z","2026-09-01T06:00:00Z","2026-09-01T07:00:00Z","39.790982"
"2026-08-28T02:00:23Z","2026-09-01T07:00:00Z","2026-09-01T08:00:00Z","40.531162"
"2026-08-28T02:00:23Z","2026-09-01T08:00:00Z","2026-09-01T09:00:00Z","40.47785"
"2026-08-28T02:00:23Z","2026-09-01T09:00:00Z","2026-09-01T10:00:00Z","39.09388"
"2026-08-28T02:00:23Z","2026-09-01T10:00:00Z","2026-09-01T11:00:00Z","34.992545"
"2026-08-28T02:00:23Z","2026-09-01T11:00:00Z","2026-09-01T12:00:00Z","30.375345"
"2026-08-28T02:00:23Z","2026-09-01T12:00:00Z","2026-09-01T13:00:00Z","25.865007"
"2026-08-28T02:00:23Z","2026-09-01T13:00:00Z","2026-09-01T14:00:00Z","23.374337"
"2026-08-28T02:00:23Z","2026-09-01T14:00:00Z","2026-09-01T15:00:00Z","23.1336"
"2026-08-28T02:00:23Z","2026-09-01T15:00:00Z","2026-09-01T16:00:00Z","24.52947"
"2026-08-28T02:00:23Z","2026-09-01T16:00:00Z","2026-09-01T17:00:00Z","30.10462"
"2026-08-28T02:00:23Z","2026-09-01T17:00:00Z","2026-09-01T18:00:00Z","35.060137"
"2026-08-28T02:00:23Z","2026-09-01T18:00:00Z","2026-09-01T19:00:00Z","38.83684"
"2026-08-28T02:00:23Z","2026-09-01T19:00:00Z","2026-09-01T20:00:00Z","43.036707"
"2026-08-28T02:00:23Z","2026-09-01T20:00:00Z","2026-09-01T21:00:00Z","46.277315"
"2026-08-28T02:00:23Z","2026-09-01T21:00:00Z","2026-09-01T22:00:00Z","43.754515"
"2026-08-28T18:08:08Z","2026-09-01T00:00:00Z","2026-09-01T01:00:00Z","39.265835"
"2026-08-28T18:08:08Z","2026-09-01T01:00:00Z","2026-09-01T02:00:00Z","38.16449"
"2026-08-28T18:08:08Z","2026-09-01T02:00:00Z","2026-09-01T03:00:00Z","37.32078"
"2026-08-28T18:08:08Z","2026-09-01T03:00:00Z","2026-09-01T04:00:00Z","36.550612"
"2026-08-28T18:08:08Z","2026-09-01T04:00:00Z","2026-09-01T05:00:00Z","36.944145"
"2026-08-28T18:08:08Z","2026-09-01T05:00:00Z","2026-09-01T06:00:00Z","38.407845"
"2026-08-28T18:08:08Z","2026-09-01T06:00:00Z","2026-09-01T07:00:00Z","39.815972"
"2026-08-28T18:08:08Z","2026-09-01T07:00:00Z","2026-09-01T08:00:00Z","40.261627"
"2026-08-28T18:08:08Z","2026-09-01T08:00:00Z","2026-09-01T09:00:00Z","39.963175"
"2026-08-28T18:08:08Z","2026-09-01T09:00:00Z","2026-09-01T10:00:00Z","38.531605"
"2026-08-28T18:08:08Z","2026-09-01T10:00:00Z","2026-09-01T11:00:00Z","34.694212"
"2026-08-28T18:08:08Z","2026-09-01T11:00:00Z","2026-09-01T12:00:00Z","29.33112"
"2026-08-28T18:08:08Z","2026-09-01T12:00:00Z","2026-09-01T13:00:00Z","25.112332"
"2026-08-28T18:08:08Z","2026-09-01T13:00:00Z","2026-09-01T14:00:00Z","22.92297"
"2026-08-28T18:08:08Z","2026-09-01T14:00:00Z","2026-09-01T15:00:00Z","23.05506"
"2026-08-28T18:08:08Z","2026-09-01T15:00:00Z","2026-09-01T16:00:00Z","28.62902"
"2026-08-28T18:08:08Z","2026-09-01T16:00:00Z","2026-09-01T17:00:00Z","32.947292"
"2026-08-28T18:08:08Z","2026-09-01T17:00:00Z","2026-09-01T18:00:00Z","37.471077"
"2026-08-28T18:08:08Z","2026-09-01T18:00:00Z","2026-09-01T19:00:00Z","40.44453"
"2026-08-28T18:08:08Z","2026-09-01T19:00:00Z","2026-09-01T20:00:00Z","43.297912"
"2026-08-28T18:08:08Z","2026-09-01T20:00:00Z","2026-09-01T21:00:00Z","46.28267"
"2026-08-28T18:08:08Z","2026-09-01T21:00:00Z","2026-09-01T22:00:00Z","44.719962"
"2026-08-29T12:11:39Z","2026-09-01T00:00:00Z","2026-09-01T01:00:00Z","38.171035"
"2026-08-29T12:11:39Z","2026-09-01T01:00:00Z","2026-09-01T02:00:00Z","36.94236"
"2026-08-29T12:11:39Z","2026-09-01T02:00:00Z","2026-09-01T03:00:00Z","35.2359"
"2026-08-29T12:11:39Z","2026-09-01T03:00:00Z","2026-09-01T04:00:00Z","35.76783"
"2026-08-29T12:11:39Z","2026-09-01T04:00:00Z","2026-09-01T05:00:00Z","36.39258"
"2026-08-29T12:11:39Z","2026-09-01T05:00:00Z","2026-09-01T06:00:00Z","37.230935"
"2026-08-29T12:11:39Z","2026-09-01T06:00:00Z","2026-09-01T07:00:00Z","39.150405"
"2026-08-29T12:11:39Z","2026-09-01T07:00:00Z","2026-09-01T08:00:00Z","40.19344"
"2026-08-29T12:11:39Z","2026-09-01T08:00:00Z","2026-09-01T09:00:00Z","40.209862"
"2026-08-29T12:11:39Z","2026-09-01T09:00:00Z","2026-09-01T10:00:00Z","37.74799"
"2026-08-29T12:11:39Z","2026-09-01T10:00:00Z","2026-09-01T11:00:00Z","34.265217"
"2026-08-29T12:11:39Z","2026-09-01T11:00:00Z","2026-09-01T12:00:00Z","29.2026"
"2026-08-29T12:11:39Z","2026-09-01T12:00:00Z","2026-09-01T13:00:00Z","22.684375"
"2026-08-29T12:11:39Z","2026-09-01T13:00:00Z","2026-09-01T14:00:00Z","20.74289"
"2026-08-29T12:11:39Z","2026-09-01T14:00:00Z","2026-09-01T15:00:00Z","21.353717"
"2026-08-29T12:11:39Z","2026-09-01T15:00:00Z","2026-09-01T16:00:00Z","24.486392"
"2026-08-29T12:11:39Z","2026-09-01T16:00:00Z","2026-09-01T17:00:00Z","30.889425"
"2026-08-29T12:11:39Z","2026-09-01T17:00:00Z","2026-09-01T18:00:00Z","36.647835"
"2026-08-29T12:11:39Z","2026-09-01T18:00:00Z","2026-09-01T19:00:00Z","39.6984"
"2026-08-29T12:11:39Z","2026-09-01T19:00:00Z","2026-09-01T20:00:00Z","41.891332"
"2026-08-29T12:11:39Z","2026-09-01T20:00:00Z","2026-09-01T21:00:00Z","44.480415"
"2026-08-29T12:11:39Z","2026-09-01T21:00:00Z","2026-09-01T22:00:00Z","43.472842"
"2026-08-29T12:11:39Z","2026-09-01T22:00:00Z","2026-09-01T23:00:00Z","42.244167"
"2026-08-29T12:11:39Z","2026-09-01T23:00:00Z","2026-09-02T00:00:00Z","40.924695"
"2026-08-29T12:11:39Z","2026-09-02T00:00:00Z","2026-09-02T01:00:00Z","40.214265"
"2026-08-29T12:11:39Z","2026-09-02T01:00:00Z","2026-09-02T02:00:00Z","39.802287"
"2026-08-29T12:11:39Z","2026-09-02T02:00:00Z","2026-09-02T03:00:00Z","38.98202"
"2026-08-29T12:11:39Z","2026-09-02T03:00:00Z","2026-09-02T04:00:00Z","38.617642"
"2026-08-29T12:11:39Z","2026-09-02T04:00:00Z","2026-09-02T05:00:00Z","38.736047"
"2026-08-29T12:11:39Z","2026-09-02T05:00:00Z","2026-09-02T06:00:00Z","39.522875"
"2026-08-29T12:11:39Z","2026-09-02T06:00:00Z","2026-09-02T07:00:00Z","40.30649"
"2026-08-29T12:11:39Z","2026-09-02T07:00:00Z","2026-09-02T08:00:00Z","40.708472"
"2026-08-29T12:11:39Z","2026-09-02T08:00:00Z","2026-09-02T09:00:00Z","40.535327"
"2026-08-29T12:11:39Z","2026-09-02T09:00:00Z","2026-09-02T10:00:00Z","39.68888"
"2026-08-29T12:11:39Z","2026-09-02T10:00:00Z","2026-09-02T11:00:00Z","37.377067"
"2026-08-29T12:11:39Z","2026-09-02T11:00:00Z","2026-09-02T12:00:00Z","34.04233"
"2026-08-29T12:11:39Z","2026-09-02T12:00:00Z","2026-09-02T13:00:00Z","31.533215"
"2026-08-29T12:11:39Z","2026-09-02T13:00:00Z","2026-09-02T14:00:00Z","28.636755"
"2026-08-29T12:11:39Z","2026-09-02T14:00:00Z","2026-09-02T15:00:00Z","26.696222"
"2026-08-29T12:11:39Z","2026-09-02T15:00:00Z","2026-09-02T16:00:00Z","29.380267"
"2026-08-29T12:11:39Z","2026-09-02T16:00:00Z","2026-09-02T17:00:00Z","32.812227"
"2026-08-29T12:11:39Z","2026-09-02T17:00:00Z","2026-09-02T18:00:00Z","36.912015"
"2026-08-29T12:11:39Z","2026-09-02T18:00:00Z","2026-09-02T19:00:00Z","39.540725"
"2026-08-29T12:11:39Z","2026-09-02T19:00:00Z","2026-09-02T20:00:00Z","41.705335"
"2026-08-29T12:11:39Z","2026-09-02T20:00:00Z","2026-09-02T21:00:00Z","43.823297"
"2026-08-29T12:11:39Z","2026-09-02T21:00:00Z","2026-09-02T22:00:00Z","42.42826"
"2026-08-29T20:19:55Z","2026-09-01T00:00:00Z","2026-09-01T01:00:00Z","38.182697"
"2026-08-29T20:19:55Z","2026-09-01T01:00:00Z","2026-09-01T02:00:00Z","37.647435"
"2026-08-29T20:19:55Z","2026-09-01T02:00:00Z","2026-09-01T03:00:00Z","36.39734"
"2026-08-29T20:19:55Z","2026-09-01T03:00:00Z","2026-09-01T04:00:00Z","36.269177"
"2026-08-29T20:19:55Z","2026-09-01T04:00:00Z","2026-09-01T05:00:00Z","36.71031"
"2026-08-29T20:19:55Z","2026-09-01T05:00:00Z","2026-09-01T06:00:00Z","37.531172"
"2026-08-29T20:19:55Z","2026-09-01T06:00:00Z","2026-09-01T07:00:00Z","39.31046"
"2026-08-29T20:19:55Z","2026-09-01T07:00:00Z","2026-09-01T08:00:00Z","40.538897"
"2026-08-29T20:19:55Z","2026-09-01T08:00:00Z","2026-09-01T09:00:00Z","40.268767"
"2026-08-29T20:19:55Z","2026-09-01T09:00:00Z","2026-09-01T10:00:00Z","37.823555"
"2026-08-29T20:19:55Z","2026-09-01T10:00:00Z","2026-09-01T11:00:00Z","33.988542"
"2026-08-29T20:19:55Z","2026-09-01T11:00:00Z","2026-09-01T12:00:00Z","29.619695"
"2026-08-29T20:19:55Z","2026-09-01T12:00:00Z","2026-09-01T13:00:00Z","22.691515"
"2026-08-29T20:19:55Z","2026-09-01T13:00:00Z","2026-09-01T14:00:00Z","20.702787"
"2026-08-29T20:19:55Z","2026-09-01T14:00:00Z","2026-09-01T15:00:00Z","21.008022"
"2026-08-29T20:19:55Z","2026-09-01T15:00:00Z","2026-09-01T16:00:00Z","25.145057"
"2026-08-29T20:19:55Z","2026-09-01T16:00:00Z","2026-09-01T17:00:00Z","31.02925"
"2026-08-29T20:19:55Z","2026-09-01T17:00:00Z","2026-09-01T18:00:00Z","36.49492"
"2026-08-29T20:19:55Z","2026-09-01T18:00:00Z","2026-09-01T19:00:00Z","39.88999"
"2026-08-29T20:19:55Z","2026-09-01T19:00:00Z","2026-09-01T20:00:00Z","42.651385"
"2026-08-29T20:19:55Z","2026-09-01T20:00:00Z","2026-09-01T21:00:00Z","44.416512"
"2026-08-29T20:19:55Z","2026-09-01T21:00:00Z","2026-09-01T22:00:00Z","42.930202"
"2026-08-29T20:19:55Z","2026-09-01T22:00:00Z","2026-09-01T23:00:00Z","41.778877"
"2026-08-29T20:19:55Z","2026-09-01T23:00:00Z","2026-09-02T00:00:00Z","40.84318"
"2026-08-29T20:19:55Z","2026-09-02T00:00:00Z","2026-09-02T01:00:00Z","39.713632"
"2026-08-29T20:19:55Z","2026-09-02T01:00:00Z","2026-09-02T02:00:00Z","39.215022"
"2026-08-29T20:19:55Z","2026-09-02T02:00:00Z","2026-09-02T03:00:00Z","38.883012"
"2026-08-29T20:19:55Z","2026-09-02T03:00:00Z","2026-09-02T04:00:00Z","38.489955"
"2026-08-29T20:19:55Z","2026-09-02T04:00:00Z","2026-09-02T05:00:00Z","38.85588"
"2026-08-29T20:19:55Z","2026-09-02T05:00:00Z","2026-09-02T06:00:00Z","39.35092"
"2026-08-29T20:19:55Z","2026-09-02T06:00:00Z","2026-09-02T07:00:00Z","40.015535"
"2026-08-29T20:19:55Z","2026-09-02T07:00:00Z","2026-09-02T08:00:00Z","40.458215"
"2026-08-29T20:19:55Z","2026-09-02T08:00:00Z","2026-09-02T09:00:00Z","40.449885"
"2026-08-29T20:19:55Z","2026-09-02T09:00:00Z","2026-09-02T10:00:00Z","39.706135"
"2026-08-29T20:19:55Z","2026-09-02T10:00:00Z","2026-09-02T11:00:00Z","37.723"
"2026-08-29T20:19:55Z","2026-09-02T11:00:00Z","2026-09-02T12:00:00Z","33.786242"
"2026-08-29T20:19:55Z","2026-09-02T12:00:00Z","2026-09-02T13:00:00Z","30.923102"
"2026-08-29T20:19:55Z","2026-09-02T13:00:00Z","2026-09-02T14:00:00Z","28.60998"
"2026-08-29T20:19:55Z","2026-09-02T14:00:00Z","2026-09-02T15:00:00Z","24.269217"
"2026-08-29T20:19:55Z","2026-09-02T15:00:00Z","2026-09-02T16:00:00Z","27.802922"
"2026-08-29T20:19:55Z","2026-09-02T16:00:00Z","2026-09-02T17:00:00Z","32.588745"
"2026-08-29T20:19:55Z","2026-09-02T17:00:00Z","2026-09-02T18:00:00Z","36.39734"
"2026-08-29T20:19:55Z","2026-09-02T18:00:00Z","2026-09-02T19:00:00Z","39.363415"
"2026-08-29T20:19:55Z","2026-09-02T19:00:00Z","2026-09-02T20:00:00Z","42.148967"
"2026-08-29T20:19:55Z","2026-09-02T20:00:00Z","2026-09-02T21:00:00Z","44.265025"
"2026-08-29T20:19:55Z","2026-09-02T21:00:00Z","2026-09-02T22:00:00Z","43.86935"
"2026-08-30T11:08:04Z","2026-09-01T00:00:00Z","2026-09-01T01:00:00Z","37.6397"
"2026-08-30T11:08:04Z","2026-09-01T01:00:00Z","2026-09-01T02:00:00Z","36.630937"
"2026-08-30T11:08:04Z","2026-09-01T02:00:00Z","2026-09-01T03:00:00Z","35.17283"
"2026-08-30T11:08:04Z","2026-09-01T03:00:00Z","2026-09-01T04:00:00Z","35.675367"
"2026-08-30T11:08:04Z","2026-09-01T04:00:00Z","2026-09-01T05:00:00Z","36.125782"
"2026-08-30T11:08:04Z","2026-09-01T05:00:00Z","2026-09-01T06:00:00Z","36.824312"
"2026-08-30T11:08:04Z","2026-09-01T06:00:00Z","2026-09-01T07:00:00Z","38.313597"
"2026-08-30T11:08:04Z","2026-09-01T07:00:00Z","2026-09-01T08:00:00Z","39.422677"
"2026-08-30T11:08:04Z","2026-09-01T08:00:00Z","2026-09-01T09:00:00Z","39.416965"
"2026-08-30T11:08:04Z","2026-09-01T09:00:00Z","2026-09-01T10:00:00Z","37.544262"
"2026-08-30T11:08:04Z","2026-09-01T10:00:00Z","2026-09-01T11:00:00Z","33.121627"
"2026-08-30T11:08:04Z","2026-09-01T11:00:00Z","2026-09-01T12:00:00Z","28.40173"
"2026-08-30T11:08:04Z","2026-09-01T12:00:00Z","2026-09-01T13:00:00Z","22.763272"
"2026-08-30T11:08:04Z","2026-09-01T13:00:00Z","2026-09-01T14:00:00Z","20.93091"
"2026-08-30T11:08:04Z","2026-09-01T14:00:00Z","2026-09-01T15:00:00Z","21.035987"
"2026-08-30T11:08:04Z","2026-09-01T15:00:00Z","2026-09-01T16:00:00Z","25.5136"
"2026-08-30T11:08:04Z","2026-09-01T16:00:00Z","2026-09-01T17:00:00Z","30.250395"
"2026-08-30T11:08:04Z","2026-09-01T17:00:00Z","2026-09-01T18:00:00Z","35.482825"
"2026-08-30T11:08:04Z","2026-09-01T18:00:00Z","2026-09-01T19:00:00Z","39.503002"
"2026-08-30T11:08:04Z","2026-09-01T19:00:00Z","2026-09-01T20:00:00Z","43.41001"
"2026-08-30T11:08:04Z","2026-09-01T20:00:00Z","2026-09-01T21:00:00Z","46.048002"
"2026-08-30T11:08:04Z","2026-09-01T21:00:00Z","2026-09-01T22:00:00Z","45.050425"
"2026-08-30T11:08:04Z","2026-09-01T22:00:00Z","2026-09-01T23:00:00Z","43.39097"
"2026-08-30T11:08:04Z","2026-09-01T23:00:00Z","2026-09-02T00:00:00Z","40.707282"
"2026-08-30T11:08:04Z","2026-09-02T00:00:00Z","2026-09-02T01:00:00Z","39.692807"
"2026-08-30T11:08:04Z","2026-09-02T01:00:00Z","2026-09-02T02:00:00Z","39.11768"
"2026-08-30T11:08:04Z","2026-09-02T02:00:00Z","2026-09-02T03:00:00Z","38.520657"
"2026-08-30T11:08:04Z","2026-09-02T03:00:00Z","2026-09-02T04:00:00Z","38.285275"
"2026-08-30T11:08:04Z","2026-09-02T04:00:00Z","2026-09-02T05:00:00Z","38.382617"
"2026-08-30T11:08:04Z","2026-09-02T05:00:00Z","2026-09-02T06:00:00Z","38.983805"
"2026-08-30T11:08:04Z","2026-09-02T06:00:00Z","2026-09-02T07:00:00Z","40.174162"
"2026-08-30T11:08:04Z","2026-09-02T07:00:00Z","2026-09-02T08:00:00Z","40.542705"
"2026-08-30T11:08:04Z","2026-09-02T08:00:00Z","2026-09-02T09:00:00Z","40.284475"
"2026-08-30T11:08:04Z","2026-09-02T09:00:00Z","2026-09-02T10:00:00Z","38.730097"
"2026-08-30T11:08:04Z","2026-09-02T10:00:00Z","2026-09-02T11:00:00Z","36.790635"
"2026-08-30T11:08:04Z","2026-09-02T11:00:00Z","2026-09-02T12:00:00Z","33.325117"
"2026-08-30T11:08:04Z","2026-09-02T12:00:00Z","2026-09-02T13:00:00Z","30.926315"
"2026-08-30T11:08:04Z","2026-09-02T13:00:00Z","2026-09-02T14:00:00Z","29.32993"
"2026-08-30T11:08:04Z","2026-09-02T14:00:00Z","2026-09-02T15:00:00Z","28.867377"
"2026-08-30T11:08:04Z","2026-09-02T15:00:00Z","2026-09-02T16:00:00Z","30.89478"
"2026-08-30T11:08:04Z","2026-09-02T16:00:00Z","2026-09-02T17:00:00Z","32.45844"
"2026-08-30T11:08:04Z","2026-09-02T17:00:00Z","2026-09-02T18:00:00Z","36.095437"
"2026-08-30T11:08:04Z","2026-09-02T18:00:00Z","2026-09-02T19:00:00Z","39.33069"
"2026-08-30T11:08:04Z","2026-09-02T19:00:00Z","2026-09-02T20:00:00Z","41.782447"
"2026-08-30T11:08:04Z","2026-09-02T20:00:00Z","2026-09-02T21:00:00Z","44.706872"
"2026-08-30T11:08:04Z","2026-09-02T21:00:00Z","2026-09-02T22:00:00Z","43.103942"
"2026-08-30T11:08:04Z","2026-09-02T22:00:00Z","2026-09-02T23:00:00Z","40.716207"
"2026-08-30T11:08:04Z","2026-09-02T23:00:00Z","2026-09-03T00:00:00Z","38.588487"
"2026-08-30T11:08:04Z","2026-09-03T00:00:00Z","2026-09-03T01:00:00Z","37.991107"
"2026-08-30T11:08:04Z","2026-09-03T01:00:00Z","2026-09-03T02:00:00Z","37.347317"
"2026-08-30T11:08:04Z","2026-09-03T02:00:00Z","2026-09-03T03:00:00Z","36.637482"
"2026-08-30T11:08:04Z","2026-09-03T03:00:00Z","2026-09-03T04:00:00Z","35.446292"
"2026-08-30T11:08:04Z","2026-09-03T04:00:00Z","2026-09-03T05:00:00Z","35.230902"
"2026-08-30T11:08:04Z","2026-09-03T05:00:00Z","2026-09-03T06:00:00Z","36.701742"
"2026-08-30T11:08:04Z","2026-09-03T06:00:00Z","2026-09-03T07:00:00Z","37.53498"
"2026-08-30T11:08:04Z","2026-09-03T07:00:00Z","2026-09-03T08:00:00Z","38.788407"
"2026-08-30T11:08:04Z","2026-09-03T08:00:00Z","2026-09-03T09:00:00Z","38.73807"
"2026-08-30T11:08:04Z","2026-09-03T09:00:00Z","2026-09-03T10:00:00Z","37.308285"
"2026-08-30T11:08:04Z","2026-09-03T10:00:00Z","2026-09-03T11:00:00Z","34.134912"
"2026-08-30T11:08:04Z","2026-09-03T11:00:00Z","2026-09-03T12:00:00Z","27.617877"
"2026-08-30T11:08:04Z","2026-09-03T12:00:00Z","2026-09-03T13:00:00Z","23.255932"
"2026-08-30T11:08:04Z","2026-09-03T13:00:00Z","2026-09-03T14:00:00Z","21.54614"
"2026-08-30T11:08:04Z","2026-09-03T14:00:00Z","2026-09-03T15:00:00Z","21.354312"
"2026-08-30T11:08:04Z","2026-09-03T15:00:00Z","2026-09-03T16:00:00Z","22.853355"
"2026-08-30T11:08:04Z","2026-09-03T16:00:00Z","2026-09-03T17:00:00Z","27.110937"
"2026-08-30T11:08:04Z","2026-09-03T17:00:00Z","2026-09-03T18:00:00Z","32.15856"
"2026-08-30T11:08:04Z","2026-09-03T18:00:00Z","2026-09-03T19:00:00Z","36.379252"
"2026-08-30T11:08:04Z","2026-09-03T19:00:00Z","2026-09-03T20:00:00Z","40.032552"
"2026-08-30T11:08:04Z","2026-09-03T20:00:00Z","2026-09-03T21:00:00Z","41.550992"
"2026-08-30T11:08:04Z","2026-09-03T21:00:00Z","2026-09-03T22:00:00Z","40.3291"
"2026-08-30T20:27:52Z","2026-09-01T00:00:00Z","2026-09-01T01:00:00Z","37.687062"
"2026-08-30T20:27:52Z","2026-09-01T01:00:00Z","2026-09-01T02:00:00Z","36.73649"
"2026-08-30T20:27:52Z","2026-09-01T02:00:00Z","2026-09-01T03:00:00Z","35.13356"
"2026-08-30T20:27:52Z","2026-09-01T03:00:00Z","2026-09-01T04:00:00Z","35.22281"
"2026-08-30T20:27:52Z","2026-09-01T04:00:00Z","2026-09-01T05:00:00Z","35.470925"
"2026-08-30T20:27:52Z","2026-09-01T05:00:00Z","2026-09-01T06:00:00Z","36.85192"
"2026-08-30T20:27:52Z","2026-09-01T06:00:00Z","2026-09-01T07:00:00Z","38.18948"
"2026-08-30T20:27:52Z","2026-09-01T07:00:00Z","2026-09-01T08:00:00Z","39.293205"
"2026-08-30T20:27:52Z","2026-09-01T08:00:00Z","2026-09-01T09:00:00Z","39.51633"
"2026-08-30T20:27:52Z","2026-09-01T09:00:00Z","2026-09-01T10:00:00Z","37.661477"
"2026-08-30T20:27:52Z","2026-09-01T10:00:00Z","2026-09-01T11:00:00Z","33.640705"
"2026-08-30T20:27:52Z","2026-09-01T11:00:00Z","2026-09-01T12:00:00Z","28.533225"
"2026-08-30T20:27:52Z","2026-09-01T12:00:00Z","2026-09-01T13:00:00Z","22.662955"
"2026-08-30T20:27:52Z","2026-09-01T13:00:00Z","2026-09-01T14:00:00Z","20.966372"
"2026-08-30T20:27:52Z","2026-09-01T14:00:00Z","2026-09-01T15:00:00Z","21.082635"
"2026-08-30T20:27:52Z","2026-09-01T15:00:00Z","2026-09-01T16:00:00Z","25.892377"
"2026-08-30T20:27:52Z","2026-09-01T16:00:00Z","2026-09-01T17:00:00Z","30.447935"
"2026-08-30T20:27:52Z","2026-09-01T17:00:00Z","2026-09-01T18:00:00Z","35.769972"
"2026-08-30T20:27:52Z","2026-09-01T18:00:00Z","2026-09-01T19:00:00Z","39.564525"
"2026-08-30T20:27:52Z","2026-09-01T19:00:00Z","2026-09-01T20:00:00Z","42.799897"
"2026-08-30T20:27:52Z","2026-09-01T20:00:00Z","2026-09-01T21:00:00Z","45.049592"
"2026-08-30T20:27:52Z","2026-09-01T21:00:00Z","2026-09-01T22:00:00Z","44.83087"
"2026-08-30T20:27:52Z","2026-09-01T22:00:00Z","2026-09-01T23:00:00Z","42.92092"
"2026-08-30T20:27:52Z","2026-09-01T23:00:00Z","2026-09-02T00:00:00Z","40.617675"
"2026-08-30T20:27:52Z","2026-09-02T00:00:00Z","2026-09-02T01:00:00Z","39.712442"
"2026-08-30T20:27:52Z","2026-09-02T01:00:00Z","2026-09-02T02:00:00Z","39.142075"
"2026-08-30T20:27:52Z","2026-09-02T02:00:00Z","2026-09-02T03:00:00Z","38.867542"
"2026-08-30T20:27:52Z","2026-09-02T03:00:00Z","2026-09-02T04:00:00Z","38.53815"
"2026-08-30T20:27:52Z","2026-09-02T04:00:00Z","2026-09-02T05:00:00Z","38.632755"
"2026-08-30T20:27:52Z","2026-09-02T05:00:00Z","2026-09-02T06:00:00Z","39.247985"
"2026-08-30T20:27:52Z","2026-09-02T06:00:00Z","2026-09-02T07:00:00Z","40.536755"
"2026-08-30T20:27:52Z","2026-09-02T07:00:00Z","2026-09-02T08:00:00Z","40.86579"
"2026-08-30T20:27:52Z","2026-09-02T08:00:00Z","2026-09-02T09:00:00Z","40.65278"
"2026-08-30T20:27:52Z","2026-09-02T09:00:00Z","2026-09-02T10:00:00Z","39.581185"
"2026-08-30T20:27:52Z","2026-09-02T10:00:00Z","2026-09-02T11:00:00Z","36.616895"
"2026-08-30T20:27:52Z","2026-09-02T11:00:00Z","2026-09-02T12:00:00Z","33.201357"
"2026-08-30T20:27:52Z","2026-09-02T12:00:00Z","2026-09-02T13:00:00Z","30.718065"
"2026-08-30T20:27:52Z","2026-09-02T13:00:00Z","2026-09-02T14:00:00Z","29.29066"
"2026-08-30T20:27:52Z","2026-09-02T14:00:00Z","2026-09-02T15:00:00Z","30.0713"
"2026-08-30T20:27:52Z","2026-09-02T15:00:00Z","2026-09-02T16:00:00Z","30.920365"
"2026-08-30T20:27:52Z","2026-09-02T16:00:00Z","2026-09-02T17:00:00Z","31.97649"
"2026-08-30T20:27:52Z","2026-09-02T17:00:00Z","2026-09-02T18:00:00Z","36.575007"
"2026-08-30T20:27:52Z","2026-09-02T18:00:00Z","2026-09-02T19:00:00Z","39.70792"
"2026-08-30T20:27:52Z","2026-09-02T19:00:00Z","2026-09-02T20:00:00Z","41.828262"
"2026-08-30T20:27:52Z","2026-09-02T20:00:00Z","2026-09-02T21:00:00Z","44.09545"
"2026-08-30T20:27:52Z","2026-09-02T21:00:00Z","2026-09-02T22:00:00Z","42.535717"
"2026-08-30T20:27:52Z","2026-09-02T22:00:00Z","2026-09-02T23:00:00Z","40.954802"
"2026-08-30T20:27:52Z","2026-09-02T23:00:00Z","2026-09-03T00:00:00Z","39.171825"
"2026-08-30T20:27:52Z","2026-09-03T00:00:00Z","2026-09-03T01:00:00Z","38.46318"
"2026-08-30T20:27:52Z","2026-09-03T01:00:00Z","2026-09-03T02:00:00Z","37.812845"
"2026-08-30T20:27:52Z","2026-09-03T02:00:00Z","2026-09-03T03:00:00Z","36.699362"
"2026-08-30T20:27:52Z","2026-09-03T03:00:00Z","2026-09-03T04:00:00Z","35.519715"
"2026-08-30T20:27:52Z","2026-09-03T04:00:00Z","2026-09-03T05:00:00Z","35.620627"
"2026-08-30T20:27:52Z","2026-09-03T05:00:00Z","2026-09-03T06:00:00Z","37.09349"
"2026-08-30T20:27:52Z","2026-09-03T06:00:00Z","2026-09-03T07:00:00Z","37.725737"
"2026-08-30T20:27:52Z","2026-09-03T07:00:00Z","2026-09-03T08:00:00Z","38.909192"
"2026-08-30T20:27:52Z","2026-09-03T08:00:00Z","2026-09-03T09:00:00Z","39.142075"
"2026-08-30T20:27:52Z","2026-09-03T09:00:00Z","2026-09-03T10:00:00Z","37.651957"
"2026-08-30T20:27:52Z","2026-09-03T10:00:00Z","2026-09-03T11:00:00Z","34.16847"
"2026-08-30T20:27:52Z","2026-09-03T11:00:00Z","2026-09-03T12:00:00Z","29.388835"
"2026-08-30T20:27:52Z","2026-09-03T12:00:00Z","2026-09-03T13:00:00Z","24.42713"
"2026-08-30T20:27:52Z","2026-09-03T13:00:00Z","2026-09-03T14:00:00Z","21.603617"
"2026-08-30T20:27:52Z","2026-09-03T14:00:00Z","2026-09-03T15:00:00Z","21.81984"
"2026-08-30T20:27:52Z","2026-09-03T15:00:00Z","2026-09-03T16:00:00Z","22.62904"
"2026-08-30T20:27:52Z","2026-09-03T16:00:00Z","2026-09-03T17:00:00Z","28.564522"
"2026-08-30T20:27:52Z","2026-09-03T17:00:00Z","2026-09-03T18:00:00Z","33.721387"
"2026-08-30T20:27:52Z","2026-09-03T18:00:00Z","2026-09-03T19:00:00Z","37.308642"
"2026-08-30T20:27:52Z","2026-09-03T19:00:00Z","2026-09-03T20:00:00Z","40.699547"
"2026-08-30T20:27:52Z","2026-09-03T20:00:00Z","2026-09-03T21:00:00Z","42.327705"
"2026-08-30T20:27:52Z","2026-09-03T21:00:00Z","2026-09-03T22:00:00Z","40.474042"
"2026-08-31T12:32:39Z","2026-09-01T22:00:00Z","2026-09-01T23:00:00Z","44.601795"
"2026-08-31T12:32:39Z","2026-09-01T23:00:00Z","2026-09-02T00:00:00Z","42.318542"
"2026-08-31T12:32:39Z","2026-09-02T00:00:00Z","2026-09-02T01:00:00Z","41.13473"
"2026-08-31T12:32:39Z","2026-09-02T01:00:00Z","2026-09-02T02:00:00Z","40.209267"
"2026-08-31T12:32:39Z","2026-09-02T02:00:00Z","2026-09-02T03:00:00Z","39.442312"
"2026-08-31T12:32:39Z","2026-09-02T03:00:00Z","2026-09-02T04:00:00Z","39.23073"
"2026-08-31T12:32:39Z","2026-09-02T04:00:00Z","2026-09-02T05:00:00Z","39.46516"
"2026-08-31T12:32:39Z","2026-09-02T05:00:00Z","2026-09-02T06:00:00Z","40.570075"
"2026-08-31T12:32:39Z","2026-09-02T06:00:00Z","2026-09-02T07:00:00Z","41.469477"
"2026-08-31T12:32:39Z","2026-09-02T07:00:00Z","2026-09-02T08:00:00Z","41.622035"
"2026-08-31T12:32:39Z","2026-09-02T08:00:00Z","2026-09-02T09:00:00Z","41.216245"
"2026-08-31T12:32:39Z","2026-09-02T09:00:00Z","2026-09-02T10:00:00Z","40.69562"
"2026-08-31T12:32:39Z","2026-09-02T10:00:00Z","2026-09-02T11:00:00Z","37.639462"
"2026-08-31T12:32:39Z","2026-09-02T11:00:00Z","2026-09-02T12:00:00Z","32.318377"
"2026-08-31T12:32:39Z","2026-09-02T12:00:00Z","2026-09-02T13:00:00Z","28.948297"
"2026-08-31T12:32:39Z","2026-09-02T13:00:00Z","2026-09-02T14:00:00Z","27.603597"
"2026-08-31T12:32:39Z","2026-09-02T14:00:00Z","2026-09-02T15:00:00Z","27.187692"
"2026-08-31T12:32:39Z","2026-09-02T15:00:00Z","2026-09-02T16:00:00Z","28.720412"
"2026-08-31T12:32:39Z","2026-09-02T16:00:00Z","2026-09-02T17:00:00Z","32.022662"
"2026-08-31T12:32:39Z","2026-09-02T17:00:00Z","2026-09-02T18:00:00Z","37.178575"
"2026-08-31T12:32:39Z","2026-09-02T18:00:00Z","2026-09-02T19:00:00Z","40.404665"
"2026-08-31T12:32:39Z","2026-09-02T19:00:00Z","2026-09-02T20:00:00Z","46.75391"
"2026-08-31T12:32:39Z","2026-09-02T20:00:00Z","2026-09-02T21:00:00Z","48.578537"
"2026-08-31T12:32:39Z","2026-09-02T21:00:00Z","2026-09-02T22:00:00Z","46.7313"
"2026-08-31T12:32:39Z","2026-09-02T22:00:00Z","2026-09-02T23:00:00Z","43.157135"
"2026-08-31T12:32:39Z","2026-09-02T23:00:00Z","2026-09-03T00:00:00Z","40.970867"
"2026-08-31T12:32:39Z","2026-09-03T00:00:00Z","2026-09-03T01:00:00Z","40.017677"
"2026-08-31T12:32:39Z","2026-09-03T01:00:00Z","2026-09-03T02:00:00Z","39.24739"
"2026-08-31T12:32:39Z","2026-09-03T02:00:00Z","2026-09-03T03:00:00Z","38.20614"
"2026-08-31T12:32:39Z","2026-09-03T03:00:00Z","2026-09-03T04:00:00Z","37.504635"
"2026-08-31T12:32:39Z","2026-09-03T04:00:00Z","2026-09-03T05:00:00Z","37.48976"
"2026-08-31T12:32:39Z","2026-09-03T05:00:00Z","2026-09-03T06:00:00Z","37.778692"
"2026-08-31T12:32:39Z","2026-09-03T06:00:00Z","2026-09-03T07:00:00Z","38.616095"
"2026-08-31T12:32:39Z","2026-09-03T07:00:00Z","2026-09-03T08:00:00Z","39.87452"
"2026-08-31T12:32:39Z","2026-09-03T08:00:00Z","2026-09-03T09:00:00Z","39.52466"
"2026-08-31T12:32:39Z","2026-09-03T09:00:00Z","2026-09-03T10:00:00Z","38.408202"
"2026-08-31T12:32:39Z","2026-09-03T10:00:00Z","2026-09-03T11:00:00Z","34.673387"
"2026-08-31T12:32:39Z","2026-09-03T11:00:00Z","2026-09-03T12:00:00Z","29.554602"
"2026-08-31T12:32:39Z","2026-09-03T12:00:00Z","2026-09-03T13:00:00Z","24.17128"
"2026-08-31T12:32:39Z","2026-09-03T13:00:00Z","2026-09-03T14:00:00Z","21.806155"
"2026-08-31T12:32:39Z","2026-09-03T14:00:00Z","2026-09-03T15:00:00Z","20.79049"
"2026-08-31T12:32:39Z","2026-09-03T15:00:00Z","2026-09-03T16:00:00Z","21.932652"
"2026-08-31T12:32:39Z","2026-09-03T16:00:00Z","2026-09-03T17:00:00Z","27.095705"
"2026-08-31T12:32:39Z","2026-09-03T17:00:00Z","2026-09-03T18:00:00Z","32.27042"
"2026-08-31T12:32:39Z","2026-09-03T18:00:00Z","2026-09-03T19:00:00Z","37.12086"
"2026-08-31T12:32:39Z","2026-09-03T19:00:00Z","2026-09-03T20:00:00Z","39.627595"
"2026-08-31T12:32:39Z","2026-09-03T20:00:00Z","2026-09-03T21:00:00Z","41.60716"
"2026-08-31T12:32:39Z","2026-09-03T21:00:00Z","2026-09-03T22:00:00Z","41.739845"
"2026-08-31T12:32:39Z","2026-09-03T22:00:00Z","2026-09-03T23:00:00Z","40.55163"
"2026-08-31T12:32:39Z","2026-09-03T23:00:00Z","2026-09-04T00:00:00Z","39.418155"
"2026-08-31T12:32:39Z","2026-09-04T00:00:00Z","2026-09-04T01:00:00Z","38.255882"
"2026-08-31T12:32:39Z","2026-09-04T01:00:00Z","2026-09-04T02:00:00Z","37.59448"
"2026-08-31T12:32:39Z","2026-09-04T02:00:00Z","2026-09-04T03:00:00Z","36.829072"
"2026-08-31T12:32:39Z","2026-09-04T03:00:00Z","2026-09-04T04:00:00Z","35.874097"
"2026-08-31T12:32:39Z","2026-09-04T04:00:00Z","2026-09-04T05:00:00Z","35.69524"
"2026-08-31T12:32:39Z","2026-09-04T05:00:00Z","2026-09-04T06:00:00Z","36.877267"
"2026-08-31T12:32:39Z","2026-09-04T06:00:00Z","2026-09-04T07:00:00Z","38.192812"
"2026-08-31T12:32:39Z","2026-09-04T07:00:00Z","2026-09-04T08:00:00Z","39.61272"
"2026-08-31T12:32:39Z","2026-09-04T08:00:00Z","2026-09-04T09:00:00Z","38.698562"
"2026-08-31T12:32:39Z","2026-09-04T09:00:00Z","2026-09-04T10:00:00Z","36.734467"
"2026-08-31T12:32:39Z","2026-09-04T10:00:00Z","2026-09-04T11:00:00Z","33.329877"
"2026-08-31T12:32:39Z","2026-09-04T11:00:00Z","2026-09-04T12:00:00Z","28.739452"
"2026-08-31T12:32:39Z","2026-09-04T12:00:00Z","2026-09-04T13:00:00Z","23.58223"
"2026-08-31T12:32:39Z","2026-09-04T13:00:00Z","2026-09-04T14:00:00Z","20.75598"
"2026-08-31T12:32:39Z","2026-09-04T14:00:00Z","2026-09-04T15:00:00Z","20.246303"
"2026-08-31T12:32:39Z","2026-09-04T15:00:00Z","2026-09-04T16:00:00Z","20.763715"
"2026-08-31T12:32:39Z","2026-09-04T16:00:00Z","2026-09-04T17:00:00Z","23.069102"
"2026-08-31T12:32:39Z","2026-09-04T17:00:00Z","2026-09-04T18:00:00Z","29.537347"
"2026-08-31T12:32:39Z","2026-09-04T18:00:00Z","2026-09-04T19:00:00Z","35.649425"
"2026-08-31T12:32:39Z","2026-09-04T19:00:00Z","2026-09-04T20:00:00Z","38.542077"
"2026-08-31T12:32:39Z","2026-09-04T20:00:00Z","2026-09-04T21:00:00Z","39.591895"
"2026-08-31T12:32:39Z","2026-09-04T21:00:00Z","2026-09-04T22:00:00Z","39.06532"
"2026-08-31T22:21:15Z","2026-09-01T22:00:00Z","2026-09-01T23:00:00Z","44.601795"
"2026-08-31T22:21:15Z","2026-09-01T23:00:00Z","2026-09-02T00:00:00Z","42.318542"
"2026-08-31T22:21:15Z","2026-09-02T00:00:00Z","2026-09-02T01:00:00Z","41.304305"
"2026-08-31T22:21:15Z","2026-09-02T01:00:00Z","2026-09-02T02:00:00Z","40.481777"
"2026-08-31T22:21:15Z","2026-09-02T02:00:00Z","2026-09-02T03:00:00Z","39.69007"
"2026-08-31T22:21:15Z","2026-09-02T03:00:00Z","2026-09-02T04:00:00Z","39.17242"
"2026-08-31T22:21:15Z","2026-09-02T04:00:00Z","2026-09-02T05:00:00Z","39.615457"
"2026-08-31T22:21:15Z","2026-09-02T05:00:00Z","2026-09-02T06:00:00Z","40.564482"
"2026-08-31T22:21:15Z","2026-09-02T06:00:00Z","2026-09-02T07:00:00Z","42.20692"
"2026-08-31T22:21:15Z","2026-09-02T07:00:00Z","2026-09-02T08:00:00Z","43.23032"
"2026-08-31T22:21:15Z","2026-09-02T08:00:00Z","2026-09-02T09:00:00Z","42.638057"
"2026-08-31T22:21:15Z","2026-09-02T09:00:00Z","2026-09-02T10:00:00Z","41.13949"
"2026-08-31T22:21:15Z","2026-09-02T10:00:00Z","2026-09-02T11:00:00Z","38.70951"
"2026-08-31T22:21:15Z","2026-09-02T11:00:00Z","2026-09-02T12:00:00Z","35.825545"
"2026-08-31T22:21:15Z","2026-09-02T12:00:00Z","2026-09-02T13:00:00Z","33.023095"
"2026-08-31T22:21:15Z","2026-09-02T13:00:00Z","2026-09-02T14:00:00Z","31.564512"
"2026-08-31T22:21:15Z","2026-09-02T14:00:00Z","2026-09-02T15:00:00Z","30.962372"
"2026-08-31T22:21:15Z","2026-09-02T15:00:00Z","2026-09-02T16:00:00Z","31.890572"
"2026-08-31T22:21:15Z","2026-09-02T16:00:00Z","2026-09-02T17:00:00Z","34.09469"
"2026-08-31T22:21:15Z","2026-09-02T17:00:00Z","2026-09-02T18:00:00Z","38.11927"
"2026-08-31T22:21:15Z","2026-09-02T18:00:00Z","2026-09-02T19:00:00Z","41.636672"
"2026-08-31T22:21:15Z","2026-09-02T19:00:00Z","2026-09-02T20:00:00Z","47.224317"
"2026-08-31T22:21:15Z","2026-09-02T20:00:00Z","2026-09-02T21:00:00Z","48.808802"
"2026-08-31T22:21:15Z","2026-09-02T21:00:00Z","2026-09-02T22:00:00Z","47.11924"
"2026-08-31T22:21:15Z","2026-09-02T22:00:00Z","2026-09-02T23:00:00Z","43.490097"
"2026-08-31T22:21:15Z","2026-09-02T23:00:00Z","2026-09-03T00:00:00Z","41.198395"
"2026-08-31T22:21:15Z","2026-09-03T00:00:00Z","2026-09-03T01:00:00Z","40.174757"
"2026-08-31T22:21:15Z","2026-09-03T01:00:00Z","2026-09-03T02:00:00Z","39.256077"
"2026-08-31T22:21:15Z","2026-09-03T02:00:00Z","2026-09-03T03:00:00Z","37.99194"
"2026-08-31T22:21:15Z","2026-09-03T03:00:00Z","2026-09-03T04:00:00Z","37.266635"
"2026-08-31T22:21:15Z","2026-09-03T04:00:00Z","2026-09-03T05:00:00Z","37.054815"
"2026-08-31T22:21:15Z","2026-09-03T05:00:00Z","2026-09-03T06:00:00Z","37.924705"
"2026-08-31T22:21:15Z","2026-09-03T06:00:00Z","2026-09-03T07:00:00Z","39.00582"
"2026-08-31T22:21:15Z","2026-09-03T07:00:00Z","2026-09-03T08:00:00Z","40.585545"
"2026-08-31T22:21:15Z","2026-09-03T08:00:00Z","2026-09-03T09:00:00Z","40.124777"
"2026-08-31T22:21:15Z","2026-09-03T09:00:00Z","2026-09-03T10:00:00Z","37.573655"
"2026-08-31T22:21:15Z","2026-09-03T10:00:00Z","2026-09-03T11:00:00Z","33.762085"
"2026-08-31T22:21:15Z","2026-09-03T11:00:00Z","2026-09-03T12:00:00Z","28.224777"
"2026-08-31T22:21:15Z","2026-09-03T12:00:00Z","2026-09-03T13:00:00Z","24.593135"
"2026-08-31T22:21:15Z","2026-09-03T13:00:00Z","2026-09-03T14:00:00Z","21.697865"
"2026-08-31T22:21:15Z","2026-09-03T14:00:00Z","2026-09-03T15:00:00Z","20.782517"
"2026-08-31T22:21:15Z","2026-09-03T15:00:00Z","2026-09-03T16:00:00Z","22.189335"
"2026-08-31T22:21:15Z","2026-09-03T16:00:00Z","2026-09-03T17:00:00Z","25.925102"
"2026-08-31T22:21:15Z","2026-09-03T17:00:00Z","2026-09-03T18:00:00Z","32.198782"
"2026-08-31T22:21:15Z","2026-09-03T18:00:00Z","2026-09-03T19:00:00Z","37.65993"
"2026-08-31T22:21:15Z","2026-09-03T19:00:00Z","2026-09-03T20:00:00Z","40.140485"
"2026-08-31T22:21:15Z","2026-09-03T20:00:00Z","2026-09-03T21:00:00Z","41.347145"
"2026-08-31T22:21:15Z","2026-09-03T21:00:00Z","2026-09-03T22:00:00Z","41.37273"
"2026-08-31T22:21:15Z","2026-09-03T22:00:00Z","2026-09-03T23:00:00Z","40.335407"
"2026-08-31T22:21:15Z","2026-09-03T23:00:00Z","2026-09-04T00:00:00Z","39.50919"
"2026-08-31T22:21:15Z","2026-09-04T00:00:00Z","2026-09-04T01:00:00Z","38.445925"
"2026-08-31T22:21:15Z","2026-09-04T01:00:00Z","2026-09-04T02:00:00Z","37.723952"
"2026-08-31T22:21:15Z","2026-09-04T02:00:00Z","2026-09-04T03:00:00Z","36.828477"
"2026-08-31T22:21:15Z","2026-09-04T03:00:00Z","2026-09-04T04:00:00Z","36.054977"
"2026-08-31T22:21:15Z","2026-09-04T04:00:00Z","2026-09-04T05:00:00Z","35.78092"
"2026-08-31T22:21:15Z","2026-09-04T05:00:00Z","2026-09-04T06:00:00Z","36.994482"
"2026-08-31T22:21:15Z","2026-09-04T06:00:00Z","2026-09-04T07:00:00Z","38.764012"
"2026-08-31T22:21:15Z","2026-09-04T07:00:00Z","2026-09-04T08:00:00Z","40.017677"
"2026-08-31T22:21:15Z","2026-09-04T08:00:00Z","2026-09-04T09:00:00Z","39.81026"
"2026-08-31T22:21:15Z","2026-09-04T09:00:00Z","2026-09-04T10:00:00Z","37.491307"
"2026-08-31T22:21:15Z","2026-09-04T10:00:00Z","2026-09-04T11:00:00Z","33.401872"
"2026-08-31T22:21:15Z","2026-09-04T11:00:00Z","2026-09-04T12:00:00Z","27.947507"
"2026-08-31T22:21:15Z","2026-09-04T12:00:00Z","2026-09-04T13:00:00Z","23.06934"
"2026-08-31T22:21:15Z","2026-09-04T13:00:00Z","2026-09-04T14:00:00Z","20.88569"
"2026-08-31T22:21:15Z","2026-09-04T14:00:00Z","2026-09-04T15:00:00Z","20.252015"
"2026-08-31T22:21:15Z","2026-09-04T15:00:00Z","2026-09-04T16:00:00Z","20.682795"
"2026-08-31T22:21:15Z","2026-09-04T16:00:00Z","2026-09-04T17:00:00Z","24.48544"
"2026-08-31T22:21:15Z","2026-09-04T17:00:00Z","2026-09-04T18:00:00Z","29.722392"
"2026-08-31T22:21:15Z","2026-09-04T18:00:00Z","2026-09-04T19:00:00Z","35.57386"
"2026-08-31T22:21:15Z","2026-09-04T19:00:00Z","2026-09-04T20:00:00Z","38.9011"
"2026-08-31T22:21:15Z","2026-09-04T20:00:00Z","2026-09-04T21:00:00Z","40.0911"
"2026-08-31T22:21:15Z","2026-09-04T21:00:00Z","2026-09-04T22:00:00Z","39.907602"
"2026-08-31T22:21:15Z","2026-09-04T22:00:00Z","2026-09-04T23:00:00Z","38.77139"
"2026-08-31T22:21:15Z","2026-09-04T23:00:00Z","2026-09-05T00:00:00Z","37.243192"
"2026-08-31T22:21:15Z","2026-09-05T00:00:00Z","2026-09-05T01:00:00Z","35.10738"
"2026-08-31T22:21:15Z","2026-09-05T01:00:00Z","2026-09-05T02:00:00Z","33.889772"
"2026-08-31T22:21:15Z","2026-09-05T02:00:00Z","2026-09-05T03:00:00Z","32.399892"
"2026-08-31T22:21:15Z","2026-09-05T03:00:00Z","2026-09-05T04:00:00Z","31.564512"
"2026-08-31T22:21:15Z","2026-09-05T04:00:00Z","2026-09-05T05:00:00Z","31.958997"
"2026-08-31T22:21:15Z","2026-09-05T05:00:00Z","2026-09-05T06:00:00Z","31.992317"
"2026-08-31T22:21:15Z","2026-09-05T06:00:00Z","2026-09-05T07:00:00Z","32.528055"
"2026-08-31T22:21:15Z","2026-09-05T07:00:00Z","2026-09-05T08:00:00Z","33.041302"
"2026-08-31T22:21:15Z","2026-09-05T08:00:00Z","2026-09-05T09:00:00Z","31.084942"
"2026-08-31T22:21:15Z","2026-09-05T09:00:00Z","2026-09-05T10:00:00Z","25.719827"
"2026-08-31T22:21:15Z","2026-09-05T10:00:00Z","2026-09-05T11:00:00Z","21.434875"
"2026-08-31T22:21:15Z","2026-09-05T11:00:00Z","2026-09-05T12:00:00Z","20.386128"
"2026-08-31T22:21:15Z","2026-09-05T12:00:00Z","2026-09-05T13:00:00Z","20.292118"
"2026-08-31T22:21:15Z","2026-09-05T13:00:00Z","2026-09-05T14:00:00Z","19.857768"
"2026-08-31T22:21:15Z","2026-09-05T14:00:00Z","2026-09-05T15:00:00Z","19.064038"
"2026-08-31T22:21:15Z","2026-09-05T15:00:00Z","2026-09-05T16:00:00Z","19.896443"
"2026-08-31T22:21:15Z","2026-09-05T16:00:00Z","2026-09-05T17:00:00Z","20.297473"
"2026-08-31T22:21:15Z","2026-09-05T17:00:00Z","2026-09-05T18:00:00Z","23.093735"
"2026-08-31T22:21:15Z","2026-09-05T18:00:00Z","2026-09-05T19:00:00Z","31.31723"
"2026-08-31T22:21:15Z","2026-09-05T19:00:00Z","2026-09-05T20:00:00Z","37.308047"
"2026-08-31T22:21:15Z","2026-09-05T20:00:00Z","2026-09-05T21:00:00Z","39.820375"
"2026-08-31T22:21:15Z","2026-09-05T21:00:00Z","2026-09-05T22:00:00Z","40.05897"
"2026-09-01T11:00:02Z","2026-09-01T22:00:00Z","2026-09-01T23:00:00Z","44.601795"
"2026-09-01T11:00:02Z","2026-09-01T23:00:00Z","2026-09-02T00:00:00Z","42.318542"
"2026-09-01T11:00:02Z","2026-09-02T00:00:00Z","2026-09-02T01:00:00Z","41.518505"
"2026-09-01T11:00:02Z","2026-09-02T01:00:00Z","2026-09-02T02:00:00Z","41.044885"
"2026-09-01T11:00:02Z","2026-09-02T02:00:00Z","2026-09-02T03:00:00Z","40.162857"
"2026-09-01T11:00:02Z","2026-09-02T03:00:00Z","2026-09-02T04:00:00Z","39.656512"
"2026-09-01T11:00:02Z","2026-09-02T04:00:00Z","2026-09-02T05:00:00Z","39.782652"
"2026-09-01T11:00:02Z","2026-09-02T05:00:00Z","2026-09-02T06:00:00Z","41.092842"
"2026-09-01T11:00:02Z","2026-09-02T06:00:00Z","2026-09-02T07:00:00Z","43.435357"
"2026-09-01T11:00:02Z","2026-09-02T07:00:00Z","2026-09-02T08:00:00Z","45.116827"
"2026-09-01T11:00:02Z","2026-09-02T08:00:00Z","2026-09-02T09:00:00Z","44.229325"
"2026-09-01T11:00:02Z","2026-09-02T09:00:00Z","2026-09-02T10:00:00Z","41.732467"
"2026-09-01T11:00:02Z","2026-09-02T10:00:00Z","2026-09-02T11:00:00Z","39.654727"
"2026-09-01T11:00:02Z","2026-09-02T11:00:00Z","2026-09-02T12:00:00Z","36.84121"
"2026-09-01T11:00:02Z","2026-09-02T12:00:00Z","2026-09-02T13:00:00Z","33.899887"
"2026-09-01T11:00:02Z","2026-09-02T13:00:00Z","2026-09-02T14:00:00Z","32.432855"
"2026-09-01T11:00:02Z","2026-09-02T14:00:00Z","2026-09-02T15:00:00Z","30.942142"
"2026-09-01T11:00:02Z","2026-09-02T15:00:00Z","2026-09-02T16:00:00Z","32.332895"
"2026-09-01T11:00:02Z","2026-09-02T16:00:00Z","2026-09-02T17:00:00Z","35.18354"
"2026-09-01T11:00:02Z","2026-09-02T17:00:00Z","2026-09-02T18:00:00Z","39.095427"
"2026-09-01T11:00:02Z","2026-09-02T18:00:00Z","2026-09-02T19:00:00Z","43.010765"
"2026-09-01T11:00:02Z","2026-09-02T19:00:00Z","2026-09-02T20:00:00Z","47.10258"
"2026-09-01T11:00:02Z","2026-09-02T20:00:00Z","2026-09-02T21:00:00Z","49.470442"
"2026-09-01T11:00:02Z","2026-09-02T21:00:00Z","2026-09-02T22:00:00Z","47.231695"
"2026-09-01T11:00:02Z","2026-09-02T22:00:00Z","2026-09-02T23:00:00Z","44.658915"
"2026-09-01T11:00:02Z","2026-09-02T23:00:00Z","2026-09-03T00:00:00Z","42.858445"
"2026-09-01T11:00:02Z","2026-09-03T00:00:00Z","2026-09-03T01:00:00Z","41.053572"
"2026-09-01T11:00:02Z","2026-09-03T01:00:00Z","2026-09-03T02:00:00Z","39.805262"
"2026-09-01T11:00:02Z","2026-09-03T02:00:00Z","2026-09-03T03:00:00Z","38.545052"
"2026-09-01T11:00:02Z","2026-09-03T03:00:00Z","2026-09-03T04:00:00Z","37.63375"
"2026-09-01T11:00:02Z","2026-09-03T04:00:00Z","2026-09-03T05:00:00Z","37.559732"
"2026-09-01T11:00:02Z","2026-09-03T05:00:00Z","2026-09-03T06:00:00Z","38.182935"
"2026-09-01T11:00:02Z","2026-09-03T06:00:00Z","2026-09-03T07:00:00Z","39.66627"
"2026-09-01T11:00:02Z","2026-09-03T07:00:00Z","2026-09-03T08:00:00Z","41.193635"
"2026-09-01T11:00:02Z","2026-09-03T08:00:00Z","2026-09-03T09:00:00Z","41.271342"
"2026-09-01T11:00:02Z","2026-09-03T09:00:00Z","2026-09-03T10:00:00Z","38.774365"
"2026-09-01T11:00:02Z","2026-09-03T10:00:00Z","2026-09-03T11:00:00Z","35.155575"
"2026-09-01T11:00:02Z","2026-09-03T11:00:00Z","2026-09-03T12:00:00Z","31.461815"
"2026-09-01T11:00:02Z","2026-09-03T12:00:00Z","2026-09-03T13:00:00Z","25.0495"
"2026-09-01T11:00:02Z","2026-09-03T13:00:00Z","2026-09-03T14:00:00Z","22.191715"
"2026-09-01T11:00:02Z","2026-09-03T14:00:00Z","2026-09-03T15:00:00Z","21.822815"
"2026-09-01T11:00:02Z","2026-09-03T15:00:00Z","2026-09-03T16:00:00Z","22.282512"
"2026-09-01T11:00:02Z","2026-09-03T16:00:00Z","2026-09-03T17:00:00Z","26.716452"
"2026-09-01T11:00:02Z","2026-09-03T17:00:00Z","2026-09-03T18:00:00Z","32.342415"
"2026-09-01T11:00:02Z","2026-09-03T18:00:00Z","2026-09-03T19:00:00Z","37.4374"
"2026-09-01T11:00:02Z","2026-09-03T19:00:00Z","2026-09-03T20:00:00Z","39.970315"
"2026-09-01T11:00:02Z","2026-09-03T20:00:00Z","2026-09-03T21:00:00Z","41.39653"
"2026-09-01T11:00:02Z","2026-09-03T21:00:00Z","2026-09-03T22:00:00Z","41.62739"
"2026-09-01T11:00:02Z","2026-09-03T22:00:00Z","2026-09-03T23:00:00Z","40.153575"
"2026-09-01T11:00:02Z","2026-09-03T23:00:00Z","2026-09-04T00:00:00Z","38.774722"
"2026-09-01T11:00:02Z","2026-09-04T00:00:00Z","2026-09-04T01:00:00Z","38.259095"
"2026-09-01T11:00:02Z","2026-09-04T01:00:00Z","2026-09-04T02:00:00Z","38.04073"
"2026-09-01T11:00:02Z","2026-09-04T02:00:00Z","2026-09-04T03:00:00Z","37.077187"
"2026-09-01T11:00:02Z","2026-09-04T03:00:00Z","2026-09-04T04:00:00Z","36.544662"
"2026-09-01T11:00:02Z","2026-09-04T04:00:00Z","2026-09-04T05:00:00Z","36.853467"
"2026-09-01T11:00:02Z","2026-09-04T05:00:00Z","2026-09-04T06:00:00Z","37.728712"
"2026-09-01T11:00:02Z","2026-09-04T06:00:00Z","2026-09-04T07:00:00Z","38.736285"
"2026-09-01T11:00:02Z","2026-09-04T07:00:00Z","2026-09-04T08:00:00Z","39.95306"
"2026-09-01T11:00:02Z","2026-09-04T08:00:00Z","2026-09-04T09:00:00Z","40.232472"
"2026-09-01T11:00:02Z","2026-09-04T09:00:00Z","2026-09-04T10:00:00Z","38.12998"
"2026-09-01T11:00:02Z","2026-09-04T10:00:00Z","2026-09-04T11:00:00Z","32.67502"
"2026-09-01T11:00:02Z","2026-09-04T11:00:00Z","2026-09-04T12:00:00Z","25.30178"
"2026-09-01T11:00:02Z","2026-09-04T12:00:00Z","2026-09-04T13:00:00Z","21.369187"
"2026-09-01T11:00:02Z","2026-09-04T13:00:00Z","2026-09-04T14:00:00Z","20.368278"
"2026-09-01T11:00:02Z","2026-09-04T14:00:00Z","2026-09-04T15:00:00Z","20.451935"
"2026-09-01T11:00:02Z","2026-09-04T15:00:00Z","2026-09-04T16:00:00Z","20.742652"
"2026-09-01T11:00:02Z","2026-09-04T16:00:00Z","2026-09-04T17:00:00Z","21.284697"
"2026-09-01T11:00:02Z","2026-09-04T17:00:00Z","2026-09-04T18:00:00Z","28.021525"
"2026-09-01T11:00:02Z","2026-09-04T18:00:00Z","2026-09-04T19:00:00Z","33.937015"
"2026-09-01T11:00:02Z","2026-09-04T19:00:00Z","2026-09-04T20:00:00Z","38.230892"
"2026-09-01T11:00:02Z","2026-09-04T20:00:00Z","2026-09-04T21:00:00Z","40.184872"
"2026-09-01T11:00:02Z","2026-09-04T21:00:00Z","2026-09-04T22:00:00Z","39.506215"
"2026-09-01T11:00:02Z","2026-09-04T22:00:00Z","2026-09-04T23:00:00Z","38.635135"
"2026-09-01T11:00:02Z","2026-09-04T23:00:00Z","2026-09-05T00:00:00Z","36.858227"
"2026-09-01T11:00:02Z","2026-09-05T00:00:00Z","2026-09-05T01:00:00Z","35.660135"
"2026-09-01T11:00:02Z","2026-09-05T01:00:00Z","2026-09-05T02:00:00Z","34.289612"
"2026-09-01T11:00:02Z","2026-09-05T02:00:00Z","2026-09-05T03:00:00Z","33.473867"
"2026-09-01T11:00:02Z","2026-09-05T03:00:00Z","2026-09-05T04:00:00Z","32.762842"
"2026-09-01T11:00:02Z","2026-09-05T04:00:00Z","2026-09-05T05:00:00Z","32.70953"
"2026-09-01T11:00:02Z","2026-09-05T05:00:00Z","2026-09-05T06:00:00Z","33.353677"
"2026-09-01T11:00:02Z","2026-09-05T06:00:00Z","2026-09-05T07:00:00Z","33.408655"
"2026-09-01T11:00:02Z","2026-09-05T07:00:00Z","2026-09-05T08:00:00Z","33.177557"
"2026-09-01T11:00:02Z","2026-09-05T08:00:00Z","2026-09-05T09:00:00Z","30.37475"
"2026-09-01T11:00:02Z","2026-09-05T09:00:00Z","2026-09-05T10:00:00Z","26.545092"
"2026-09-01T11:00:02Z","2026-09-05T10:00:00Z","2026-09-05T11:00:00Z","21.712145"
"2026-09-01T11:00:02Z","2026-09-05T11:00:00Z","2026-09-05T12:00:00Z","20.29664"
"2026-09-01T11:00:02Z","2026-09-05T12:00:00Z","2026-09-05T13:00:00Z","20.124328"
"2026-09-01T11:00:02Z","2026-09-05T13:00:00Z","2026-09-05T14:00:00Z","19.715325"
"2026-09-01T11:00:02Z","2026-09-05T14:00:00Z","2026-09-05T15:00:00Z","19.90394"
"2026-09-01T11:00:02Z","2026-09-05T15:00:00Z","2026-09-05T16:00:00Z","20.20739"
"2026-09-01T11:00:02Z","2026-09-05T16:00:00Z","2026-09-05T17:00:00Z","20.324843"
"2026-09-01T11:00:02Z","2026-09-05T17:00:00Z","2026-09-05T18:00:00Z","22.96224"
"2026-09-01T11:00:02Z","2026-09-05T18:00:00Z","2026-09-05T19:00:00Z","31.230955"
"2026-09-01T11:00:02Z","2026-09-05T19:00:00Z","2026-09-05T20:00:00Z","37.628395"
"2026-09-01T11:00:02Z","2026-09-05T20:00:00Z","2026-09-05T21:00:00Z","40.79558"
"2026-09-01T11:00:02Z","2026-09-05T21:00:00Z","2026-09-05T22:00:00Z","41.06452"
"2026-09-01T20:27:30Z","2026-09-02T22:00:00Z","2026-09-02T23:00:00Z","43.922662"
"2026-09-01T20:27:30Z","2026-09-02T23:00:00Z","2026-09-03T00:00:00Z","41.104385"
"2026-09-01T20:27:30Z","2026-09-03T00:00:00Z","2026-09-03T01:00:00Z","39.926642"
"2026-09-01T20:27:30Z","2026-09-03T01:00:00Z","2026-09-03T02:00:00Z","39.936757"
"2026-09-01T20:27:30Z","2026-09-03T02:00:00Z","2026-09-03T03:00:00Z","39.24144"
"2026-09-01T20:27:30Z","2026-09-03T03:00:00Z","2026-09-03T04:00:00Z","38.01693"
"2026-09-01T20:27:30Z","2026-09-03T04:00:00Z","2026-09-03T05:00:00Z","37.750727"
"2026-09-01T20:27:30Z","2026-09-03T05:00:00Z","2026-09-03T06:00:00Z","38.531962"
"2026-09-01T20:27:30Z","2026-09-03T06:00:00Z","2026-09-03T07:00:00Z","39.919502"
"2026-09-01T20:27:30Z","2026-09-03T07:00:00Z","2026-09-03T08:00:00Z","41.12997"
"2026-09-01T20:27:30Z","2026-09-03T08:00:00Z","2026-09-03T09:00:00Z","41.31799"
"2026-09-01T20:27:30Z","2026-09-03T09:00:00Z","2026-09-03T10:00:00Z","39.87809"
"2026-09-01T20:27:30Z","2026-09-03T10:00:00Z","2026-09-03T11:00:00Z","36.640457"
"2026-09-01T20:27:30Z","2026-09-03T11:00:00Z","2026-09-03T12:00:00Z","31.37673"
"2026-09-01T20:27:30Z","2026-09-03T12:00:00Z","2026-09-03T13:00:00Z","25.07806"
"2026-09-01T20:27:30Z","2026-09-03T13:00:00Z","2026-09-03T14:00:00Z","21.789257"
"2026-09-01T20:27:30Z","2026-09-03T14:00:00Z","2026-09-03T15:00:00Z","21.22484"
"2026-09-01T20:27:30Z","2026-09-03T15:00:00Z","2026-09-03T16:00:00Z","22.144472"
"2026-09-01T20:27:30Z","2026-09-03T16:00:00Z","2026-09-03T17:00:00Z","27.18555"
"2026-09-01T20:27:30Z","2026-09-03T17:00:00Z","2026-09-03T18:00:00Z","32.774385"
"2026-09-01T20:27:30Z","2026-09-03T18:00:00Z","2026-09-03T19:00:00Z","37.935772"
"2026-09-01T20:27:30Z","2026-09-03T19:00:00Z","2026-09-03T20:00:00Z","40.250322"
"2026-09-01T20:27:30Z","2026-09-03T20:00:00Z","2026-09-03T21:00:00Z","41.555395"
"2026-09-01T20:27:30Z","2026-09-03T21:00:00Z","2026-09-03T22:00:00Z","41.274317"
"2026-09-01T20:27:30Z","2026-09-03T22:00:00Z","2026-09-03T23:00:00Z","40.205697"
"2026-09-01T20:27:30Z","2026-09-03T23:00:00Z","2026-09-04T00:00:00Z","38.831842"
"2026-09-01T20:27:30Z","2026-09-04T00:00:00Z","2026-09-04T01:00:00Z","38.518515"
"2026-09-01T20:27:30Z","2026-09-04T01:00:00Z","2026-09-04T02:00:00Z","38.153542"
"2026-09-01T20:27:30Z","2026-09-04T02:00:00Z","2026-09-04T03:00:00Z","37.934582"
"2026-09-01T20:27:30Z","2026-09-04T03:00:00Z","2026-09-04T04:00:00Z","37.517487"
"2026-09-01T20:27:30Z","2026-09-04T04:00:00Z","2026-09-04T05:00:00Z","37.293172"
"2026-09-01T20:27:30Z","2026-09-04T05:00:00Z","2026-09-04T06:00:00Z","37.933392"
"2026-09-01T20:27:30Z","2026-09-04T06:00:00Z","2026-09-04T07:00:00Z","38.891937"
"2026-09-01T20:27:30Z","2026-09-04T07:00:00Z","2026-09-04T08:00:00Z","39.884635"
"2026-09-01T20:27:30Z","2026-09-04T08:00:00Z","2026-09-04T09:00:00Z","40.234852"
"2026-09-01T20:27:30Z","2026-09-04T09:00:00Z","2026-09-04T10:00:00Z","38.516492"
"2026-09-01T20:27:30Z","2026-09-04T10:00:00Z","2026-09-04T11:00:00Z","33.394137"
"2026-09-01T20:27:30Z","2026-09-04T11:00:00Z","2026-09-04T12:00:00Z","26.803917"
"2026-09-01T20:27:30Z","2026-09-04T12:00:00Z","2026-09-04T13:00:00Z","21.838642"
"2026-09-01T20:27:30Z","2026-09-04T13:00:00Z","2026-09-04T14:00:00Z","20.550467"
"2026-09-01T20:27:30Z","2026-09-04T14:00:00Z","2026-09-04T15:00:00Z","20.490015"
"2026-09-01T20:27:30Z","2026-09-04T15:00:00Z","2026-09-04T16:00:00Z","20.625675"
"2026-09-01T20:27:30Z","2026-09-04T16:00:00Z","2026-09-04T17:00:00Z","21.158557"
"2026-09-01T20:27:30Z","2026-09-04T17:00:00Z","2026-09-04T18:00:00Z","28.691495"
"2026-09-01T20:27:30Z","2026-09-04T18:00:00Z","2026-09-04T19:00:00Z","34.604962"
"2026-09-01T20:27:30Z","2026-09-04T19:00:00Z","2026-09-04T20:00:00Z","38.2704"
"2026-09-01T20:27:30Z","2026-09-04T20:00:00Z","2026-09-04T21:00:00Z","40.10776"
"2026-09-01T20:27:30Z","2026-09-04T21:00:00Z","2026-09-04T22:00:00Z","39.164685"
"2026-09-01T20:27:30Z","2026-09-04T22:00:00Z","2026-09-04T23:00:00Z","38.1395"
"2026-09-01T20:27:30Z","2026-09-04T23:00:00Z","2026-09-05T00:00:00Z","37.07207"
"2026-09-01T20:27:30Z","2026-09-05T00:00:00Z","2026-09-05T01:00:00Z","35.987742"
"2026-09-01T20:27:30Z","2026-09-05T01:00:00Z","2026-09-05T02:00:00Z","34.567715"
"2026-09-01T20:27:30Z","2026-09-05T02:00:00Z","2026-09-05T03:00:00Z","33.221587"
"2026-09-01T20:27:30Z","2026-09-05T03:00:00Z","2026-09-05T04:00:00Z","32.516512"
"2026-09-01T20:27:30Z","2026-09-05T04:00:00Z","2026-09-05T05:00:00Z","31.75991"
"2026-09-01T20:27:30Z","2026-09-05T05:00:00Z","2026-09-05T06:00:00Z","32.899097"
"2026-09-01T20:27:30Z","2026-09-05T06:00:00Z","2026-09-05T07:00:00Z","33.785052"
"2026-09-01T20:27:30Z","2026-09-05T07:00:00Z","2026-09-05T08:00:00Z","34.088502"
"2026-09-01T20:27:30Z","2026-09-05T08:00:00Z","2026-09-05T09:00:00Z","32.0705"
"2026-09-01T20:27:30Z","2026-09-05T09:00:00Z","2026-09-05T10:00:00Z","28.24584"
"2026-09-01T20:27:30Z","2026-09-05T10:00:00Z","2026-09-05T11:00:00Z","22.243242"
"2026-09-01T20:27:30Z","2026-09-05T11:00:00Z","2026-09-05T12:00:00Z","20.328175"
"2026-09-01T20:27:30Z","2026-09-05T12:00:00Z","2026-09-05T13:00:00Z","19.985455"
"2026-09-01T20:27:30Z","2026-09-05T13:00:00Z","2026-09-05T14:00:00Z","19.472803"
"2026-09-01T20:27:30Z","2026-09-05T14:00:00Z","2026-09-05T15:00:00Z","19.556103"
"2026-09-01T20:27:30Z","2026-09-05T15:00:00Z","2026-09-05T16:00:00Z","20.133015"
"2026-09-01T20:27:30Z","2026-09-05T16:00:00Z","2026-09-05T17:00:00Z","20.359948"
"2026-09-01T20:27:30Z","2026-09-05T17:00:00Z","2026-09-05T18:00:00Z","24.309677"
"2026-09-01T20:27:30Z","2026-09-05T18:00:00Z","2026-09-05T19:00:00Z","31.708145"
"2026-09-01T20:27:30Z","2026-09-05T19:00:00Z","2026-09-05T20:00:00Z","37.66112"
"2026-09-01T20:27:30Z","2026-09-05T20:00:00Z","2026-09-05T21:00:00Z","40.00423"
"2026-09-01T20:27:30Z","2026-09-05T21:00:00Z","2026-09-05T22:00:00Z","40.409187"
"2026-09-02T10:30:31Z","2026-09-02T22:00:00Z","2026-09-02T23:00:00Z","43.922662"
"2026-09-02T10:30:31Z","2026-09-02T23:00:00Z","2026-09-03T00:00:00Z","41.104385"
"2026-09-02T10:30:31Z","2026-09-03T00:00:00Z","2026-09-03T01:00:00Z","39.739217"
"2026-09-02T10:30:31Z","2026-09-03T01:00:00Z","2026-09-03T02:00:00Z","39.322717"
"2026-09-02T10:30:31Z","2026-09-03T02:00:00Z","2026-09-03T03:00:00Z","38.340015"
"2026-09-02T10:30:31Z","2026-09-03T03:00:00Z","2026-09-03T04:00:00Z","37.346722"
"2026-09-02T10:30:31Z","2026-09-03T04:00:00Z","2026-09-03T05:00:00Z","36.8305"
"2026-09-02T10:30:31Z","2026-09-03T05:00:00Z","2026-09-03T06:00:00Z","37.432402"
"2026-09-02T10:30:31Z","2026-09-03T06:00:00Z","2026-09-03T07:00:00Z","39.052825"
"2026-09-02T10:30:31Z","2026-09-03T07:00:00Z","2026-09-03T08:00:00Z","40.666822"
"2026-09-02T10:30:31Z","2026-09-03T08:00:00Z","2026-09-03T09:00:00Z","40.68967"
"2026-09-02T10:30:31Z","2026-09-03T09:00:00Z","2026-09-03T10:00:00Z","39.17718"
"2026-09-02T10:30:31Z","2026-09-03T10:00:00Z","2026-09-03T11:00:00Z","35.66787"
"2026-09-02T10:30:31Z","2026-09-03T11:00:00Z","2026-09-03T12:00:00Z","30.895375"
"2026-09-02T10:30:31Z","2026-09-03T12:00:00Z","2026-09-03T13:00:00Z","26.999315"
"2026-09-02T10:30:31Z","2026-09-03T13:00:00Z","2026-09-03T14:00:00Z","23.07648"
"2026-09-02T10:30:31Z","2026-09-03T14:00:00Z","2026-09-03T15:00:00Z","21.510202"
"2026-09-02T10:30:31Z","2026-09-03T15:00:00Z","2026-09-03T16:00:00Z","22.06141"
"2026-09-02T10:30:31Z","2026-09-03T16:00:00Z","2026-09-03T17:00:00Z","26.92256"
"2026-09-02T10:30:31Z","2026-09-03T17:00:00Z","2026-09-03T18:00:00Z","32.51675"
"2026-09-02T10:30:31Z","2026-09-03T18:00:00Z","2026-09-03T19:00:00Z","37.734067"
"2026-09-02T10:30:31Z","2026-09-03T19:00:00Z","2026-09-03T20:00:00Z","40.942307"
"2026-09-02T10:30:31Z","2026-09-03T20:00:00Z","2026-09-03T21:00:00Z","42.557732"
"2026-09-02T10:30:31Z","2026-09-03T21:00:00Z","2026-09-03T22:00:00Z","42.028777"
"2026-09-02T10:30:31Z","2026-09-03T22:00:00Z","2026-09-03T23:00:00Z","40.748932"
"2026-09-02T10:30:31Z","2026-09-03T23:00:00Z","2026-09-04T00:00:00Z","38.95346"
"2026-09-02T10:30:31Z","2026-09-04T00:00:00Z","2026-09-04T01:00:00Z","38.454017"
"2026-09-02T10:30:31Z","2026-09-04T01:00:00Z","2026-09-04T02:00:00Z","37.221177"
"2026-09-02T10:30:31Z","2026-09-04T02:00:00Z","2026-09-04T03:00:00Z","35.819"
"2026-09-02T10:30:31Z","2026-09-04T03:00:00Z","2026-09-04T04:00:00Z","34.860812"
"2026-09-02T10:30:31Z","2026-09-04T04:00:00Z","2026-09-04T05:00:00Z","34.602582"
"2026-09-02T10:30:31Z","2026-09-04T05:00:00Z","2026-09-04T06:00:00Z","35.512575"
"2026-09-02T10:30:31Z","2026-09-04T06:00:00Z","2026-09-04T07:00:00Z","37.1637"
"2026-09-02T10:30:31Z","2026-09-04T07:00:00Z","2026-09-04T08:00:00Z","38.404632"
"2026-09-02T10:30:31Z","2026-09-04T08:00:00Z","2026-09-04T09:00:00Z","39.242987"
"2026-09-02T10:30:31Z","2026-09-04T09:00:00Z","2026-09-04T10:00:00Z","37.923277"
"2026-09-02T10:30:31Z","2026-09-04T10:00:00Z","2026-09-04T11:00:00Z","33.364982"
"2026-09-02T10:30:31Z","2026-09-04T11:00:00Z","2026-09-04T12:00:00Z","27.40094"
"2026-09-02T10:30:31Z","2026-09-04T12:00:00Z","2026-09-04T13:00:00Z","23.012815"
"2026-09-02T10:30:31Z","2026-09-04T13:00:00Z","2026-09-04T14:00:00Z","21.213892"
"2026-09-02T10:30:31Z","2026-09-04T14:00:00Z","2026-09-04T15:00:00Z","20.701597"
"2026-09-02T10:30:31Z","2026-09-04T15:00:00Z","2026-09-04T16:00:00Z","20.787515"
"2026-09-02T10:30:31Z","2026-09-04T16:00:00Z","2026-09-04T17:00:00Z","22.290247"
"2026-09-02T10:30:31Z","2026-09-04T17:00:00Z","2026-09-04T18:00:00Z","28.583205"
"2026-09-02T10:30:31Z","2026-09-04T18:00:00Z","2026-09-04T19:00:00Z","34.08993"
"2026-09-02T10:30:31Z","2026-09-04T19:00:00Z","2026-09-04T20:00:00Z","37.522842"
"2026-09-02T10:30:31Z","2026-09-04T20:00:00Z","2026-09-04T21:00:00Z","39.400305"
"2026-09-02T10:30:31Z","2026-09-04T21:00:00Z","2026-09-04T22:00:00Z","38.423077"
"2026-09-02T10:30:31Z","2026-09-04T22:00:00Z","2026-09-04T23:00:00Z","37.441565"
"2026-09-02T10:30:31Z","2026-09-04T23:00:00Z","2026-09-05T00:00:00Z","36.26168"
"2026-09-02T10:30:31Z","2026-09-05T00:00:00Z","2026-09-05T01:00:00Z","34.694807"
"2026-09-02T10:30:31Z","2026-09-05T01:00:00Z","2026-09-05T02:00:00Z","33.11294"
"2026-09-02T10:30:31Z","2026-09-05T02:00:00Z","2026-09-05T03:00:00Z","31.03758"
"2026-09-02T10:30:31Z","2026-09-05T03:00:00Z","2026-09-05T04:00:00Z","30.309895"
"2026-09-02T10:30:31Z","2026-09-05T04:00:00Z","2026-09-05T05:00:00Z","30.67582"
"2026-09-02T10:30:31Z","2026-09-05T05:00:00Z","2026-09-05T06:00:00Z","31.510605"
"2026-09-02T10:30:31Z","2026-09-05T06:00:00Z","2026-09-05T07:00:00Z","31.70636"
"2026-09-02T10:30:31Z","2026-09-05T07:00:00Z","2026-09-05T08:00:00Z","32.24067"
"2026-09-02T10:30:31Z","2026-09-05T08:00:00Z","2026-09-05T09:00:00Z","30.00942"
"2026-09-02T10:30:31Z","2026-09-05T09:00:00Z","2026-09-05T10:00:00Z","25.715305"
"2026-09-02T10:30:31Z","2026-09-05T10:00:00Z","2026-09-05T11:00:00Z","21.46046"
"2026-09-02T10:30:31Z","2026-09-05T11:00:00Z","2026-09-05T12:00:00Z","20.156815"
"2026-09-02T10:30:31Z","2026-09-05T12:00:00Z","2026-09-05T13:00:00Z","19.6945"
"2026-09-02T10:30:31Z","2026-09-05T13:00:00Z","2026-09-05T14:00:00Z","19.71711"
"2026-09-02T10:30:31Z","2026-09-05T14:00:00Z","2026-09-05T15:00:00Z","19.621315"
"2026-09-02T10:30:31Z","2026-09-05T15:00:00Z","2026-09-05T16:00:00Z","19.946185"
"2026-09-02T10:30:31Z","2026-09-05T16:00:00Z","2026-09-05T17:00:00Z","20.35614"
"2026-09-02T10:30:31Z","2026-09-05T17:00:00Z","2026-09-05T18:00:00Z","21.35098"
"2026-09-02T10:30:31Z","2026-09-05T18:00:00Z","2026-09-05T19:00:00Z","28.978285"
"2026-09-02T10:30:31Z","2026-09-05T19:00:00Z","2026-09-05T20:00:00Z","36.898925"
"2026-09-02T10:30:31Z","2026-09-05T20:00:00Z","2026-09-05T21:00:00Z","39.40328"
"2026-09-02T10:30:31Z","2026-09-05T21:00:00Z","2026-09-05T22:00:00Z","38.70475"
"2026-09-02T10:30:31Z","2026-09-05T22:00:00Z","2026-09-05T23:00:00Z","37.91102"
"2026-09-02T10:30:31Z","2026-09-05T23:00:00Z","2026-09-06T00:00:00Z","37.254735"
"2026-09-02T10:30:31Z","2026-09-06T00:00:00Z","2026-09-06T01:00:00Z","36.71864"
"2026-09-02T10:30:31Z","2026-09-06T01:00:00Z","2026-09-06T02:00:00Z","36.346765"
"2026-09-02T10:30:31Z","2026-09-06T02:00:00Z","2026-09-06T03:00:00Z","36.298927"
"2026-09-02T10:30:31Z","2026-09-06T03:00:00Z","2026-09-06T04:00:00Z","35.743792"
"2026-09-02T10:30:31Z","2026-09-06T04:00:00Z","2026-09-06T05:00:00Z","35.206745"
"2026-09-02T10:30:31Z","2026-09-06T05:00:00Z","2026-09-06T06:00:00Z","36.773142"
"2026-09-02T10:30:31Z","2026-09-06T06:00:00Z","2026-09-06T07:00:00Z","37.332085"
"2026-09-02T10:30:31Z","2026-09-06T07:00:00Z","2026-09-06T08:00:00Z","35.83923"
"2026-09-02T10:30:31Z","2026-09-06T08:00:00Z","2026-09-06T09:00:00Z","34.82059"
"2026-09-02T10:30:31Z","2026-09-06T09:00:00Z","2026-09-06T10:00:00Z","32.281725"
"2026-09-02T10:30:31Z","2026-09-06T10:00:00Z","2026-09-06T11:00:00Z","26.411455"
"2026-09-02T10:30:31Z","2026-09-06T11:00:00Z","2026-09-06T12:00:00Z","22.77541"
"2026-09-02T10:30:31Z","2026-09-06T12:00:00Z","2026-09-06T13:00:00Z","21.494375"
"2026-09-02T10:30:31Z","2026-09-06T13:00:00Z","2026-09-06T14:00:00Z","20.75479"
"2026-09-02T10:30:31Z","2026-09-06T14:00:00Z","2026-09-06T15:00:00Z","20.706357"
"2026-09-02T10:30:31Z","2026-09-06T15:00:00Z","2026-09-06T16:00:00Z","21.257565"
"2026-09-02T10:30:31Z","2026-09-06T16:00:00Z","2026-09-06T17:00:00Z","26.847352"
"2026-09-02T10:30:31Z","2026-09-06T17:00:00Z","2026-09-06T18:00:00Z","33.59132"
"2026-09-02T10:30:31Z","2026-09-06T18:00:00Z","2026-09-06T19:00:00Z","40.11371"
"2026-09-02T10:30:31Z","2026-09-06T19:00:00Z","2026-09-06T20:00:00Z","44.248127"
"2026-09-02T10:30:31Z","2026-09-06T20:00:00Z","2026-09-06T21:00:00Z","45.468115"
"2026-09-02T10:30:31Z","2026-09-06T21:00:00Z","2026-09-06T22:00:00Z","44.454592"
"2026-09-02T20:26:51Z","2026-09-03T22:00:00Z","2026-09-03T23:00:00Z","41.289787"
"2026-09-02T20:26:51Z","2026-09-03T23:00:00Z","2026-09-04T00:00:00Z","40.341952"
"2026-09-02T20:26:51Z","2026-09-04T00:00:00Z","2026-09-04T01:00:00Z","38.417365"
"2026-09-02T20:26:51Z","2026-09-04T01:00:00Z","2026-09-04T02:00:00Z","37.064097"
"2026-09-02T20:26:51Z","2026-09-04T02:00:00Z","2026-09-04T03:00:00Z","35.504602"
"2026-09-02T20:26:51Z","2026-09-04T03:00:00Z","2026-09-04T04:00:00Z","34.843795"
"2026-09-02T20:26:51Z","2026-09-04T04:00:00Z","2026-09-04T05:00:00Z","34.6052"
"2026-09-02T20:26:51Z","2026-09-04T05:00:00Z","2026-09-04T06:00:00Z","35.51079"
"2026-09-02T20:26:51Z","2026-09-04T06:00:00Z","2026-09-04T07:00:00Z","36.46398"
"2026-09-02T20:26:51Z","2026-09-04T07:00:00Z","2026-09-04T08:00:00Z","38.34656"
"2026-09-02T20:26:51Z","2026-09-04T08:00:00Z","2026-09-04T09:00:00Z","39.222162"
"2026-09-02T20:26:51Z","2026-09-04T09:00:00Z","2026-09-04T10:00:00Z","37.817367"
"2026-09-02T20:26:51Z","2026-09-04T10:00:00Z","2026-09-04T11:00:00Z","33.402705"
"2026-09-02T20:26:51Z","2026-09-04T11:00:00Z","2026-09-04T12:00:00Z","27.289437"
"2026-09-02T20:26:51Z","2026-09-04T12:00:00Z","2026-09-04T13:00:00Z","21.810082"
"2026-09-02T20:26:51Z","2026-09-04T13:00:00Z","2026-09-04T14:00:00Z","20.462645"
"2026-09-02T20:26:51Z","2026-09-04T14:00:00Z","2026-09-04T15:00:00Z","20.36566"
"2026-09-02T20:26:51Z","2026-09-04T15:00:00Z","2026-09-04T16:00:00Z","20.401003"
"2026-09-02T20:26:51Z","2026-09-04T16:00:00Z","2026-09-04T17:00:00Z","21.008022"
"2026-09-02T20:26:51Z","2026-09-04T17:00:00Z","2026-09-04T18:00:00Z","27.628587"
"2026-09-02T20:26:51Z","2026-09-04T18:00:00Z","2026-09-04T19:00:00Z","33.592867"
"2026-09-02T20:26:51Z","2026-09-04T19:00:00Z","2026-09-04T20:00:00Z","37.08397"
"2026-09-02T20:26:51Z","2026-09-04T20:00:00Z","2026-09-04T21:00:00Z","38.7226"
"2026-09-02T20:26:51Z","2026-09-04T21:00:00Z","2026-09-04T22:00:00Z","37.864967"
"2026-09-02T20:26:51Z","2026-09-04T22:00:00Z","2026-09-04T23:00:00Z","37.165842"
"2026-09-02T20:26:51Z","2026-09-04T23:00:00Z","2026-09-05T00:00:00Z","35.721777"
"2026-09-02T20:26:51Z","2026-09-05T00:00:00Z","2026-09-05T01:00:00Z","34.413967"
"2026-09-02T20:26:51Z","2026-09-05T01:00:00Z","2026-09-05T02:00:00Z","32.70239"
"2026-09-02T20:26:51Z","2026-09-05T02:00:00Z","2026-09-05T03:00:00Z","31.032582"
"2026-09-02T20:26:51Z","2026-09-05T03:00:00Z","2026-09-05T04:00:00Z","30.972487"
"2026-09-02T20:26:51Z","2026-09-05T04:00:00Z","2026-09-05T05:00:00Z","31.123617"
"2026-09-02T20:26:51Z","2026-09-05T05:00:00Z","2026-09-05T06:00:00Z","31.638887"
"2026-09-02T20:26:51Z","2026-09-05T06:00:00Z","2026-09-05T07:00:00Z","32.132142"
"2026-09-02T20:26:51Z","2026-09-05T07:00:00Z","2026-09-05T08:00:00Z","32.688705"
"2026-09-02T20:26:51Z","2026-09-05T08:00:00Z","2026-09-05T09:00:00Z","29.742027"
"2026-09-02T20:26:51Z","2026-09-05T09:00:00Z","2026-09-05T10:00:00Z","24.384885"
"2026-09-02T20:26:51Z","2026-09-05T10:00:00Z","2026-09-05T11:00:00Z","21.124285"
"2026-09-02T20:26:51Z","2026-09-05T11:00:00Z","2026-09-05T12:00:00Z","20.42516"
"2026-09-02T20:26:51Z","2026-09-05T12:00:00Z","2026-09-05T13:00:00Z","20.31925"
"2026-09-02T20:26:51Z","2026-09-05T13:00:00Z","2026-09-05T14:00:00Z","20.078275"
"2026-09-02T20:26:51Z","2026-09-05T14:00:00Z","2026-09-05T15:00:00Z","20.218695"
"2026-09-02T20:26:51Z","2026-09-05T15:00:00Z","2026-09-05T16:00:00Z","20.301995"
"2026-09-02T20:26:51Z","2026-09-05T16:00:00Z","2026-09-05T17:00:00Z","20.476687"
"2026-09-02T20:26:51Z","2026-09-05T17:00:00Z","2026-09-05T18:00:00Z","21.52234"
"2026-09-02T20:26:51Z","2026-09-05T18:00:00Z","2026-09-05T19:00:00Z","28.932232"
"2026-09-02T20:26:51Z","2026-09-05T19:00:00Z","2026-09-05T20:00:00Z","35.36918"
"2026-09-02T20:26:51Z","2026-09-05T20:00:00Z","2026-09-05T21:00:00Z","37.489522"
"2026-09-02T20:26:51Z","2026-09-05T21:00:00Z","2026-09-05T22:00:00Z","37.961952"
"2026-09-02T20:26:51Z","2026-09-05T22:00:00Z","2026-09-05T23:00:00Z","37.87056"
"2026-09-02T20:26:51Z","2026-09-05T23:00:00Z","2026-09-06T00:00:00Z","37.497257"
"2026-09-02T20:26:51Z","2026-09-06T00:00:00Z","2026-09-06T01:00:00Z","36.583337"
"2026-09-02T20:26:51Z","2026-09-06T01:00:00Z","2026-09-06T02:00:00Z","35.969535"
"2026-09-02T20:26:51Z","2026-09-06T02:00:00Z","2026-09-06T03:00:00Z","35.79758"
"2026-09-02T20:26:51Z","2026-09-06T03:00:00Z","2026-09-06T04:00:00Z","35.938357"
"2026-09-02T20:26:51Z","2026-09-06T04:00:00Z","2026-09-06T05:00:00Z","36.295952"
"2026-09-02T20:26:51Z","2026-09-06T05:00:00Z","2026-09-06T06:00:00Z","37.352315"
"2026-09-02T20:26:51Z","2026-09-06T06:00:00Z","2026-09-06T07:00:00Z","37.67064"
"2026-09-02T20:26:51Z","2026-09-06T07:00:00Z","2026-09-06T08:00:00Z","36.179332"
"2026-09-02T20:26:51Z","2026-09-06T08:00:00Z","2026-09-06T09:00:00Z","34.819162"
"2026-09-02T20:26:51Z","2026-09-06T09:00:00Z","2026-09-06T10:00:00Z","32.249357"
"2026-09-02T20:26:51Z","2026-09-06T10:00:00Z","2026-09-06T11:00:00Z","25.79801"
"2026-09-02T20:26:51Z","2026-09-06T11:00:00Z","2026-09-06T12:00:00Z","22.464225"
"2026-09-02T20:26:51Z","2026-09-06T12:00:00Z","2026-09-06T13:00:00Z","21.405125"
"2026-09-02T20:26:51Z","2026-09-06T13:00:00Z","2026-09-06T14:00:00Z","20.752172"
"2026-09-02T20:26:51Z","2026-09-06T14:00:00Z","2026-09-06T15:00:00Z","20.743485"
"2026-09-02T20:26:51Z","2026-09-06T15:00:00Z","2026-09-06T16:00:00Z","20.905087"
"2026-09-02T20:26:51Z","2026-09-06T16:00:00Z","2026-09-06T17:00:00Z","27.155562"
"2026-09-02T20:26:51Z","2026-09-06T17:00:00Z","2026-09-06T18:00:00Z","34.568072"
"2026-09-02T20:26:51Z","2026-09-06T18:00:00Z","2026-09-06T19:00:00Z","40.737032"
"2026-09-02T20:26:51Z","2026-09-06T19:00:00Z","2026-09-06T20:00:00Z","44.907625"
"2026-09-02T20:26:51Z","2026-09-06T20:00:00Z","2026-09-06T21:00:00Z","45.29973"
"2026-09-02T20:26:51Z","2026-09-06T21:00:00Z","2026-09-06T22:00:00Z","43.8515"
"2026-09-03T10:35:55Z","2026-09-03T22:00:00Z","2026-09-03T23:00:00Z","41.289787"
"2026-09-03T10:35:55Z","2026-09-03T23:00:00Z","2026-09-04T00:00:00Z","40.341952"
"2026-09-03T10:35:55Z","2026-09-04T00:00:00Z","2026-09-04T01:00:00Z","38.417365"
"2026-09-03T10:35:55Z","2026-09-04T01:00:00Z","2026-09-04T02:00:00Z","37.064097"
"2026-09-03T10:35:55Z","2026-09-04T02:00:00Z","2026-09-04T03:00:00Z","35.504602"
"2026-09-03T10:35:55Z","2026-09-04T03:00:00Z","2026-09-04T04:00:00Z","34.843795"
"2026-09-03T10:35:55Z","2026-09-04T04:00:00Z","2026-09-04T05:00:00Z","34.6052"
"2026-09-03T10:35:55Z","2026-09-04T05:00:00Z","2026-09-04T06:00:00Z","35.51079"
"2026-09-03T10:35:55Z","2026-09-04T06:00:00Z","2026-09-04T07:00:00Z","36.46398"
"2026-09-03T10:35:55Z","2026-09-04T07:00:00Z","2026-09-04T08:00:00Z","38.34656"
"2026-09-03T10:35:55Z","2026-09-04T08:00:00Z","2026-09-04T09:00:00Z","39.222162"
"2026-09-03T10:35:55Z","2026-09-04T09:00:00Z","2026-09-04T10:00:00Z","37.817367"
"2026-09-03T10:35:55Z","2026-09-04T10:00:00Z","2026-09-04T11:00:00Z","33.402705"
"2026-09-03T10:35:55Z","2026-09-04T11:00:00Z","2026-09-04T12:00:00Z","27.289437"
"2026-09-03T10:35:55Z","2026-09-04T12:00:00Z","2026-09-04T13:00:00Z","21.810082"
"2026-09-03T10:35:55Z","2026-09-04T13:00:00Z","2026-09-04T14:00:00Z","20.462645"
"2026-09-03T10:35:55Z","2026-09-04T14:00:00Z","2026-09-04T15:00:00Z","20.36566"
"2026-09-03T10:35:55Z","2026-09-04T15:00:00Z","2026-09-04T16:00:00Z","20.401003"
"2026-09-03T10:35:55Z","2026-09-04T16:00:00Z","2026-09-04T17:00:00Z","21.008022"
"2026-09-03T10:35:55Z","2026-09-04T17:00:00Z","2026-09-04T18:00:00Z","27.628587"
"2026-09-03T10:35:55Z","2026-09-04T18:00:00Z","2026-09-04T19:00:00Z","33.592867"
"2026-09-03T10:35:55Z","2026-09-04T19:00:00Z","2026-09-04T20:00:00Z","37.08397"
"2026-09-03T10:35:55Z","2026-09-04T20:00:00Z","2026-09-04T21:00:00Z","38.7226"
"2026-09-03T10:35:55Z","2026-09-04T21:00:00Z","2026-09-04T22:00:00Z","37.864967"
"2026-09-03T10:35:55Z","2026-09-04T22:00:00Z","2026-09-04T23:00:00Z","37.165842"
"2026-09-03T10:35:55Z","2026-09-04T23:00:00Z","2026-09-05T00:00:00Z","35.721777"
"2026-09-03T10:35:55Z","2026-09-05T00:00:00Z","2026-09-05T01:00:00Z","34.413967"
"2026-09-03T10:35:55Z","2026-09-05T01:00:00Z","2026-09-05T02:00:00Z","32.70239"
"2026-09-03T10:35:55Z","2026-09-05T02:00:00Z","2026-09-05T03:00:00Z","31.032582"
"2026-09-03T10:35:55Z","2026-09-05T03:00:00Z","2026-09-05T04:00:00Z","30.972487"
"2026-09-03T10:35:55Z","2026-09-05T04:00:00Z","2026-09-05T05:00:00Z","31.123617"
"2026-09-03T10:35:55Z","2026-09-05T05:00:00Z","2026-09-05T06:00:00Z","31.638887"
"2026-09-03T10:35:55Z","2026-09-05T06:00:00Z","2026-09-05T07:00:00Z","32.132142"
"2026-09-03T10:35:55Z","2026-09-05T07:00:00Z","2026-09-05T08:00:00Z","32.688705"
"2026-09-03T10:35:55Z","2026-09-05T08:00:00Z","2026-09-05T09:00:00Z","29.742027"
"2026-09-03T10:35:55Z","2026-09-05T09:00:00Z","2026-09-05T10:00:00Z","24.384885"
"2026-09-03T10:35:55Z","2026-09-05T10:00:00Z","2026-09-05T11:00:00Z","21.124285"
"2026-09-03T10:35:55Z","2026-09-05T11:00:00Z","2026-09-05T12:00:00Z","20.42516"
"2026-09-03T10:35:55Z","2026-09-05T12:00:00Z","2026-09-05T13:00:00Z","20.31925"
"2026-09-03T10:35:55Z","2026-09-05T13:00:00Z","2026-09-05T14:00:00Z","20.078275"
"2026-09-03T10:35:55Z","2026-09-05T14:00:00Z","2026-09-05T15:00:00Z","20.218695"
"2026-09-03T10:35:55Z","2026-09-05T15:00:00Z","2026-09-05T16:00:00Z","20.301995"
"2026-09-03T10:35:55Z","2026-09-05T16:00:00Z","2026-09-05T17:00:00Z","20.476687"
"2026-09-03T10:35:55Z","2026-09-05T17:00:00Z","2026-09-05T18:00:00Z","21.52234"
"2026-09-03T10:35:55Z","2026-09-05T18:00:00Z","2026-09-05T19:00:00Z","28.932232"
"2026-09-03T10:35:55Z","2026-09-05T19:00:00Z","2026-09-05T20:00:00Z","35.36918"
"2026-09-03T10:35:55Z","2026-09-05T20:00:00Z","2026-09-05T21:00:00Z","37.489522"
"2026-09-03T10:35:55Z","2026-09-05T21:00:00Z","2026-09-05T22:00:00Z","37.961952"
"2026-09-03T10:35:55Z","2026-09-05T22:00:00Z","2026-09-05T23:00:00Z","37.87056"
"2026-09-03T10:35:55Z","2026-09-05T23:00:00Z","2026-09-06T00:00:00Z","37.497257"
"2026-09-03T10:35:55Z","2026-09-06T00:00:00Z","2026-09-06T01:00:00Z","36.583337"
"2026-09-03T10:35:55Z","2026-09-06T01:00:00Z","2026-09-06T02:00:00Z","35.969535"
"2026-09-03T10:35:55Z","2026-09-06T02:00:00Z","2026-09-06T03:00:00Z","35.79758"
"2026-09-03T10:35:55Z","2026-09-06T03:00:00Z","2026-09-06T04:00:00Z","35.938357"
"2026-09-03T10:35:55Z","2026-09-06T04:00:00Z","2026-09-06T05:00:00Z","36.295952"
"2026-09-03T10:35:55Z","2026-09-06T05:00:00Z","2026-09-06T06:00:00Z","37.352315"
"2026-09-03T10:35:55Z","2026-09-06T06:00:00Z","2026-09-06T07:00:00Z","37.67064"
"2026-09-03T10:35:55Z","2026-09-06T07:00:00Z","2026-09-06T08:00:00Z","36.179332"
"2026-09-03T10:35:55Z","2026-09-06T08:00:00Z","2026-09-06T09:00:00Z","34.819162"
"2026-09-03T10:35:55Z","2026-09-06T09:00:00Z","2026-09-06T10:00:00Z","32.249357"
"2026-09-03T10:35:55Z","2026-09-06T10:00:00Z","2026-09-06T11:00:00Z","25.79801"
"2026-09-03T10:35:55Z","2026-09-06T11:00:00Z","2026-09-06T12:00:00Z","22.464225"
"2026-09-03T10:35:55Z","2026-09-06T12:00:00Z","2026-09-06T13:00:00Z","21.405125"
"2026-09-03T10:35:55Z","2026-09-06T13:00:00Z","2026-09-06T14:00:00Z","20.752172"
"2026-09-03T10:35:55Z","2026-09-06T14:00:00Z","2026-09-06T15:00:00Z","20.743485"
"2026-09-03T10:35:55Z","2026-09-06T15:00:00Z","2026-09-06T16:00:00Z","20.905087"
"2026-09-03T10:35:55Z","2026-09-06T16:00:00Z","2026-09-06T17:00:00Z","27.155562"
"2026-09-03T10:35:55Z","2026-09-06T17:00:00Z","2026-09-06T18:00:00Z","34.568072"
"2026-09-03T10:35:55Z","2026-09-06T18:00:00Z","2026-09-06T19:00:00Z","40.737032"
"2026-09-03T10:35:55Z","2026-09-06T19:00:00Z","2026-09-06T20:00:00Z","44.907625"
"2026-09-03T10:35:55Z","2026-09-06T20:00:00Z","2026-09-06T21:00:00Z","45.29973"
"2026-09-03T10:35:55Z","2026-09-06T21:00:00Z","2026-09-06T22:00:00Z","43.8515"
"2026-09-03T10:35:55Z","2026-09-06T22:00:00Z","2026-09-06T23:00:00Z","42.253687"
"2026-09-03T10:35:55Z","2026-09-06T23:00:00Z","2026-09-07T00:00:00Z","40.829495"
"2026-09-03T10:35:55Z","2026-09-07T00:00:00Z","2026-09-07T01:00:00Z","41.123187"
"2026-09-03T10:35:55Z","2026-09-07T01:00:00Z","2026-09-07T02:00:00Z","40.690622"
"2026-09-03T10:35:55Z","2026-09-07T02:00:00Z","2026-09-07T03:00:00Z","39.159925"
"2026-09-03T10:35:55Z","2026-09-07T03:00:00Z","2026-09-07T04:00:00Z","38.0681"
"2026-09-03T10:35:55Z","2026-09-07T04:00:00Z","2026-09-07T05:00:00Z","37.455845"
"2026-09-03T10:35:55Z","2026-09-07T05:00:00Z","2026-09-07T06:00:00Z","39.413752"
"2026-09-03T10:35:55Z","2026-09-07T06:00:00Z","2026-09-07T07:00:00Z","41.139252"
"2026-09-03T10:35:55Z","2026-09-07T07:00:00Z","2026-09-07T08:00:00Z","42.148967"
"2026-09-03T10:35:55Z","2026-09-07T08:00:00Z","2026-09-07T09:00:00Z","42.470267"
"2026-09-03T10:35:55Z","2026-09-07T09:00:00Z","2026-09-07T10:00:00Z","40.877095"
"2026-09-03T10:35:55Z","2026-09-07T10:00:00Z","2026-09-07T11:00:00Z","37.292577"
"2026-09-03T10:35:55Z","2026-09-07T11:00:00Z","2026-09-07T12:00:00Z","33.458992"
"2026-09-03T10:35:55Z","2026-09-07T12:00:00Z","2026-09-07T13:00:00Z","29.696212"
"2026-09-03T10:35:55Z","2026-09-07T13:00:00Z","2026-09-07T14:00:00Z","26.4418"
"2026-09-03T10:35:55Z","2026-09-07T14:00:00Z","2026-09-07T15:00:00Z","26.50249"
"2026-09-03T10:35:55Z","2026-09-07T15:00:00Z","2026-09-07T16:00:00Z","30.389982"
"2026-09-03T10:35:55Z","2026-09-07T16:00:00Z","2026-09-07T17:00:00Z","34.157522"
"2026-09-03T10:35:55Z","2026-09-07T17:00:00Z","2026-09-07T18:00:00Z","38.506377"
"2026-09-03T10:35:55Z","2026-09-07T18:00:00Z","2026-09-07T19:00:00Z","42.450275"
"2026-09-03T10:35:55Z","2026-09-07T19:00:00Z","2026-09-07T20:00:00Z","45.55082"
"2026-09-03T10:35:55Z","2026-09-07T20:00:00Z","2026-09-07T21:00:00Z","45.60437"
"2026-09-03T10:35:55Z","2026-09-07T21:00:00Z","2026-09-07T22:00:00Z","44.12401"
"2026-09-03T20:25:36Z","2026-09-04T22:00:00Z","2026-09-04T23:00:00Z","34.53618"
"2026-09-03T20:25:36Z","2026-09-04T23:00:00Z","2026-09-05T00:00:00Z","31.991365"
"2026-09-03T20:25:36Z","2026-09-05T00:00:00Z","2026-09-05T01:00:00Z","32.590887"
"2026-09-03T20:25:36Z","2026-09-05T01:00:00Z","2026-09-05T02:00:00Z","32.576845"
"2026-09-03T20:25:36Z","2026-09-05T02:00:00Z","2026-09-05T03:00:00Z","30.87455"
"2026-09-03T20:25:36Z","2026-09-05T03:00:00Z","2026-09-05T04:00:00Z","28.695422"
"2026-09-03T20:25:36Z","2026-09-05T04:00:00Z","2026-09-05T05:00:00Z","28.972097"
"2026-09-03T20:25:36Z","2026-09-05T05:00:00Z","2026-09-05T06:00:00Z","29.300537"
"2026-09-03T20:25:36Z","2026-09-05T06:00:00Z","2026-09-05T07:00:00Z","30.292045"
"2026-09-03T20:25:36Z","2026-09-05T07:00:00Z","2026-09-05T08:00:00Z","30.37832"
"2026-09-03T20:25:36Z","2026-09-05T08:00:00Z","2026-09-05T09:00:00Z","29.910412"
"2026-09-03T20:25:36Z","2026-09-05T09:00:00Z","2026-09-05T10:00:00Z","23.69766"
"2026-09-03T20:25:36Z","2026-09-05T10:00:00Z","2026-09-05T11:00:00Z","20.722065"
"2026-09-03T20:25:36Z","2026-09-05T11:00:00Z","2026-09-05T12:00:00Z","20.043765"
"2026-09-03T20:25:36Z","2026-09-05T12:00:00Z","2026-09-05T13:00:00Z","19.645353"
"2026-09-03T20:25:36Z","2026-09-05T13:00:00Z","2026-09-05T14:00:00Z","19.069155"
"2026-09-03T20:25:36Z","2026-09-05T14:00:00Z","2026-09-05T15:00:00Z","19.351423"
"2026-09-03T20:25:36Z","2026-09-05T15:00:00Z","2026-09-05T16:00:00Z","19.701878"
"2026-09-03T20:25:36Z","2026-09-05T16:00:00Z","2026-09-05T17:00:00Z","20.034483"
"2026-09-03T20:25:36Z","2026-09-05T17:00:00Z","2026-09-05T18:00:00Z","21.599095"
"2026-09-03T20:25:36Z","2026-09-05T18:00:00Z","2026-09-05T19:00:00Z","28.366387"
"2026-09-03T20:25:36Z","2026-09-05T19:00:00Z","2026-09-05T20:00:00Z","35.63455"
"2026-09-03T20:25:36Z","2026-09-05T20:00:00Z","2026-09-05T21:00:00Z","37.09587"
"2026-09-03T20:25:36Z","2026-09-05T21:00:00Z","2026-09-05T22:00:00Z","36.883812"
"2026-09-03T20:25:36Z","2026-09-05T22:00:00Z","2026-09-05T23:00:00Z","36.957592"
"2026-09-03T20:25:36Z","2026-09-05T23:00:00Z","2026-09-06T00:00:00Z","36.194445"
"2026-09-03T20:25:36Z","2026-09-06T00:00:00Z","2026-09-06T01:00:00Z","34.758115"
"2026-09-03T20:25:36Z","2026-09-06T01:00:00Z","2026-09-06T02:00:00Z","33.574065"
"2026-09-03T20:25:36Z","2026-09-06T02:00:00Z","2026-09-06T03:00:00Z","32.753322"
"2026-09-03T20:25:36Z","2026-09-06T03:00:00Z","2026-09-06T04:00:00Z","33.38188"
"2026-09-03T20:25:36Z","2026-09-06T04:00:00Z","2026-09-06T05:00:00Z","34.597465"
"2026-09-03T20:25:36Z","2026-09-06T05:00:00Z","2026-09-06T06:00:00Z","34.729317"
"2026-09-03T20:25:36Z","2026-09-06T06:00:00Z","2026-09-06T07:00:00Z","35.088697"
"2026-09-03T20:25:36Z","2026-09-06T07:00:00Z","2026-09-06T08:00:00Z","34.5576"
"2026-09-03T20:25:36Z","2026-09-06T08:00:00Z","2026-09-06T09:00:00Z","34.677552"
"2026-09-03T20:25:36Z","2026-09-06T09:00:00Z","2026-09-06T10:00:00Z","32.362645"
"2026-09-03T20:25:36Z","2026-09-06T10:00:00Z","2026-09-06T11:00:00Z","24.11297"
"2026-09-03T20:25:36Z","2026-09-06T11:00:00Z","2026-09-06T12:00:00Z","21.414407"
"2026-09-03T20:25:36Z","2026-09-06T12:00:00Z","2026-09-06T13:00:00Z","20.736345"
"2026-09-03T20:25:36Z","2026-09-06T13:00:00Z","2026-09-06T14:00:00Z","20.215958"
"2026-09-03T20:25:36Z","2026-09-06T14:00:00Z","2026-09-06T15:00:00Z","20.246303"
"2026-09-03T20:25:36Z","2026-09-06T15:00:00Z","2026-09-06T16:00:00Z","20.782755"
"2026-09-03T20:25:36Z","2026-09-06T16:00:00Z","2026-09-06T17:00:00Z","27.689277"
"2026-09-03T20:25:36Z","2026-09-06T17:00:00Z","2026-09-06T18:00:00Z","34.841177"
"2026-09-03T20:25:36Z","2026-09-06T18:00:00Z","2026-09-06T19:00:00Z","39.959367"
"2026-09-03T20:25:36Z","2026-09-06T19:00:00Z","2026-09-06T20:00:00Z","44.663675"
"2026-09-03T20:25:36Z","2026-09-06T20:00:00Z","2026-09-06T21:00:00Z","44.77018"
"2026-09-03T20:25:36Z","2026-09-06T21:00:00Z","2026-09-06T22:00:00Z","43.682877"
"2026-09-03T20:25:36Z","2026-09-06T22:00:00Z","2026-09-06T23:00:00Z","42.944482"
"2026-09-03T20:25:36Z","2026-09-06T23:00:00Z","2026-09-07T00:00:00Z","42.539287"
"2026-09-03T20:25:36Z","2026-09-07T00:00:00Z","2026-09-07T01:00:00Z","41.599782"
"2026-09-03T20:25:36Z","2026-09-07T01:00:00Z","2026-09-07T02:00:00Z","40.347545"
"2026-09-03T20:25:36Z","2026-09-07T02:00:00Z","2026-09-07T03:00:00Z","39.032357"
"2026-09-03T20:25:36Z","2026-09-07T03:00:00Z","2026-09-07T04:00:00Z","37.980992"
"2026-09-03T20:25:36Z","2026-09-07T04:00:00Z","2026-09-07T05:00:00Z","38.089877"
"2026-09-03T20:25:36Z","2026-09-07T05:00:00Z","2026-09-07T06:00:00Z","39.204907"
"2026-09-03T20:25:36Z","2026-09-07T06:00:00Z","2026-09-07T07:00:00Z","41.364757"
"2026-09-03T20:25:36Z","2026-09-07T07:00:00Z","2026-09-07T08:00:00Z","42.531552"
"2026-09-03T20:25:36Z","2026-09-07T08:00:00Z","2026-09-07T09:00:00Z","42.758485"
"2026-09-03T20:25:36Z","2026-09-07T09:00:00Z","2026-09-07T10:00:00Z","41.288835"
"2026-09-03T20:25:36Z","2026-09-07T10:00:00Z","2026-09-07T11:00:00Z","38.576587"
"2026-09-03T20:25:36Z","2026-09-07T11:00:00Z","2026-09-07T12:00:00Z","35.02408"
"2026-09-03T20:25:36Z","2026-09-07T12:00:00Z","2026-09-07T13:00:00Z","31.43742"
"2026-09-03T20:25:36Z","2026-09-07T13:00:00Z","2026-09-07T14:00:00Z","28.41601"
"2026-09-03T20:25:36Z","2026-09-07T14:00:00Z","2026-09-07T15:00:00Z","28.58499"
"2026-09-03T20:25:36Z","2026-09-07T15:00:00Z","2026-09-07T16:00:00Z","31.2137"
"2026-09-03T20:25:36Z","2026-09-07T16:00:00Z","2026-09-07T17:00:00Z","35.05145"
"2026-09-03T20:25:36Z","2026-09-07T17:00:00Z","2026-09-07T18:00:00Z","39.411015"
"2026-09-03T20:25:36Z","2026-09-07T18:00:00Z","2026-09-07T19:00:00Z","42.132545"
"2026-09-03T20:25:36Z","2026-09-07T19:00:00Z","2026-09-07T20:00:00Z","45.986122"
"2026-09-03T20:25:36Z","2026-09-07T20:00:00Z","2026-09-07T21:00:00Z","45.976245"
"2026-09-03T20:25:36Z","2026-09-07T21:00:00Z","2026-09-07T22:00:00Z","44.661057"
"2026-09-04T10:28:42Z","2026-09-04T22:00:00Z","2026-09-04T23:00:00Z","34.53618"
"2026-09-04T10:28:42Z","2026-09-04T23:00:00Z","2026-09-05T00:00:00Z","31.991365"
"2026-09-04T10:28:42Z","2026-09-05T00:00:00Z","2026-09-05T01:00:00Z","30.70676"
"2026-09-04T10:28:42Z","2026-09-05T01:00:00Z","2026-09-05T02:00:00Z","30.051427"
"2026-09-04T10:28:42Z","2026-09-05T02:00:00Z","2026-09-05T03:00:00Z","28.66234"
"2026-09-04T10:28:42Z","2026-09-05T03:00:00Z","2026-09-05T04:00:00Z","27.807325"
"2026-09-04T10:28:42Z","2026-09-05T04:00:00Z","2026-09-05T05:00:00Z","27.735925"
"2026-09-04T10:28:42Z","2026-09-05T05:00:00Z","2026-09-05T06:00:00Z","27.833505"
"2026-09-04T10:28:42Z","2026-09-05T06:00:00Z","2026-09-05T07:00:00Z","28.77658"
"2026-09-04T10:28:42Z","2026-09-05T07:00:00Z","2026-09-05T08:00:00Z","30.03679"
"2026-09-04T10:28:42Z","2026-09-05T08:00:00Z","2026-09-05T09:00:00Z","29.6548"
"2026-09-04T10:28:42Z","2026-09-05T09:00:00Z","2026-09-05T10:00:00Z","22.869777"
"2026-09-04T10:28:42Z","2026-09-05T10:00:00Z","2026-09-05T11:00:00Z","19.899418"
"2026-09-04T10:28:42Z","2026-09-05T11:00:00Z","2026-09-05T12:00:00Z","19.629288"
"2026-09-04T10:28:42Z","2026-09-05T12:00:00Z","2026-09-05T13:00:00Z","19.488273"
"2026-09-04T10:28:42Z","2026-09-05T13:00:00Z","2026-09-05T14:00:00Z","19.344878"
"2026-09-04T10:28:42Z","2026-09-05T14:00:00Z","2026-09-05T15:00:00Z","19.214335"
"2026-09-04T10:28:42Z","2026-09-05T15:00:00Z","2026-09-05T16:00:00Z","19.27086"
"2026-09-04T10:28:42Z","2026-09-05T16:00:00Z","2026-09-05T17:00:00Z","19.520998"
"2026-09-04T10:28:42Z","2026-09-05T17:00:00Z","2026-09-05T18:00:00Z","20.44063"
"2026-09-04T10:28:42Z","2026-09-05T18:00:00Z","2026-09-05T19:00:00Z","27.703795"
"2026-09-04T10:28:42Z","2026-09-05T19:00:00Z","2026-09-05T20:00:00Z","34.049827"
"2026-09-04T10:28:42Z","2026-09-05T20:00:00Z","2026-09-05T21:00:00Z","36.666637"
"2026-09-04T10:28:42Z","2026-09-05T21:00:00Z","2026-09-05T22:00:00Z","36.937005"
"2026-09-04T10:28:42Z","2026-09-05T22:00:00Z","2026-09-05T23:00:00Z","36.03558"
"2026-09-04T10:28:42Z","2026-09-05T23:00:00Z","2026-09-06T00:00:00Z","34.400282"
"2026-09-04T10:28:42Z","2026-09-06T00:00:00Z","2026-09-06T01:00:00Z","34.364582"
"2026-09-04T10:28:42Z","2026-09-06T01:00:00Z","2026-09-06T02:00:00Z","34.410992"
"2026-09-04T10:28:42Z","2026-09-06T02:00:00Z","2026-09-06T03:00:00Z","34.06613"
"2026-09-04T10:28:42Z","2026-09-06T03:00:00Z","2026-09-06T04:00:00Z","33.892747"
"2026-09-04T10:28:42Z","2026-09-06T04:00:00Z","2026-09-06T05:00:00Z","33.928685"
"2026-09-04T10:28:42Z","2026-09-06T05:00:00Z","2026-09-06T06:00:00Z","34.260695"
"2026-09-04T10:28:42Z","2026-09-06T06:00:00Z","2026-09-06T07:00:00Z","35.355495"
"2026-09-04T10:28:42Z","2026-09-06T07:00:00Z","2026-09-06T08:00:00Z","35.930265"
"2026-09-04T10:28:42Z","2026-09-06T08:00:00Z","2026-09-06T09:00:00Z","34.507977"
"2026-09-04T10:28:42Z","2026-09-06T09:00:00Z","2026-09-06T10:00:00Z","30.124255"
"2026-09-04T10:28:42Z","2026-09-06T10:00:00Z","2026-09-06T11:00:00Z","22.903097"
"2026-09-04T10:28:42Z","2026-09-06T11:00:00Z","2026-09-06T12:00:00Z","20.589975"
"2026-09-04T10:28:42Z","2026-09-06T12:00:00Z","2026-09-06T13:00:00Z","20.440035"
"2026-09-04T10:28:42Z","2026-09-06T13:00:00Z","2026-09-06T14:00:00Z","20.372205"
"2026-09-04T10:28:42Z","2026-09-06T14:00:00Z","2026-09-06T15:00:00Z","20.435037"
"2026-09-04T10:28:42Z","2026-09-06T15:00:00Z","2026-09-06T16:00:00Z","20.88331"
"2026-09-04T10:28:42Z","2026-09-06T16:00:00Z","2026-09-06T17:00:00Z","23.849385"
"2026-09-04T10:28:42Z","2026-09-06T17:00:00Z","2026-09-06T18:00:00Z","32.73452"
"2026-09-04T10:28:42Z","2026-09-06T18:00:00Z","2026-09-06T19:00:00Z","39.535965"
"2026-09-04T10:28:42Z","2026-09-06T19:00:00Z","2026-09-06T20:00:00Z","43.411557"
"2026-09-04T10:28:42Z","2026-09-06T20:00:00Z","2026-09-06T21:00:00Z","43.768795"
"2026-09-04T10:28:42Z","2026-09-06T21:00:00Z","2026-09-06T22:00:00Z","43.242577"
"2026-09-04T10:28:42Z","2026-09-06T22:00:00Z","2026-09-06T23:00:00Z","42.51275"
"2026-09-04T10:28:42Z","2026-09-06T23:00:00Z","2026-09-07T00:00:00Z","41.259085"
"2026-09-04T10:28:42Z","2026-09-07T00:00:00Z","2026-09-07T01:00:00Z","40.957777"
"2026-09-04T10:28:42Z","2026-09-07T01:00:00Z","2026-09-07T02:00:00Z","39.908435"
"2026-09-04T10:28:42Z","2026-09-07T02:00:00Z","2026-09-07T03:00:00Z","38.529582"
"2026-09-04T10:28:42Z","2026-09-07T03:00:00Z","2026-09-07T04:00:00Z","38.192812"
"2026-09-04T10:28:42Z","2026-09-07T04:00:00Z","2026-09-07T05:00:00Z","38.330852"
"2026-09-04T10:28:42Z","2026-09-07T05:00:00Z","2026-09-07T06:00:00Z","39.04033"
"2026-09-04T10:28:42Z","2026-09-07T06:00:00Z","2026-09-07T07:00:00Z","41.270747"
"2026-09-04T10:28:42Z","2026-09-07T07:00:00Z","2026-09-07T08:00:00Z","42.839167"
"2026-09-04T10:28:42Z","2026-09-07T08:00:00Z","2026-09-07T09:00:00Z","42.684467"
"2026-09-04T10:28:42Z","2026-09-07T09:00:00Z","2026-09-07T10:00:00Z","40.950637"
"2026-09-04T10:28:42Z","2026-09-07T10:00:00Z","2026-09-07T11:00:00Z","39.172777"
"2026-09-04T10:28:42Z","2026-09-07T11:00:00Z","2026-09-07T12:00:00Z","36.020467"
"2026-09-04T10:28:42Z","2026-09-07T12:00:00Z","2026-09-07T13:00:00Z","33.525275"
"2026-09-04T10:28:42Z","2026-09-07T13:00:00Z","2026-09-07T14:00:00Z","31.131352"
"2026-09-04T10:28:42Z","2026-09-07T14:00:00Z","2026-09-07T15:00:00Z","30.668085"
"2026-09-04T10:28:42Z","2026-09-07T15:00:00Z","2026-09-07T16:00:00Z","32.340987"
"2026-09-04T10:28:42Z","2026-09-07T16:00:00Z","2026-09-07T17:00:00Z","34.611507"
"2026-09-04T10:28:42Z","2026-09-07T17:00:00Z","2026-09-07T18:00:00Z","37.911377"
"2026-09-04T10:28:42Z","2026-09-07T18:00:00Z","2026-09-07T19:00:00Z","40.929812"
"2026-09-04T10:28:42Z","2026-09-07T19:00:00Z","2026-09-07T20:00:00Z","44.82135"
"2026-09-04T10:28:42Z","2026-09-07T20:00:00Z","2026-09-07T21:00:00Z","45.493105"
"2026-09-04T10:28:42Z","2026-09-07T21:00:00Z","2026-09-07T22:00:00Z","43.907192"
"2026-09-04T10:28:42Z","2026-09-07T22:00:00Z","2026-09-07T23:00:00Z","42.808822"
"2026-09-04T10:28:42Z","2026-09-07T23:00:00Z","2026-09-08T00:00:00Z","41.846707"
"2026-09-04T10:28:42Z","2026-09-08T00:00:00Z","2026-09-08T01:00:00Z","40.692645"
"2026-09-04T10:28:42Z","2026-09-08T01:00:00Z","2026-09-08T02:00:00Z","40.037907"
"2026-09-04T10:28:42Z","2026-09-08T02:00:00Z","2026-09-08T03:00:00Z","39.72339"
"2026-09-04T10:28:42Z","2026-09-08T03:00:00Z","2026-09-08T04:00:00Z","39.091262"
"2026-09-04T10:28:42Z","2026-09-08T04:00:00Z","2026-09-08T05:00:00Z","38.448067"
"2026-09-04T10:28:42Z","2026-09-08T05:00:00Z","2026-09-08T06:00:00Z","38.856237"
"2026-09-04T10:28:42Z","2026-09-08T06:00:00Z","2026-09-08T07:00:00Z","40.511765"
"2026-09-04T10:28:42Z","2026-09-08T07:00:00Z","2026-09-08T08:00:00Z","41.648572"
"2026-09-04T10:28:42Z","2026-09-08T08:00:00Z","2026-09-08T09:00:00Z","42.123025"
"2026-09-04T10:28:42Z","2026-09-08T09:00:00Z","2026-09-08T10:00:00Z","40.923267"
"2026-09-04T10:28:42Z","2026-09-08T10:00:00Z","2026-09-08T11:00:00Z","39.006772"
"2026-09-04T10:28:42Z","2026-09-08T11:00:00Z","2026-09-08T12:00:00Z","35.48342"
"2026-09-04T10:28:42Z","2026-09-08T12:00:00Z","2026-09-08T13:00:00Z","32.44297"
"2026-09-04T10:28:42Z","2026-09-08T13:00:00Z","2026-09-08T14:00:00Z","29.718465"
"2026-09-04T10:28:42Z","2026-09-08T14:00:00Z","2026-09-08T15:00:00Z","28.596057"
"2026-09-04T10:28:42Z","2026-09-08T15:00:00Z","2026-09-08T16:00:00Z","30.71985"
"2026-09-04T10:28:42Z","2026-09-08T16:00:00Z","2026-09-08T17:00:00Z","34.108732"
"2026-09-04T10:28:42Z","2026-09-08T17:00:00Z","2026-09-08T18:00:00Z","37.643865"
"2026-09-04T10:28:42Z","2026-09-08T18:00:00Z","2026-09-08T19:00:00Z","40.214027"
"2026-09-04T10:28:42Z","2026-09-08T19:00:00Z","2026-09-08T20:00:00Z","42.769195"
"2026-09-04T10:28:42Z","2026-09-08T20:00:00Z","2026-09-08T21:00:00Z","43.55519"
"2026-09-04T10:28:42Z","2026-09-08T21:00:00Z","2026-09-08T22:00:00Z","43.005767"
"2026-09-04T20:12:03Z","2026-09-05T22:00:00Z","2026-09-05T23:00:00Z","33.252765"
"2026-09-04T20:12:03Z","2026-09-05T23:00:00Z","2026-09-06T00:00:00Z","32.57744"
"2026-09-04T20:12:03Z","2026-09-06T00:00:00Z","2026-09-06T01:00:00Z","33.908455"
"2026-09-04T20:12:03Z","2026-09-06T01:00:00Z","2026-09-06T02:00:00Z","34.419917"
"2026-09-04T20:12:03Z","2026-09-06T02:00:00Z","2026-09-06T03:00:00Z","34.426105"
"2026-09-04T20:12:03Z","2026-09-06T03:00:00Z","2026-09-06T04:00:00Z","34.218212"
"2026-09-04T20:12:03Z","2026-09-06T04:00:00Z","2026-09-06T05:00:00Z","34.133722"
"2026-09-04T20:12:03Z","2026-09-06T05:00:00Z","2026-09-06T06:00:00Z","34.542487"
"2026-09-04T20:12:03Z","2026-09-06T06:00:00Z","2026-09-06T07:00:00Z","35.770805"
"2026-09-04T20:12:03Z","2026-09-06T07:00:00Z","2026-09-06T08:00:00Z","36.556562"
"2026-09-04T20:12:03Z","2026-09-06T08:00:00Z","2026-09-06T09:00:00Z","35.298732"
"2026-09-04T20:12:03Z","2026-09-06T09:00:00Z","2026-09-06T10:00:00Z","30.428895"
"2026-09-04T20:12:03Z","2026-09-06T10:00:00Z","2026-09-06T11:00:00Z","23.215115"
"2026-09-04T20:12:03Z","2026-09-06T11:00:00Z","2026-09-06T12:00:00Z","20.619725"
"2026-09-04T20:12:03Z","2026-09-06T12:00:00Z","2026-09-06T13:00:00Z","20.402788"
"2026-09-04T20:12:03Z","2026-09-06T13:00:00Z","2026-09-06T14:00:00Z","20.30259"
"2026-09-04T20:12:03Z","2026-09-06T14:00:00Z","2026-09-06T15:00:00Z","20.3966"
"2026-09-04T20:12:03Z","2026-09-06T15:00:00Z","2026-09-06T16:00:00Z","20.802747"
"2026-09-04T20:12:03Z","2026-09-06T16:00:00Z","2026-09-06T17:00:00Z","25.545135"
"2026-09-04T20:12:03Z","2026-09-06T17:00:00Z","2026-09-06T18:00:00Z","33.316192"
"2026-09-04T20:12:03Z","2026-09-06T18:00:00Z","2026-09-06T19:00:00Z","39.552982"
"2026-09-04T20:12:03Z","2026-09-06T19:00:00Z","2026-09-06T20:00:00Z","43.376095"
"2026-09-04T20:12:03Z","2026-09-06T20:00:00Z","2026-09-06T21:00:00Z","43.67776"
"2026-09-04T20:12:03Z","2026-09-06T21:00:00Z","2026-09-06T22:00:00Z","43.010527"
"2026-09-04T20:12:03Z","2026-09-06T22:00:00Z","2026-09-06T23:00:00Z","42.12362"
"2026-09-04T20:12:03Z","2026-09-06T23:00:00Z","2026-09-07T00:00:00Z","39.533347"
"2026-09-04T20:12:03Z","2026-09-07T00:00:00Z","2026-09-07T01:00:00Z","40.20296"
"2026-09-04T20:12:03Z","2026-09-07T01:00:00Z","2026-09-07T02:00:00Z","40.063492"
"2026-09-04T20:12:03Z","2026-09-07T02:00:00Z","2026-09-07T03:00:00Z","38.904075"
"2026-09-04T20:12:03Z","2026-09-07T03:00:00Z","2026-09-07T04:00:00Z","38.005982"
"2026-09-04T20:12:03Z","2026-09-07T04:00:00Z","2026-09-07T05:00:00Z","38.016692"
"2026-09-04T20:12:03Z","2026-09-07T05:00:00Z","2026-09-07T06:00:00Z","39.114705"
"2026-09-04T20:12:03Z","2026-09-07T06:00:00Z","2026-09-07T07:00:00Z","41.49649"
"2026-09-04T20:12:03Z","2026-09-07T07:00:00Z","2026-09-07T08:00:00Z","42.485737"
"2026-09-04T20:12:03Z","2026-09-07T08:00:00Z","2026-09-07T09:00:00Z","42.54964"
"2026-09-04T20:12:03Z","2026-09-07T09:00:00Z","2026-09-07T10:00:00Z","41.580742"
"2026-09-04T20:12:03Z","2026-09-07T10:00:00Z","2026-09-07T11:00:00Z","39.101377"
"2026-09-04T20:12:03Z","2026-09-07T11:00:00Z","2026-09-07T12:00:00Z","35.71428"
"2026-09-04T20:12:03Z","2026-09-07T12:00:00Z","2026-09-07T13:00:00Z","32.480812"
"2026-09-04T20:12:03Z","2026-09-07T13:00:00Z","2026-09-07T14:00:00Z","30.413187"
"2026-09-04T20:12:03Z","2026-09-07T14:00:00Z","2026-09-07T15:00:00Z","29.858647"
"2026-09-04T20:12:03Z","2026-09-07T15:00:00Z","2026-09-07T16:00:00Z","32.29422"
"2026-09-04T20:12:03Z","2026-09-07T16:00:00Z","2026-09-07T17:00:00Z","34.666842"
"2026-09-04T20:12:03Z","2026-09-07T17:00:00Z","2026-09-07T18:00:00Z","38.312407"
"2026-09-04T20:12:03Z","2026-09-07T18:00:00Z","2026-09-07T19:00:00Z","41.595022"
"2026-09-04T20:12:03Z","2026-09-07T19:00:00Z","2026-09-07T20:00:00Z","43.440117"
"2026-09-04T20:12:03Z","2026-09-07T20:00:00Z","2026-09-07T21:00:00Z","43.558165"
"2026-09-04T20:12:03Z","2026-09-07T21:00:00Z","2026-09-07T22:00:00Z","43.315762"
"2026-09-04T20:12:03Z","2026-09-07T22:00:00Z","2026-09-07T23:00:00Z","42.557375"
"2026-09-04T20:12:03Z","2026-09-07T23:00:00Z","2026-09-08T00:00:00Z","41.592285"
"2026-09-04T20:12:03Z","2026-09-08T00:00:00Z","2026-09-08T01:00:00Z","40.797365"
"2026-09-04T20:12:03Z","2026-09-08T01:00:00Z","2026-09-08T02:00:00Z","40.07444"
"2026-09-04T20:12:03Z","2026-09-08T02:00:00Z","2026-09-08T03:00:00Z","39.547627"
"2026-09-04T20:12:03Z","2026-09-08T03:00:00Z","2026-09-08T04:00:00Z","38.76068"
"2026-09-04T20:12:03Z","2026-09-08T04:00:00Z","2026-09-08T05:00:00Z","38.893127"
"2026-09-04T20:12:03Z","2026-09-08T05:00:00Z","2026-09-08T06:00:00Z","39.812402"
"2026-09-04T20:12:03Z","2026-09-08T06:00:00Z","2026-09-08T07:00:00Z","41.108312"
"2026-09-04T20:12:03Z","2026-09-08T07:00:00Z","2026-09-08T08:00:00Z","42.143017"
"2026-09-04T20:12:03Z","2026-09-08T08:00:00Z","2026-09-08T09:00:00Z","42.450275"
"2026-09-04T20:12:03Z","2026-09-08T09:00:00Z","2026-09-08T10:00:00Z","40.799745"
"2026-09-04T20:12:03Z","2026-09-08T10:00:00Z","2026-09-08T11:00:00Z","38.780077"
"2026-09-04T20:12:03Z","2026-09-08T11:00:00Z","2026-09-08T12:00:00Z","35.26208"
"2026-09-04T20:12:03Z","2026-09-08T12:00:00Z","2026-09-08T13:00:00Z","32.3561"
"2026-09-04T20:12:03Z","2026-09-08T13:00:00Z","2026-09-08T14:00:00Z","29.63576"
"2026-09-04T20:12:03Z","2026-09-08T14:00:00Z","2026-09-08T15:00:00Z","28.901292"
"2026-09-04T20:12:03Z","2026-09-08T15:00:00Z","2026-09-08T16:00:00Z","30.727942"
"2026-09-04T20:12:03Z","2026-09-08T16:00:00Z","2026-09-08T17:00:00Z","33.533962"
"2026-09-04T20:12:03Z","2026-09-08T17:00:00Z","2026-09-08T18:00:00Z","37.528792"
"2026-09-04T20:12:03Z","2026-09-08T18:00:00Z","2026-09-08T19:00:00Z","40.698"
"2026-09-04T20:12:03Z","2026-09-08T19:00:00Z","2026-09-08T20:00:00Z","44.520042"
"2026-09-04T20:12:03Z","2026-09-08T20:00:00Z","2026-09-08T21:00:00Z","44.580137"
"2026-09-04T20:12:03Z","2026-09-08T21:00:00Z","2026-09-08T22:00:00Z","43.0066"
"2026-09-05T09:53:31Z","2026-09-05T22:00:00Z","2026-09-05T23:00:00Z","33.252765"
"2026-09-05T09:53:31Z","2026-09-05T23:00:00Z","2026-09-06T00:00:00Z","32.57744"
"2026-09-05T09:53:31Z","2026-09-06T00:00:00Z","2026-09-06T01:00:00Z","33.908455"
"2026-09-05T09:53:31Z","2026-09-06T01:00:00Z","2026-09-06T02:00:00Z","34.419917"
"2026-09-05T09:53:31Z","2026-09-06T02:00:00Z","2026-09-06T03:00:00Z","34.426105"
"2026-09-05T09:53:31Z","2026-09-06T03:00:00Z","2026-09-06T04:00:00Z","34.218212"
"2026-09-05T09:53:31Z","2026-09-06T04:00:00Z","2026-09-06T05:00:00Z","34.133722"
"2026-09-05T09:53:31Z","2026-09-06T05:00:00Z","2026-09-06T06:00:00Z","34.542487"
"2026-09-05T09:53:31Z","2026-09-06T06:00:00Z","2026-09-06T07:00:00Z","35.770805"
"2026-09-05T09:53:31Z","2026-09-06T07:00:00Z","2026-09-06T08:00:00Z","36.556562"
"2026-09-05T09:53:31Z","2026-09-06T08:00:00Z","2026-09-06T09:00:00Z","35.298732"
"2026-09-05T09:53:31Z","2026-09-06T09:00:00Z","2026-09-06T10:00:00Z","30.428895"
"2026-09-05T09:53:31Z","2026-09-06T10:00:00Z","2026-09-06T11:00:00Z","23.215115"
"2026-09-05T09:53:31Z","2026-09-06T11:00:00Z","2026-09-06T12:00:00Z","20.619725"
"2026-09-05T09:53:31Z","2026-09-06T12:00:00Z","2026-09-06T13:00:00Z","20.402788"
"2026-09-05T09:53:31Z","2026-09-06T13:00:00Z","2026-09-06T14:00:00Z","20.30259"
"2026-09-05T09:53:31Z","2026-09-06T14:00:00Z","2026-09-06T15:00:00Z","20.3966"
"2026-09-05T09:53:31Z","2026-09-06T15:00:00Z","2026-09-06T16:00:00Z","20.802747"
"2026-09-05T09:53:31Z","2026-09-06T16:00:00Z","2026-09-06T17:00:00Z","25.545135"
"2026-09-05T09:53:31Z","2026-09-06T17:00:00Z","2026-09-06T18:00:00Z","33.316192"
"2026-09-05T09:53:31Z","2026-09-06T18:00:00Z","2026-09-06T19:00:00Z","39.552982"
"2026-09-05T09:53:31Z","2026-09-06T19:00:00Z","2026-09-06T20:00:00Z","43.376095"
"2026-09-05T09:53:31Z","2026-09-06T20:00:00Z","2026-09-06T21:00:00Z","43.67776"
"2026-09-05T09:53:31Z","2026-09-06T21:00:00Z","2026-09-06T22:00:00Z","43.010527"
"2026-09-05T09:53:31Z","2026-09-06T22:00:00Z","2026-09-06T23:00:00Z","42.12362"
"2026-09-05T09:53:31Z","2026-09-06T23:00:00Z","2026-09-07T00:00:00Z","39.533347"
"2026-09-05T09:53:31Z","2026-09-07T00:00:00Z","2026-09-07T01:00:00Z","40.20296"
"2026-09-05T09:53:31Z","2026-09-07T01:00:00Z","2026-09-07T02:00:00Z","40.063492"
"2026-09-05T09:53:31Z","2026-09-07T02:00:00Z","2026-09-07T03:00:00Z","38.904075"
"2026-09-05T09:53:31Z","2026-09-07T03:00:00Z","2026-09-07T04:00:00Z","38.005982"
"2026-09-05T09:53:31Z","2026-09-07T04:00:00Z","2026-09-07T05:00:00Z","38.016692"
"2026-09-05T09:53:31Z","2026-09-07T05:00:00Z","2026-09-07T06:00:00Z","39.114705"
"2026-09-05T09:53:31Z","2026-09-07T06:00:00Z","2026-09-07T07:00:00Z","41.49649"
"2026-09-05T09:53:31Z","2026-09-07T07:00:00Z","2026-09-07T08:00:00Z","42.485737"
"2026-09-05T09:53:31Z","2026-09-07T08:00:00Z","2026-09-07T09:00:00Z","42.54964"
"2026-09-05T09:53:31Z","2026-09-07T09:00:00Z","2026-09-07T10:00:00Z","41.580742"
"2026-09-05T09:53:31Z","2026-09-07T10:00:00Z","2026-09-07T11:00:00Z","39.101377"
"2026-09-05T09:53:31Z","2026-09-07T11:00:00Z","2026-09-07T12:00:00Z","35.71428"
"2026-09-05T09:53:31Z","2026-09-07T12:00:00Z","2026-09-07T13:00:00Z","32.480812"
"2026-09-05T09:53:31Z","2026-09-07T13:00:00Z","2026-09-07T14:00:00Z","30.413187"
"2026-09-05T09:53:31Z","2026-09-07T14:00:00Z","2026-09-07T15:00:00Z","29.858647"
"2026-09-05T09:53:31Z","2026-09-07T15:00:00Z","2026-09-07T16:00:00Z","32.29422"
"2026-09-05T09:53:31Z","2026-09-07T16:00:00Z","2026-09-07T17:00:00Z","34.666842"
"2026-09-05T09:53:31Z","2026-09-07T17:00:00Z","2026-09-07T18:00:00Z","38.312407"
"2026-09-05T09:53:31Z","2026-09-07T18:00:00Z","2026-09-07T19:00:00Z","41.595022"
"2026-09-05T09:53:31Z","2026-09-07T19:00:00Z","2026-09-07T20:00:00Z","43.440117"
"2026-09-05T09:53:31Z","2026-09-07T20:00:00Z","2026-09-07T21:00:00Z","43.558165"
"2026-09-05T09:53:31Z","2026-09-07T21:00:00Z","2026-09-07T22:00:00Z","43.315762"
"2026-09-05T09:53:31Z","2026-09-07T22:00:00Z","2026-09-07T23:00:00Z","42.557375"
"2026-09-05T09:53:31Z","2026-09-07T23:00:00Z","2026-09-08T00:00:00Z","41.592285"
"2026-09-05T09:53:31Z","2026-09-08T00:00:00Z","2026-09-08T01:00:00Z","40.797365"
"2026-09-05T09:53:31Z","2026-09-08T01:00:00Z","2026-09-08T02:00:00Z","40.07444"
"2026-09-05T09:53:31Z","2026-09-08T02:00:00Z","2026-09-08T03:00:00Z","39.547627"
"2026-09-05T09:53:31Z","2026-09-08T03:00:00Z","2026-09-08T04:00:00Z","38.76068"
"2026-09-05T09:53:31Z","2026-09-08T04:00:00Z","2026-09-08T05:00:00Z","38.893127"
"2026-09-05T09:53:31Z","2026-09-08T05:00:00Z","2026-09-08T06:00:00Z","39.812402"
"2026-09-05T09:53:31Z","2026-09-08T06:00:00Z","2026-09-08T07:00:00Z","41.108312"
"2026-09-05T09:53:31Z","2026-09-08T07:00:00Z","2026-09-08T08:00:00Z","42.143017"
"2026-09-05T09:53:31Z","2026-09-08T08:00:00Z","2026-09-08T09:00:00Z","42.450275"
"2026-09-05T09:53:31Z","2026-09-08T09:00:00Z","2026-09-08T10:00:00Z","40.799745"
"2026-09-05T09:53:31Z","2026-09-08T10:00:00Z","2026-09-08T11:00:00Z","38.780077"
"2026-09-05T09:53:31Z","2026-09-08T11:00:00Z","2026-09-08T12:00:00Z","35.26208"
"2026-09-05T09:53:31Z","2026-09-08T12:00:00Z","2026-09-08T13:00:00Z","32.3561"
"2026-09-05T09:53:31Z","2026-09-08T13:00:00Z","2026-09-08T14:00:00Z","29.63576"
"2026-09-05T09:53:31Z","2026-09-08T14:00:00Z","2026-09-08T15:00:00Z","28.901292"
"2026-09-05T09:53:31Z","2026-09-08T15:00:00Z","2026-09-08T16:00:00Z","30.727942"
"2026-09-05T09:53:31Z","2026-09-08T16:00:00Z","2026-09-08T17:00:00Z","33.533962"
"2026-09-05T09:53:31Z","2026-09-08T17:00:00Z","2026-09-08T18:00:00Z","37.528792"
"2026-09-05T09:53:31Z","2026-09-08T18:00:00Z","2026-09-08T19:00:00Z","40.698"
"2026-09-05T09:53:31Z","2026-09-08T19:00:00Z","2026-09-08T20:00:00Z","44.520042"
"2026-09-05T09:53:31Z","2026-09-08T20:00:00Z","2026-09-08T21:00:00Z","44.580137"
"2026-09-05T09:53:31Z","2026-09-08T21:00:00Z","2026-09-08T22:00:00Z","43.0066"
"2026-09-05T09:53:31Z","2026-09-08T22:00:00Z","2026-09-08T23:00:00Z","42.258447"
"2026-09-05T09:53:31Z","2026-09-08T23:00:00Z","2026-09-09T00:00:00Z","40.966702"
"2026-09-05T09:53:31Z","2026-09-09T00:00:00Z","2026-09-09T01:00:00Z","40.442745"
"2026-09-05T09:53:31Z","2026-09-09T01:00:00Z","2026-09-09T02:00:00Z","39.54965"
"2026-09-05T09:53:31Z","2026-09-09T02:00:00Z","2026-09-09T03:00:00Z","37.822365"
"2026-09-05T09:53:31Z","2026-09-09T03:00:00Z","2026-09-09T04:00:00Z","36.28786"
"2026-09-05T09:53:31Z","2026-09-09T04:00:00Z","2026-09-09T05:00:00Z","36.002855"
"2026-09-05T09:53:31Z","2026-09-09T05:00:00Z","2026-09-09T06:00:00Z","36.740655"
"2026-09-05T09:53:31Z","2026-09-09T06:00:00Z","2026-09-09T07:00:00Z","38.963337"
"2026-09-05T09:53:31Z","2026-09-09T07:00:00Z","2026-09-09T08:00:00Z","40.991097"
"2026-09-05T09:53:31Z","2026-09-09T08:00:00Z","2026-09-09T09:00:00Z","41.41081"
"2026-09-05T09:53:31Z","2026-09-09T09:00:00Z","2026-09-09T10:00:00Z","39.02486"
"2026-09-05T09:53:31Z","2026-09-09T10:00:00Z","2026-09-09T11:00:00Z","35.12761"
"2026-09-05T09:53:31Z","2026-09-09T11:00:00Z","2026-09-09T12:00:00Z","30.517907"
"2026-09-05T09:53:31Z","2026-09-09T12:00:00Z","2026-09-09T13:00:00Z","24.716657"
"2026-09-05T09:53:31Z","2026-09-09T13:00:00Z","2026-09-09T14:00:00Z","22.47672"
"2026-09-05T09:53:31Z","2026-09-09T14:00:00Z","2026-09-09T15:00:00Z","23.078622"
"2026-09-05T09:53:31Z","2026-09-09T15:00:00Z","2026-09-09T16:00:00Z","24.101665"
"2026-09-05T09:53:31Z","2026-09-09T16:00:00Z","2026-09-09T17:00:00Z","28.745402"
"2026-09-05T09:53:31Z","2026-09-09T17:00:00Z","2026-09-09T18:00:00Z","33.992945"
"2026-09-05T09:53:31Z","2026-09-09T18:00:00Z","2026-09-09T19:00:00Z","38.907645"
"2026-09-05T09:53:31Z","2026-09-09T19:00:00Z","2026-09-09T20:00:00Z","41.626795"
"2026-09-05T09:53:31Z","2026-09-09T20:00:00Z","2026-09-09T21:00:00Z","42.25214"
"2026-09-05T09:53:31Z","2026-09-09T21:00:00Z","2026-09-09T22:00:00Z","41.988555"
"2026-09-05T19:51:11Z","2026-09-06T22:00:00Z","2026-09-06T23:00:00Z","43.241625"
"2026-09-05T19:51:11Z","2026-09-06T23:00:00Z","2026-09-07T00:00:00Z","41.27396"
"2026-09-05T19:51:11Z","2026-09-07T00:00:00Z","2026-09-07T01:00:00Z","40.530805"
"2026-09-05T19:51:11Z","2026-09-07T01:00:00Z","2026-09-07T02:00:00Z","41.010732"
"2026-09-05T19:51:11Z","2026-09-07T02:00:00Z","2026-09-07T03:00:00Z","40.595065"
"2026-09-05T19:51:11Z","2026-09-07T03:00:00Z","2026-09-07T04:00:00Z","40.107522"
"2026-09-05T19:51:11Z","2026-09-07T04:00:00Z","2026-09-07T05:00:00Z","40.3291"
"2026-09-05T19:51:11Z","2026-09-07T05:00:00Z","2026-09-07T06:00:00Z","40.927075"
"2026-09-05T19:51:11Z","2026-09-07T06:00:00Z","2026-09-07T07:00:00Z","41.478402"
"2026-09-05T19:51:11Z","2026-09-07T07:00:00Z","2026-09-07T08:00:00Z","42.544642"
"2026-09-05T19:51:11Z","2026-09-07T08:00:00Z","2026-09-07T09:00:00Z","42.30688"
"2026-09-05T19:51:11Z","2026-09-07T09:00:00Z","2026-09-07T10:00:00Z","41.29181"
"2026-09-05T19:51:11Z","2026-09-07T10:00:00Z","2026-09-07T11:00:00Z","39.027835"
"2026-09-05T19:51:11Z","2026-09-07T11:00:00Z","2026-09-07T12:00:00Z","35.464975"
"2026-09-05T19:51:11Z","2026-09-07T12:00:00Z","2026-09-07T13:00:00Z","31.558205"
"2026-09-05T19:51:11Z","2026-09-07T13:00:00Z","2026-09-07T14:00:00Z","28.830725"
"2026-09-05T19:51:11Z","2026-09-07T14:00:00Z","2026-09-07T15:00:00Z","28.449925"
"2026-09-05T19:51:11Z","2026-09-07T15:00:00Z","2026-09-07T16:00:00Z","30.978675"
"2026-09-05T19:51:11Z","2026-09-07T16:00:00Z","2026-09-07T17:00:00Z","33.892985"
"2026-09-05T19:51:11Z","2026-09-07T17:00:00Z","2026-09-07T18:00:00Z","37.926252"
"2026-09-05T19:51:11Z","2026-09-07T18:00:00Z","2026-09-07T19:00:00Z","40.782847"
"2026-09-05T19:51:11Z","2026-09-07T19:00:00Z","2026-09-07T20:00:00Z","43.94194"
"2026-09-05T19:51:11Z","2026-09-07T20:00:00Z","2026-09-07T21:00:00Z","44.523612"
"2026-09-05T19:51:11Z","2026-09-07T21:00:00Z","2026-09-07T22:00:00Z","42.834407"
"2026-09-05T19:51:11Z","2026-09-07T22:00:00Z","2026-09-07T23:00:00Z","41.744367"
"2026-09-05T19:51:11Z","2026-09-07T23:00:00Z","2026-09-08T00:00:00Z","41.716402"
"2026-09-05T19:51:11Z","2026-09-08T00:00:00Z","2026-09-08T01:00:00Z","39.624382"
"2026-09-05T19:51:11Z","2026-09-08T01:00:00Z","2026-09-08T02:00:00Z","38.324902"
"2026-09-05T19:51:11Z","2026-09-08T02:00:00Z","2026-09-08T03:00:00Z","38.535175"
"2026-09-05T19:51:11Z","2026-09-08T03:00:00Z","2026-09-08T04:00:00Z","38.235652"
"2026-09-05T19:51:11Z","2026-09-08T04:00:00Z","2026-09-08T05:00:00Z","38.179127"
"2026-09-05T19:51:11Z","2026-09-08T05:00:00Z","2026-09-08T06:00:00Z","39.282257"
"2026-09-05T19:51:11Z","2026-09-08T06:00:00Z","2026-09-08T07:00:00Z","41.343932"
"2026-09-05T19:51:11Z","2026-09-08T07:00:00Z","2026-09-08T08:00:00Z","42.23667"
"2026-09-05T19:51:11Z","2026-09-08T08:00:00Z","2026-09-08T09:00:00Z","42.58058"
"2026-09-05T19:51:11Z","2026-09-08T09:00:00Z","2026-09-08T10:00:00Z","41.937147"
"2026-09-05T19:51:11Z","2026-09-08T10:00:00Z","2026-09-08T11:00:00Z","39.325097"
"2026-09-05T19:51:11Z","2026-09-08T11:00:00Z","2026-09-08T12:00:00Z","36.2355"
"2026-09-05T19:51:11Z","2026-09-08T12:00:00Z","2026-09-08T13:00:00Z","33.52706"
"2026-09-05T19:51:11Z","2026-09-08T13:00:00Z","2026-09-08T14:00:00Z","31.199182"
"2026-09-05T19:51:11Z","2026-09-08T14:00:00Z","2026-09-08T15:00:00Z","31.450272"
"2026-09-05T19:51:11Z","2026-09-08T15:00:00Z","2026-09-08T16:00:00Z","33.94118"
"2026-09-05T19:51:11Z","2026-09-08T16:00:00Z","2026-09-08T17:00:00Z","35.89516"
"2026-09-05T19:51:11Z","2026-09-08T17:00:00Z","2026-09-08T18:00:00Z","39.170992"
"2026-09-05T19:51:11Z","2026-09-08T18:00:00Z","2026-09-08T19:00:00Z","41.792562"
"2026-09-05T19:51:11Z","2026-09-08T19:00:00Z","2026-09-08T20:00:00Z","43.488907"
"2026-09-05T19:51:11Z","2026-09-08T20:00:00Z","2026-09-08T21:00:00Z","44.970695"
"2026-09-05T19:51:11Z","2026-09-08T21:00:00Z","2026-09-08T22:00:00Z","44.342732"
"2026-09-05T19:51:11Z","2026-09-08T22:00:00Z","2026-09-08T23:00:00Z","43.04706"
"2026-09-05T19:51:11Z","2026-09-08T23:00:00Z","2026-09-09T00:00:00Z","42.175147"
"2026-09-05T19:51:11Z","2026-09-09T00:00:00Z","2026-09-09T01:00:00Z","40.555557"
"2026-09-05T19:51:11Z","2026-09-09T01:00:00Z","2026-09-09T02:00:00Z","39.775155"
"2026-09-05T19:51:11Z","2026-09-09T02:00:00Z","2026-09-09T03:00:00Z","39.104352"
"2026-09-05T19:51:11Z","2026-09-09T03:00:00Z","2026-09-09T04:00:00Z","37.97171"
"2026-09-05T19:51:11Z","2026-09-09T04:00:00Z","2026-09-09T05:00:00Z","37.289007"
"2026-09-05T19:51:11Z","2026-09-09T05:00:00Z","2026-09-09T06:00:00Z","38.85469"
"2026-09-05T19:51:11Z","2026-09-09T06:00:00Z","2026-09-09T07:00:00Z","40.618865"
"2026-09-05T19:51:11Z","2026-09-09T07:00:00Z","2026-09-09T08:00:00Z","42.052815"
"2026-09-05T19:51:11Z","2026-09-09T08:00:00Z","2026-09-09T09:00:00Z","41.942145"
"2026-09-05T19:51:11Z","2026-09-09T09:00:00Z","2026-09-09T10:00:00Z","40.020652"
"2026-09-05T19:51:11Z","2026-09-09T10:00:00Z","2026-09-09T11:00:00Z","35.9856"
"2026-09-05T19:51:11Z","2026-09-09T11:00:00Z","2026-09-09T12:00:00Z","31.011162"
"2026-09-05T19:51:11Z","2026-09-09T12:00:00Z","2026-09-09T13:00:00Z","27.106415"
"2026-09-05T19:51:11Z","2026-09-09T13:00:00Z","2026-09-09T14:00:00Z","23.754185"
"2026-09-05T19:51:11Z","2026-09-09T14:00:00Z","2026-09-09T15:00:00Z","23.955295"
"2026-09-05T19:51:11Z","2026-09-09T15:00:00Z","2026-09-09T16:00:00Z","25.405072"
"2026-09-05T19:51:11Z","2026-09-09T16:00:00Z","2026-09-09T17:00:00Z","29.124655"
"2026-09-05T19:51:11Z","2026-09-09T17:00:00Z","2026-09-09T18:00:00Z","34.747762"
"2026-09-05T19:51:11Z","2026-09-09T18:00:00Z","2026-09-09T19:00:00Z","39.610935"
"2026-09-05T19:51:11Z","2026-09-09T19:00:00Z","2026-09-09T20:00:00Z","42.203945"
"2026-09-05T19:51:11Z","2026-09-09T20:00:00Z","2026-09-09T21:00:00Z","42.364595"
"2026-09-05T19:51:11Z","2026-09-09T21:00:00Z","2026-09-09T22:00:00Z","41.220172"
"2026-09-06T10:10:43Z","2026-09-06T22:00:00Z","2026-09-06T23:00:00Z","43.241625"
"2026-09-06T10:10:43Z","2026-09-06T23:00:00Z","2026-09-07T00:00:00Z","41.27396"
"2026-09-06T10:10:43Z","2026-09-07T00:00:00Z","2026-09-07T01:00:00Z","39.702565"
"2026-09-06T10:10:43Z","2026-09-07T01:00:00Z","2026-09-07T02:00:00Z","39.468135"
"2026-09-06T10:10:43Z","2026-09-07T02:00:00Z","2026-09-07T03:00:00Z","38.678927"
"2026-09-06T10:10:43Z","2026-09-07T03:00:00Z","2026-09-07T04:00:00Z","38.116295"
"2026-09-06T10:10:43Z","2026-09-07T04:00:00Z","2026-09-07T05:00:00Z","38.610502"
"2026-09-06T10:10:43Z","2026-09-07T05:00:00Z","2026-09-07T06:00:00Z","40.242587"
"2026-09-06T10:10:43Z","2026-09-07T06:00:00Z","2026-09-07T07:00:00Z","42.050792"
"2026-09-06T10:10:43Z","2026-09-07T07:00:00Z","2026-09-07T08:00:00Z","43.14464"
"2026-09-06T10:10:43Z","2026-09-07T08:00:00Z","2026-09-07T09:00:00Z","42.45087"
"2026-09-06T10:10:43Z","2026-09-07T09:00:00Z","2026-09-07T10:00:00Z","40.831875"
"2026-09-06T10:10:43Z","2026-09-07T10:00:00Z","2026-09-07T11:00:00Z","37.446325"
"2026-09-06T10:10:43Z","2026-09-07T11:00:00Z","2026-09-07T12:00:00Z","34.619242"
"2026-09-06T10:10:43Z","2026-09-07T12:00:00Z","2026-09-07T13:00:00Z","31.64091"
"2026-09-06T10:10:43Z","2026-09-07T13:00:00Z","2026-09-07T14:00:00Z","28.637112"
"2026-09-06T10:10:43Z","2026-09-07T14:00:00Z","2026-09-07T15:00:00Z","28.352702"
"2026-09-06T10:10:43Z","2026-09-07T15:00:00Z","2026-09-07T16:00:00Z","31.059357"
"2026-09-06T10:10:43Z","2026-09-07T16:00:00Z","2026-09-07T17:00:00Z","33.123055"
"2026-09-06T10:10:43Z","2026-09-07T17:00:00Z","2026-09-07T18:00:00Z","37.005192"
"2026-09-06T10:10:43Z","2026-09-07T18:00:00Z","2026-09-07T19:00:00Z","41.4239"
"2026-09-06T10:10:43Z","2026-09-07T19:00:00Z","2026-09-07T20:00:00Z","45.217382"
"2026-09-06T10:10:43Z","2026-09-07T20:00:00Z","2026-09-07T21:00:00Z","46.199965"
"2026-09-06T10:10:43Z","2026-09-07T21:00:00Z","2026-09-07T22:00:00Z","45.060302"
"2026-09-06T10:10:43Z","2026-09-07T22:00:00Z","2026-09-07T23:00:00Z","43.84317"
"2026-09-06T10:10:43Z","2026-09-07T23:00:00Z","2026-09-08T00:00:00Z","42.029372"
"2026-09-06T10:10:43Z","2026-09-08T00:00:00Z","2026-09-08T01:00:00Z","41.128542"
"2026-09-06T10:10:43Z","2026-09-08T01:00:00Z","2026-09-08T02:00:00Z","40.496652"
"2026-09-06T10:10:43Z","2026-09-08T02:00:00Z","2026-09-08T03:00:00Z","39.042115"
"2026-09-06T10:10:43Z","2026-09-08T03:00:00Z","2026-09-08T04:00:00Z","37.307452"
"2026-09-06T10:10:43Z","2026-09-08T04:00:00Z","2026-09-08T05:00:00Z","36.359022"
"2026-09-06T10:10:43Z","2026-09-08T05:00:00Z","2026-09-08T06:00:00Z","37.167865"
"2026-09-06T10:10:43Z","2026-09-08T06:00:00Z","2026-09-08T07:00:00Z","38.55124"
"2026-09-06T10:10:43Z","2026-09-08T07:00:00Z","2026-09-08T08:00:00Z","40.086935"
"2026-09-06T10:10:43Z","2026-09-08T08:00:00Z","2026-09-08T09:00:00Z","40.918745"
"2026-09-06T10:10:43Z","2026-09-08T09:00:00Z","2026-09-08T10:00:00Z","37.5088"
"2026-09-06T10:10:43Z","2026-09-08T10:00:00Z","2026-09-08T11:00:00Z","34.084337"
"2026-09-06T10:10:43Z","2026-09-08T11:00:00Z","2026-09-08T12:00:00Z","30.615725"
"2026-09-06T10:10:43Z","2026-09-08T12:00:00Z","2026-09-08T13:00:00Z","28.584752"
"2026-09-06T10:10:43Z","2026-09-08T13:00:00Z","2026-09-08T14:00:00Z","26.826765"
"2026-09-06T10:10:43Z","2026-09-08T14:00:00Z","2026-09-08T15:00:00Z","26.353145"
"2026-09-06T10:10:43Z","2026-09-08T15:00:00Z","2026-09-08T16:00:00Z","27.852902"
"2026-09-06T10:10:43Z","2026-09-08T16:00:00Z","2026-09-08T17:00:00Z","29.12168"
"2026-09-06T10:10:43Z","2026-09-08T17:00:00Z","2026-09-08T18:00:00Z","35.71785"
"2026-09-06T10:10:43Z","2026-09-08T18:00:00Z","2026-09-08T19:00:00Z","40.913985"
"2026-09-06T10:10:43Z","2026-09-08T19:00:00Z","2026-09-08T20:00:00Z","44.01572"
"2026-09-06T10:10:43Z","2026-09-08T20:00:00Z","2026-09-08T21:00:00Z","45.538087"
"2026-09-06T10:10:43Z","2026-09-08T21:00:00Z","2026-09-08T22:00:00Z","44.182677"
"2026-09-06T10:10:43Z","2026-09-08T22:00:00Z","2026-09-08T23:00:00Z","42.665665"
"2026-09-06T10:10:43Z","2026-09-08T23:00:00Z","2026-09-09T00:00:00Z","40.776897"
"2026-09-06T10:10:43Z","2026-09-09T00:00:00Z","2026-09-09T01:00:00Z","39.770752"
"2026-09-06T10:10:43Z","2026-09-09T01:00:00Z","2026-09-09T02:00:00Z","38.664885"
"2026-09-06T10:10:43Z","2026-09-09T02:00:00Z","2026-09-09T03:00:00Z","37.717407"
"2026-09-06T10:10:43Z","2026-09-09T03:00:00Z","2026-09-09T04:00:00Z","37.308285"
"2026-09-06T10:10:43Z","2026-09-09T04:00:00Z","2026-09-09T05:00:00Z","38.04906"
"2026-09-06T10:10:43Z","2026-09-09T05:00:00Z","2026-09-09T06:00:00Z","38.733905"
"2026-09-06T10:10:43Z","2026-09-09T06:00:00Z","2026-09-09T07:00:00Z","39.862382"
"2026-09-06T10:10:43Z","2026-09-09T07:00:00Z","2026-09-09T08:00:00Z","41.47388"
"2026-09-06T10:10:43Z","2026-09-09T08:00:00Z","2026-09-09T09:00:00Z","41.889547"
"2026-09-06T10:10:43Z","2026-09-09T09:00:00Z","2026-09-09T10:00:00Z","39.69721"
"2026-09-06T10:10:43Z","2026-09-09T10:00:00Z","2026-09-09T11:00:00Z","37.788807"
"2026-09-06T10:10:43Z","2026-09-09T11:00:00Z","2026-09-09T12:00:00Z","35.02527"
"2026-09-06T10:10:43Z","2026-09-09T12:00:00Z","2026-09-09T13:00:00Z","32.25019"
"2026-09-06T10:10:43Z","2026-09-09T13:00:00Z","2026-09-09T14:00:00Z","29.742027"
"2026-09-06T10:10:43Z","2026-09-09T14:00:00Z","2026-09-09T15:00:00Z","29.016722"
"2026-09-06T10:10:43Z","2026-09-09T15:00:00Z","2026-09-09T16:00:00Z","30.767807"
"2026-09-06T10:10:43Z","2026-09-09T16:00:00Z","2026-09-09T17:00:00Z","33.439595"
"2026-09-06T10:10:43Z","2026-09-09T17:00:00Z","2026-09-09T18:00:00Z","37.563302"
"2026-09-06T10:10:43Z","2026-09-09T18:00:00Z","2026-09-09T19:00:00Z","40.97408"
"2026-09-06T10:10:43Z","2026-09-09T19:00:00Z","2026-09-09T20:00:00Z","43.165822"
"2026-09-06T10:10:43Z","2026-09-09T20:00:00Z","2026-09-09T21:00:00Z","43.270542"
"2026-09-06T10:10:43Z","2026-09-09T21:00:00Z","2026-09-09T22:00:00Z","42.065905"
"2026-09-06T10:10:43Z","2026-09-09T22:00:00Z","2026-09-09T23:00:00Z","40.207482"
"2026-09-06T10:10:43Z","2026-09-09T23:00:00Z","2026-09-10T00:00:00Z","38.780672"
"2026-09-06T10:10:43Z","2026-09-10T00:00:00Z","2026-09-10T01:00:00Z","38.33942"
"2026-09-06T10:10:43Z","2026-09-10T01:00:00Z","2026-09-10T02:00:00Z","38.025022"
"2026-09-06T10:10:43Z","2026-09-10T02:00:00Z","2026-09-10T03:00:00Z","38.236485"
"2026-09-06T10:10:43Z","2026-09-10T03:00:00Z","2026-09-10T04:00:00Z","37.971115"
"2026-09-06T10:10:43Z","2026-09-10T04:00:00Z","2026-09-10T05:00:00Z","38.18829"
"2026-09-06T10:10:43Z","2026-09-10T05:00:00Z","2026-09-10T06:00:00Z","39.51871"
"2026-09-06T10:10:43Z","2026-09-10T06:00:00Z","2026-09-10T07:00:00Z","41.797917"
"2026-09-06T10:10:43Z","2026-09-10T07:00:00Z","2026-09-10T08:00:00Z","43.342537"
"2026-09-06T10:10:43Z","2026-09-10T08:00:00Z","2026-09-10T09:00:00Z","43.078"
"2026-09-06T10:10:43Z","2026-09-10T09:00:00Z","2026-09-10T10:00:00Z","41.82017"
"2026-09-06T10:10:43Z","2026-09-10T10:00:00Z","2026-09-10T11:00:00Z","39.451832"
"2026-09-06T10:10:43Z","2026-09-10T11:00:00Z","2026-09-10T12:00:00Z","36.833475"
"2026-09-06T10:10:43Z","2026-09-10T12:00:00Z","2026-09-10T13:00:00Z","33.419365"
"2026-09-06T10:10:43Z","2026-09-10T13:00:00Z","2026-09-10T14:00:00Z","30.540517"
"2026-09-06T10:10:43Z","2026-09-10T14:00:00Z","2026-09-10T15:00:00Z","31.235715"
"2026-09-06T10:10:43Z","2026-09-10T15:00:00Z","2026-09-10T16:00:00Z","33.915357"
"2026-09-06T10:10:43Z","2026-09-10T16:00:00Z","2026-09-10T17:00:00Z","35.24423"
"2026-09-06T10:10:43Z","2026-09-10T17:00:00Z","2026-09-10T18:00:00Z","38.90229"
"2026-09-06T10:10:43Z","2026-09-10T18:00:00Z","2026-09-10T19:00:00Z","42.097797"
"2026-09-06T10:10:43Z","2026-09-10T19:00:00Z","2026-09-10T20:00:00Z","48.177745"
"2026-09-06T10:10:43Z","2026-09-10T20:00:00Z","2026-09-10T21:00:00Z","50.098167"
"2026-09-06T10:10:43Z","2026-09-10T21:00:00Z","2026-09-10T22:00:00Z","46.798535"
"2026-09-06T19:55:24Z","2026-09-07T22:00:00Z","2026-09-07T23:00:00Z","42.684467"
"2026-09-06T19:55:24Z","2026-09-07T23:00:00Z","2026-09-08T00:00:00Z","41.276935"
"2026-09-06T19:55:24Z","2026-09-08T00:00:00Z","2026-09-08T01:00:00Z","41.363805"
"2026-09-06T19:55:24Z","2026-09-08T01:00:00Z","2026-09-08T02:00:00Z","40.935405"
"2026-09-06T19:55:24Z","2026-09-08T02:00:00Z","2026-09-08T03:00:00Z","39.572617"
"2026-09-06T19:55:24Z","2026-09-08T03:00:00Z","2026-09-08T04:00:00Z","38.638705"
"2026-09-06T19:55:24Z","2026-09-08T04:00:00Z","2026-09-08T05:00:00Z","38.198167"
"2026-09-06T19:55:24Z","2026-09-08T05:00:00Z","2026-09-08T06:00:00Z","38.31324"
"2026-09-06T19:55:24Z","2026-09-08T06:00:00Z","2026-09-08T07:00:00Z","39.172182"
"2026-09-06T19:55:24Z","2026-09-08T07:00:00Z","2026-09-08T08:00:00Z","40.909225"
"2026-09-06T19:55:24Z","2026-09-08T08:00:00Z","2026-09-08T09:00:00Z","41.39653"
"2026-09-06T19:55:24Z","2026-09-08T09:00:00Z","2026-09-08T10:00:00Z","38.194835"
"2026-09-06T19:55:24Z","2026-09-08T10:00:00Z","2026-09-08T11:00:00Z","36.304282"
"2026-09-06T19:55:24Z","2026-09-08T11:00:00Z","2026-09-08T12:00:00Z","33.48779"
"2026-09-06T19:55:24Z","2026-09-08T12:00:00Z","2026-09-08T13:00:00Z","29.797005"
"2026-09-06T19:55:24Z","2026-09-08T13:00:00Z","2026-09-08T14:00:00Z","26.078017"
"2026-09-06T19:55:24Z","2026-09-08T14:00:00Z","2026-09-08T15:00:00Z","25.627245"
"2026-09-06T19:55:24Z","2026-09-08T15:00:00Z","2026-09-08T16:00:00Z","27.892172"
"2026-09-06T19:55:24Z","2026-09-08T16:00:00Z","2026-09-08T17:00:00Z","32.845547"
"2026-09-06T19:55:24Z","2026-09-08T17:00:00Z","2026-09-08T18:00:00Z","37.1756"
"2026-09-06T19:55:24Z","2026-09-08T18:00:00Z","2026-09-08T19:00:00Z","41.074992"
"2026-09-06T19:55:24Z","2026-09-08T19:00:00Z","2026-09-08T20:00:00Z","44.486722"
"2026-09-06T19:55:24Z","2026-09-08T20:00:00Z","2026-09-08T21:00:00Z","45.500245"
"2026-09-06T19:55:24Z","2026-09-08T21:00:00Z","2026-09-08T22:00:00Z","44.305485"
"2026-09-06T19:55:24Z","2026-09-08T22:00:00Z","2026-09-08T23:00:00Z","42.63532"
"2026-09-06T19:55:24Z","2026-09-08T23:00:00Z","2026-09-09T00:00:00Z","40.79439"
"2026-09-06T19:55:24Z","2026-09-09T00:00:00Z","2026-09-09T01:00:00Z","40.021485"
"2026-09-06T19:55:24Z","2026-09-09T01:00:00Z","2026-09-09T02:00:00Z","38.771747"
"2026-09-06T19:55:24Z","2026-09-09T02:00:00Z","2026-09-09T03:00:00Z","37.747395"
"2026-09-06T19:55:24Z","2026-09-09T03:00:00Z","2026-09-09T04:00:00Z","37.632917"
"2026-09-06T19:55:24Z","2026-09-09T04:00:00Z","2026-09-09T05:00:00Z","37.611497"
"2026-09-06T19:55:24Z","2026-09-09T05:00:00Z","2026-09-09T06:00:00Z","37.867347"
"2026-09-06T19:55:24Z","2026-09-09T06:00:00Z","2026-09-09T07:00:00Z","39.655322"
"2026-09-06T19:55:24Z","2026-09-09T07:00:00Z","2026-09-09T08:00:00Z","41.574792"
"2026-09-06T19:55:24Z","2026-09-09T08:00:00Z","2026-09-09T09:00:00Z","41.96535"
"2026-09-06T19:55:24Z","2026-09-09T09:00:00Z","2026-09-09T10:00:00Z","40.119065"
"2026-09-06T19:55:24Z","2026-09-09T10:00:00Z","2026-09-09T11:00:00Z","37.4255"
"2026-09-06T19:55:24Z","2026-09-09T11:00:00Z","2026-09-09T12:00:00Z","34.161925"
"2026-09-06T19:55:24Z","2026-09-09T12:00:00Z","2026-09-09T13:00:00Z","31.164672"
"2026-09-06T19:55:24Z","2026-09-09T13:00:00Z","2026-09-09T14:00:00Z","28.64806"
"2026-09-06T19:55:24Z","2026-09-09T14:00:00Z","2026-09-09T15:00:00Z","29.758092"
"2026-09-06T19:55:24Z","2026-09-09T15:00:00Z","2026-09-09T16:00:00Z","31.039722"
"2026-09-06T19:55:24Z","2026-09-09T16:00:00Z","2026-09-09T17:00:00Z","33.5937"
"2026-09-06T19:55:24Z","2026-09-09T17:00:00Z","2026-09-09T18:00:00Z","37.77179"
"2026-09-06T19:55:24Z","2026-09-09T18:00:00Z","2026-09-09T19:00:00Z","40.676937"
"2026-09-06T19:55:24Z","2026-09-09T19:00:00Z","2026-09-09T20:00:00Z","43.081332"
"2026-09-06T19:55:24Z","2026-09-09T20:00:00Z","2026-09-09T21:00:00Z","44.269785"
"2026-09-06T19:55:24Z","2026-09-09T21:00:00Z","2026-09-09T22:00:00Z","42.744562"
"2026-09-06T19:55:24Z","2026-09-09T22:00:00Z","2026-09-09T23:00:00Z","41.161862"
"2026-09-06T19:55:24Z","2026-09-09T23:00:00Z","2026-09-10T00:00:00Z","39.87214"
"2026-09-06T19:55:24Z","2026-09-10T00:00:00Z","2026-09-10T01:00:00Z","40.458572"
"2026-09-06T19:55:24Z","2026-09-10T01:00:00Z","2026-09-10T02:00:00Z","39.637115"
"2026-09-06T19:55:24Z","2026-09-10T02:00:00Z","2026-09-10T03:00:00Z","38.299912"
"2026-09-06T19:55:24Z","2026-09-10T03:00:00Z","2026-09-10T04:00:00Z","37.655765"
"2026-09-06T19:55:24Z","2026-09-10T04:00:00Z","2026-09-10T05:00:00Z","37.909592"
"2026-09-06T19:55:24Z","2026-09-10T05:00:00Z","2026-09-10T06:00:00Z","39.57583"
"2026-09-06T19:55:24Z","2026-09-10T06:00:00Z","2026-09-10T07:00:00Z","41.787802"
"2026-09-06T19:55:24Z","2026-09-10T07:00:00Z","2026-09-10T08:00:00Z","42.94948"
"2026-09-06T19:55:24Z","2026-09-10T08:00:00Z","2026-09-10T09:00:00Z","42.992915"
"2026-09-06T19:55:24Z","2026-09-10T09:00:00Z","2026-09-10T10:00:00Z","42.157535"
"2026-09-06T19:55:24Z","2026-09-10T10:00:00Z","2026-09-10T11:00:00Z","39.632117"
"2026-09-06T19:55:24Z","2026-09-10T11:00:00Z","2026-09-10T12:00:00Z","34.362202"
"2026-09-06T19:55:24Z","2026-09-10T12:00:00Z","2026-09-10T13:00:00Z","31.052455"
"2026-09-06T19:55:24Z","2026-09-10T13:00:00Z","2026-09-10T14:00:00Z","27.196855"
"2026-09-06T19:55:24Z","2026-09-10T14:00:00Z","2026-09-10T15:00:00Z","27.507207"
"2026-09-06T19:55:24Z","2026-09-10T15:00:00Z","2026-09-10T16:00:00Z","31.17086"
"2026-09-06T19:55:24Z","2026-09-10T16:00:00Z","2026-09-10T17:00:00Z","33.62583"
"2026-09-06T19:55:24Z","2026-09-10T17:00:00Z","2026-09-10T18:00:00Z","38.411177"
"2026-09-06T19:55:24Z","2026-09-10T18:00:00Z","2026-09-10T19:00:00Z","42.018067"
"2026-09-06T19:55:24Z","2026-09-10T19:00:00Z","2026-09-10T20:00:00Z","48.217372"
"2026-09-06T19:55:24Z","2026-09-10T20:00:00Z","2026-09-10T21:00:00Z","49.114037"
"2026-09-06T19:55:24Z","2026-09-10T21:00:00Z","2026-09-10T22:00:00Z","45.996475"
"2026-09-07T11:26:42Z","2026-09-07T22:00:00Z","2026-09-07T23:00:00Z","42.684467"
"2026-09-07T11:26:42Z","2026-09-07T23:00:00Z","2026-09-08T00:00:00Z","41.276935"
"2026-09-07T11:26:42Z","2026-09-08T00:00:00Z","2026-09-08T01:00:00Z","40.422277"
"2026-09-07T11:26:42Z","2026-09-08T01:00:00Z","2026-09-08T02:00:00Z","39.986142"
"2026-09-07T11:26:42Z","2026-09-08T02:00:00Z","2026-09-08T03:00:00Z","38.99749"
"2026-09-07T11:26:42Z","2026-09-08T03:00:00Z","2026-09-08T04:00:00Z","38.278492"
"2026-09-07T11:26:42Z","2026-09-08T04:00:00Z","2026-09-08T05:00:00Z","38.356675"
"2026-09-07T11:26:42Z","2026-09-08T05:00:00Z","2026-09-08T06:00:00Z","40.356232"
"2026-09-07T11:26:42Z","2026-09-08T06:00:00Z","2026-09-08T07:00:00Z","43.228892"
"2026-09-07T11:26:42Z","2026-09-08T07:00:00Z","2026-09-08T08:00:00Z","44.592275"
"2026-09-07T11:26:42Z","2026-09-08T08:00:00Z","2026-09-08T09:00:00Z","44.237417"
"2026-09-07T11:26:42Z","2026-09-08T09:00:00Z","2026-09-08T10:00:00Z","41.62977"
"2026-09-07T11:26:42Z","2026-09-08T10:00:00Z","2026-09-08T11:00:00Z","38.889795"
"2026-09-07T11:26:42Z","2026-09-08T11:00:00Z","2026-09-08T12:00:00Z","34.249747"
"2026-09-07T11:26:42Z","2026-09-08T12:00:00Z","2026-09-08T13:00:00Z","28.85155"
"2026-09-07T11:26:42Z","2026-09-08T13:00:00Z","2026-09-08T14:00:00Z","24.062752"
"2026-09-07T11:26:42Z","2026-09-08T14:00:00Z","2026-09-08T15:00:00Z","22.010597"
"2026-09-07T11:26:42Z","2026-09-08T15:00:00Z","2026-09-08T16:00:00Z","26.396342"
"2026-09-07T11:26:42Z","2026-09-08T16:00:00Z","2026-09-08T17:00:00Z","32.16094"
"2026-09-07T11:26:42Z","2026-09-08T17:00:00Z","2026-09-08T18:00:00Z","36.68532"
"2026-09-07T11:26:42Z","2026-09-08T18:00:00Z","2026-09-08T19:00:00Z","41.383202"
"2026-09-07T11:26:42Z","2026-09-08T19:00:00Z","2026-09-08T20:00:00Z","44.138885"
"2026-09-07T11:26:42Z","2026-09-08T20:00:00Z","2026-09-08T21:00:00Z","45.633882"
"2026-09-07T11:26:42Z","2026-09-08T21:00:00Z","2026-09-08T22:00:00Z","44.773512"
"2026-09-07T11:26:42Z","2026-09-08T22:00:00Z","2026-09-08T23:00:00Z","43.179745"
"2026-09-07T11:26:42Z","2026-09-08T23:00:00Z","2026-09-09T00:00:00Z","41.157102"
"2026-09-07T11:26:42Z","2026-09-09T00:00:00Z","2026-09-09T01:00:00Z","39.992925"
"2026-09-07T11:26:42Z","2026-09-09T01:00:00Z","2026-09-09T02:00:00Z","39.018672"
"2026-09-07T11:26:42Z","2026-09-09T02:00:00Z","2026-09-09T03:00:00Z","38.258857"
"2026-09-07T11:26:42Z","2026-09-09T03:00:00Z","2026-09-09T04:00:00Z","37.740017"
"2026-09-07T11:26:42Z","2026-09-09T04:00:00Z","2026-09-09T05:00:00Z","37.847117"
"2026-09-07T11:26:42Z","2026-09-09T05:00:00Z","2026-09-09T06:00:00Z","39.447072"
"2026-09-07T11:26:42Z","2026-09-09T06:00:00Z","2026-09-09T07:00:00Z","41.581575"
"2026-09-07T11:26:42Z","2026-09-09T07:00:00Z","2026-09-09T08:00:00Z","43.125005"
"2026-09-07T11:26:42Z","2026-09-09T08:00:00Z","2026-09-09T09:00:00Z","43.379427"
"2026-09-07T11:26:42Z","2026-09-09T09:00:00Z","2026-09-09T10:00:00Z","41.548255"
"2026-09-07T11:26:42Z","2026-09-09T10:00:00Z","2026-09-09T11:00:00Z","39.023432"
"2026-09-07T11:26:42Z","2026-09-09T11:00:00Z","2026-09-09T12:00:00Z","35.703927"
"2026-09-07T11:26:42Z","2026-09-09T12:00:00Z","2026-09-09T13:00:00Z","31.950667"
"2026-09-07T11:26:42Z","2026-09-09T13:00:00Z","2026-09-09T14:00:00Z","29.968127"
"2026-09-07T11:26:42Z","2026-09-09T14:00:00Z","2026-09-09T15:00:00Z","29.970507"
"2026-09-07T11:26:42Z","2026-09-09T15:00:00Z","2026-09-09T16:00:00Z","31.80275"
"2026-09-07T11:26:42Z","2026-09-09T16:00:00Z","2026-09-09T17:00:00Z","34.732292"
"2026-09-07T11:26:42Z","2026-09-09T17:00:00Z","2026-09-09T18:00:00Z","38.667622"
"2026-09-07T11:26:42Z","2026-09-09T18:00:00Z","2026-09-09T19:00:00Z","42.510965"
"2026-09-07T11:26:42Z","2026-09-09T19:00:00Z","2026-09-09T20:00:00Z","44.971052"
"2026-09-07T11:26:42Z","2026-09-09T20:00:00Z","2026-09-09T21:00:00Z","45.133487"
"2026-09-07T11:26:42Z","2026-09-09T21:00:00Z","2026-09-09T22:00:00Z","44.010127"
"2026-09-07T11:26:42Z","2026-09-09T22:00:00Z","2026-09-09T23:00:00Z","43.254715"
"2026-09-07T11:26:42Z","2026-09-09T23:00:00Z","2026-09-10T00:00:00Z","42.22953"
"2026-09-07T11:26:42Z","2026-09-10T00:00:00Z","2026-09-10T01:00:00Z","41.498037"
"2026-09-07T11:26:42Z","2026-09-10T01:00:00Z","2026-09-10T02:00:00Z","40.75274"
"2026-09-07T11:26:42Z","2026-09-10T02:00:00Z","2026-09-10T03:00:00Z","39.97448"
"2026-09-07T11:26:42Z","2026-09-10T03:00:00Z","2026-09-10T04:00:00Z","39.74243"
"2026-09-07T11:26:42Z","2026-09-10T04:00:00Z","2026-09-10T05:00:00Z","39.75076"
"2026-09-07T11:26:42Z","2026-09-10T05:00:00Z","2026-09-10T06:00:00Z","41.372492"
"2026-09-07T11:26:42Z","2026-09-10T06:00:00Z","2026-09-10T07:00:00Z","43.759037"
"2026-09-07T11:26:42Z","2026-09-10T07:00:00Z","2026-09-10T08:00:00Z","44.727697"
"2026-09-07T11:26:42Z","2026-09-10T08:00:00Z","2026-09-10T09:00:00Z","44.83801"
"2026-09-07T11:26:42Z","2026-09-10T09:00:00Z","2026-09-10T10:00:00Z","43.272922"
"2026-09-07T11:26:42Z","2026-09-10T10:00:00Z","2026-09-10T11:00:00Z","40.100382"
"2026-09-07T11:26:42Z","2026-09-10T11:00:00Z","2026-09-10T12:00:00Z","36.491707"
"2026-09-07T11:26:42Z","2026-09-10T12:00:00Z","2026-09-10T13:00:00Z","33.19148"
"2026-09-07T11:26:42Z","2026-09-10T13:00:00Z","2026-09-10T14:00:00Z","30.597637"
"2026-09-07T11:26:42Z","2026-09-10T14:00:00Z","2026-09-10T15:00:00Z","30.889425"
"2026-09-07T11:26:42Z","2026-09-10T15:00:00Z","2026-09-10T16:00:00Z","33.936182"
"2026-09-07T11:26:42Z","2026-09-10T16:00:00Z","2026-09-10T17:00:00Z","37.358027"
"2026-09-07T11:26:42Z","2026-09-10T17:00:00Z","2026-09-10T18:00:00Z","41.379275"
"2026-09-07T11:26:42Z","2026-09-10T18:00:00Z","2026-09-10T19:00:00Z","44.777915"
"2026-09-07T11:26:42Z","2026-09-10T19:00:00Z","2026-09-10T20:00:00Z","49.35168"
"2026-09-07T11:26:42Z","2026-09-10T20:00:00Z","2026-09-10T21:00:00Z","51.55199"
"2026-09-07T11:26:42Z","2026-09-10T21:00:00Z","2026-09-10T22:00:00Z","49.478177"
"2026-09-07T11:26:42Z","2026-09-10T22:00:00Z","2026-09-10T23:00:00Z","46.75153"
"2026-09-07T11:26:42Z","2026-09-10T23:00:00Z","2026-09-11T00:00:00Z","44.738645"
"2026-09-07T11:26:42Z","2026-09-11T00:00:00Z","2026-09-11T01:00:00Z","43.485337"
"2026-09-07T11:26:42Z","2026-09-11T01:00:00Z","2026-09-11T02:00:00Z","42.37709"
"2026-09-07T11:26:42Z","2026-09-11T02:00:00Z","2026-09-11T03:00:00Z","41.351072"
"2026-09-07T11:26:42Z","2026-09-11T03:00:00Z","2026-09-11T04:00:00Z","40.775112"
"2026-09-07T11:26:42Z","2026-09-11T04:00:00Z","2026-09-11T05:00:00Z","40.636477"
"2026-09-07T11:26:42Z","2026-09-11T05:00:00Z","2026-09-11T06:00:00Z","41.428065"
"2026-09-07T11:26:42Z","2026-09-11T06:00:00Z","2026-09-11T07:00:00Z","43.15892"
"2026-09-07T11:26:42Z","2026-09-11T07:00:00Z","2026-09-11T08:00:00Z","43.936942"
"2026-09-07T11:26:42Z","2026-09-11T08:00:00Z","2026-09-11T09:00:00Z","43.95146"
"2026-09-07T11:26:42Z","2026-09-11T09:00:00Z","2026-09-11T10:00:00Z","42.904022"
"2026-09-07T11:26:42Z","2026-09-11T10:00:00Z","2026-09-11T11:00:00Z","40.55401"
"2026-09-07T11:26:42Z","2026-09-11T11:00:00Z","2026-09-11T12:00:00Z","37.892932"
"2026-09-07T11:26:42Z","2026-09-11T12:00:00Z","2026-09-11T13:00:00Z","35.88326"
"2026-09-07T11:26:42Z","2026-09-11T13:00:00Z","2026-09-11T14:00:00Z","33.594295"
"2026-09-07T11:26:42Z","2026-09-11T14:00:00Z","2026-09-11T15:00:00Z","33.506592"
"2026-09-07T11:26:42Z","2026-09-11T15:00:00Z","2026-09-11T16:00:00Z","35.700595"
"2026-09-07T11:26:42Z","2026-09-11T16:00:00Z","2026-09-11T17:00:00Z","38.046085"
"2026-09-07T11:26:42Z","2026-09-11T17:00:00Z","2026-09-11T18:00:00Z","41.17757"
"2026-09-07T11:26:42Z","2026-09-11T18:00:00Z","2026-09-11T19:00:00Z","44.091047"
"2026-09-07T11:26:42Z","2026-09-11T19:00:00Z","2026-09-11T20:00:00Z","46.995837"
"2026-09-07T11:26:42Z","2026-09-11T20:00:00Z","2026-09-11T21:00:00Z","48.216777"
"2026-09-07T11:26:42Z","2026-09-11T21:00:00Z","2026-09-11T22:00:00Z","46.18866"
"2026-09-07T21:02:59Z","2026-09-08T22:00:00Z","2026-09-08T23:00:00Z","44.074387"
"2026-09-07T21:02:59Z","2026-09-08T23:00:00Z","2026-09-09T00:00:00Z","42.259042"
"2026-09-07T21:02:59Z","2026-09-09T00:00:00Z","2026-09-09T01:00:00Z","39.746"
"2026-09-07T21:02:59Z","2026-09-09T01:00:00Z","2026-09-09T02:00:00Z","38.763655"
"2026-09-07T21:02:59Z","2026-09-09T02:00:00Z","2026-09-09T03:00:00Z","37.902095"
"2026-09-07T21:02:59Z","2026-09-09T03:00:00Z","2026-09-09T04:00:00Z","37.604"
"2026-09-07T21:02:59Z","2026-09-09T04:00:00Z","2026-09-09T05:00:00Z","37.777502"
"2026-09-07T21:02:59Z","2026-09-09T05:00:00Z","2026-09-09T06:00:00Z","39.39495"
"2026-09-07T21:02:59Z","2026-09-09T06:00:00Z","2026-09-09T07:00:00Z","42.153965"
"2026-09-07T21:02:59Z","2026-09-09T07:00:00Z","2026-09-09T08:00:00Z","43.572207"
"2026-09-07T21:02:59Z","2026-09-09T08:00:00Z","2026-09-09T09:00:00Z","43.591247"
"2026-09-07T21:02:59Z","2026-09-09T09:00:00Z","2026-09-09T10:00:00Z","42.144207"
"2026-09-07T21:02:59Z","2026-09-09T10:00:00Z","2026-09-09T11:00:00Z","39.470277"
"2026-09-07T21:02:59Z","2026-09-09T11:00:00Z","2026-09-09T12:00:00Z","36.28667"
"2026-09-07T21:02:59Z","2026-09-09T12:00:00Z","2026-09-09T13:00:00Z","33.22956"
"2026-09-07T21:02:59Z","2026-09-09T13:00:00Z","2026-09-09T14:00:00Z","30.876692"
"2026-09-07T21:02:59Z","2026-09-09T14:00:00Z","2026-09-09T15:00:00Z","30.593115"
"2026-09-07T21:02:59Z","2026-09-09T15:00:00Z","2026-09-09T16:00:00Z","32.493307"
"2026-09-07T21:02:59Z","2026-09-09T16:00:00Z","2026-09-09T17:00:00Z","35.552202"
"2026-09-07T21:02:59Z","2026-09-09T17:00:00Z","2026-09-09T18:00:00Z","39.209072"
"2026-09-07T21:02:59Z","2026-09-09T18:00:00Z","2026-09-09T19:00:00Z","42.710647"
"2026-09-07T21:02:59Z","2026-09-09T19:00:00Z","2026-09-09T20:00:00Z","44.57978"
"2026-09-07T21:02:59Z","2026-09-09T20:00:00Z","2026-09-09T21:00:00Z","45.012702"
"2026-09-07T21:02:59Z","2026-09-09T21:00:00Z","2026-09-09T22:00:00Z","44.216592"
"2026-09-07T21:02:59Z","2026-09-09T22:00:00Z","2026-09-09T23:00:00Z","43.215207"
"2026-09-07T21:02:59Z","2026-09-09T23:00:00Z","2026-09-10T00:00:00Z","41.700575"
"2026-09-07T21:02:59Z","2026-09-10T00:00:00Z","2026-09-10T01:00:00Z","41.279077"
"2026-09-07T21:02:59Z","2026-09-10T01:00:00Z","2026-09-10T02:00:00Z","40.95147"
"2026-09-07T21:02:59Z","2026-09-10T02:00:00Z","2026-09-10T03:00:00Z","40.612677"
"2026-09-07T21:02:59Z","2026-09-10T03:00:00Z","2026-09-10T04:00:00Z","40.612082"
"2026-09-07T21:02:59Z","2026-09-10T04:00:00Z","2026-09-10T05:00:00Z","41.296927"
"2026-09-07T21:02:59Z","2026-09-10T05:00:00Z","2026-09-10T06:00:00Z","42.476217"
"2026-09-07T21:02:59Z","2026-09-10T06:00:00Z","2026-09-10T07:00:00Z","44.105327"
"2026-09-07T21:02:59Z","2026-09-10T07:00:00Z","2026-09-10T08:00:00Z","45.20572"
"2026-09-07T21:02:59Z","2026-09-10T08:00:00Z","2026-09-10T09:00:00Z","45.089695"
"2026-09-07T21:02:59Z","2026-09-10T09:00:00Z","2026-09-10T10:00:00Z","43.732262"
"2026-09-07T21:02:59Z","2026-09-10T10:00:00Z","2026-09-10T11:00:00Z","41.049407"
"2026-09-07T21:02:59Z","2026-09-10T11:00:00Z","2026-09-10T12:00:00Z","38.10142"
"2026-09-07T21:02:59Z","2026-09-10T12:00:00Z","2026-09-10T13:00:00Z","35.53935"
"2026-09-07T21:02:59Z","2026-09-10T13:00:00Z","2026-09-10T14:00:00Z","33.166252"
"2026-09-07T21:02:59Z","2026-09-10T14:00:00Z","2026-09-10T15:00:00Z","33.826345"
"2026-09-07T21:02:59Z","2026-09-10T15:00:00Z","2026-09-10T16:00:00Z","35.986195"
"2026-09-07T21:02:59Z","2026-09-10T16:00:00Z","2026-09-10T17:00:00Z","38.658697"
"2026-09-07T21:02:59Z","2026-09-10T17:00:00Z","2026-09-10T18:00:00Z","42.531195"
"2026-09-07T21:02:59Z","2026-09-10T18:00:00Z","2026-09-10T19:00:00Z","45.198937"
"2026-09-07T21:02:59Z","2026-09-10T19:00:00Z","2026-09-10T20:00:00Z","49.229467"
"2026-09-07T21:02:59Z","2026-09-10T20:00:00Z","2026-09-10T21:00:00Z","48.528795"
"2026-09-07T21:02:59Z","2026-09-10T21:00:00Z","2026-09-10T22:00:00Z","47.934747"
"2026-09-07T21:02:59Z","2026-09-10T22:00:00Z","2026-09-10T23:00:00Z","46.421305"
"2026-09-07T21:02:59Z","2026-09-10T23:00:00Z","2026-09-11T00:00:00Z","44.636662"
"2026-09-07T21:02:59Z","2026-09-11T00:00:00Z","2026-09-11T01:00:00Z","43.823535"
"2026-09-07T21:02:59Z","2026-09-11T01:00:00Z","2026-09-11T02:00:00Z","42.58415"
"2026-09-07T21:02:59Z","2026-09-11T02:00:00Z","2026-09-11T03:00:00Z","41.704502"
"2026-09-07T21:02:59Z","2026-09-11T03:00:00Z","2026-09-11T04:00:00Z","40.454645"
"2026-09-07T21:02:59Z","2026-09-11T04:00:00Z","2026-09-11T05:00:00Z","40.28388"
"2026-09-07T21:02:59Z","2026-09-11T05:00:00Z","2026-09-11T06:00:00Z","41.54647"
"2026-09-07T21:02:59Z","2026-09-11T06:00:00Z","2026-09-11T07:00:00Z","43.146782"
"2026-09-07T21:02:59Z","2026-09-11T07:00:00Z","2026-09-11T08:00:00Z","44.41794"
"2026-09-07T21:02:59Z","2026-09-11T08:00:00Z","2026-09-11T09:00:00Z","44.110325"
"2026-09-07T21:02:59Z","2026-09-11T09:00:00Z","2026-09-11T10:00:00Z","42.927465"
"2026-09-07T21:02:59Z","2026-09-11T10:00:00Z","2026-09-11T11:00:00Z","41.166265"
"2026-09-07T21:02:59Z","2026-09-11T11:00:00Z","2026-09-11T12:00:00Z","38.156517"
"2026-09-07T21:02:59Z","2026-09-11T12:00:00Z","2026-09-11T13:00:00Z","36.254897"
"2026-09-07T21:02:59Z","2026-09-11T13:00:00Z","2026-09-11T14:00:00Z","34.30294"
"2026-09-07T21:02:59Z","2026-09-11T14:00:00Z","2026-09-11T15:00:00Z","33.91619"
"2026-09-07T21:02:59Z","2026-09-11T15:00:00Z","2026-09-11T16:00:00Z","35.347522"
"2026-09-07T21:02:59Z","2026-09-11T16:00:00Z","2026-09-11T17:00:00Z","37.954812"
"2026-09-07T21:02:59Z","2026-09-11T17:00:00Z","2026-09-11T18:00:00Z","40.574002"
"2026-09-07T21:02:59Z","2026-09-11T18:00:00Z","2026-09-11T19:00:00Z","44.373315"
"2026-09-07T21:02:59Z","2026-09-11T19:00:00Z","2026-09-11T20:00:00Z","47.59167"
"2026-09-07T21:02:59Z","2026-09-11T20:00:00Z","2026-09-11T21:00:00Z","49.292775"
"2026-09-07T21:02:59Z","2026-09-11T21:00:00Z","2026-09-11T22:00:00Z","46.837567"
"2026-09-08T10:29:50Z","2026-09-08T22:00:00Z","2026-09-08T23:00:00Z","44.074387"
"2026-09-08T10:29:50Z","2026-09-08T23:00:00Z","2026-09-09T00:00:00Z","42.259042"
"2026-09-08T10:29:50Z","2026-09-09T00:00:00Z","2026-09-09T01:00:00Z","40.309227"
"2026-09-08T10:29:50Z","2026-09-09T01:00:00Z","2026-09-09T02:00:00Z","39.53775"
"2026-09-08T10:29:50Z","2026-09-09T02:00:00Z","2026-09-09T03:00:00Z","38.6036"
"2026-09-08T10:29:50Z","2026-09-09T03:00:00Z","2026-09-09T04:00:00Z","37.6754"
"2026-09-08T10:29:50Z","2026-09-09T04:00:00Z","2026-09-09T05:00:00Z","37.056005"
"2026-09-08T10:29:50Z","2026-09-09T05:00:00Z","2026-09-09T06:00:00Z","38.531605"
"2026-09-08T10:29:50Z","2026-09-09T06:00:00Z","2026-09-09T07:00:00Z","41.137705"
"2026-09-08T10:29:50Z","2026-09-09T07:00:00Z","2026-09-09T08:00:00Z","43.9348"
"2026-09-08T10:29:50Z","2026-09-09T08:00:00Z","2026-09-09T09:00:00Z","43.59089"
"2026-09-08T10:29:50Z","2026-09-09T09:00:00Z","2026-09-09T10:00:00Z","41.262655"
"2026-09-08T10:29:50Z","2026-09-09T10:00:00Z","2026-09-09T11:00:00Z","37.82891"
"2026-09-08T10:29:50Z","2026-09-09T11:00:00Z","2026-09-09T12:00:00Z","31.968755"
"2026-09-08T10:29:50Z","2026-09-09T12:00:00Z","2026-09-09T13:00:00Z","28.02807"
"2026-09-08T10:29:50Z","2026-09-09T13:00:00Z","2026-09-09T14:00:00Z","24.40333"
"2026-09-08T10:29:50Z","2026-09-09T14:00:00Z","2026-09-09T15:00:00Z","24.347995"
"2026-09-08T10:29:50Z","2026-09-09T15:00:00Z","2026-09-09T16:00:00Z","28.17087"
"2026-09-08T10:29:50Z","2026-09-09T16:00:00Z","2026-09-09T17:00:00Z","32.545905"
"2026-09-08T10:29:50Z","2026-09-09T17:00:00Z","2026-09-09T18:00:00Z","37.202375"
"2026-09-08T10:29:50Z","2026-09-09T18:00:00Z","2026-09-09T19:00:00Z","41.9475"
"2026-09-08T10:29:50Z","2026-09-09T19:00:00Z","2026-09-09T20:00:00Z","44.442335"
"2026-09-08T10:29:50Z","2026-09-09T20:00:00Z","2026-09-09T21:00:00Z","45.15812"
"2026-09-08T10:29:50Z","2026-09-09T21:00:00Z","2026-09-09T22:00:00Z","44.79398"
"2026-09-08T10:29:50Z","2026-09-09T22:00:00Z","2026-09-09T23:00:00Z","43.56709"
"2026-09-08T10:29:50Z","2026-09-09T23:00:00Z","2026-09-10T00:00:00Z","42.378875"
"2026-09-08T10:29:50Z","2026-09-10T00:00:00Z","2026-09-10T01:00:00Z","41.854085"
"2026-09-08T10:29:50Z","2026-09-10T01:00:00Z","2026-09-10T02:00:00Z","40.52902"
"2026-09-08T10:29:50Z","2026-09-10T02:00:00Z","2026-09-10T03:00:00Z","39.483962"
"2026-09-08T10:29:50Z","2026-09-10T03:00:00Z","2026-09-10T04:00:00Z","39.817162"
"2026-09-08T10:29:50Z","2026-09-10T04:00:00Z","2026-09-10T05:00:00Z","40.532947"
"2026-09-08T10:29:50Z","2026-09-10T05:00:00Z","2026-09-10T06:00:00Z","41.94631"
"2026-09-08T10:29:50Z","2026-09-10T06:00:00Z","2026-09-10T07:00:00Z","44.144002"
"2026-09-08T10:29:50Z","2026-09-10T07:00:00Z","2026-09-10T08:00:00Z","45.505957"
"2026-09-08T10:29:50Z","2026-09-10T08:00:00Z","2026-09-10T09:00:00Z","45.37946"
"2026-09-08T10:29:50Z","2026-09-10T09:00:00Z","2026-09-10T10:00:00Z","42.364952"
"2026-09-08T10:29:50Z","2026-09-10T10:00:00Z","2026-09-10T11:00:00Z","39.10697"
"2026-09-08T10:29:50Z","2026-09-10T11:00:00Z","2026-09-10T12:00:00Z","36.964732"
"2026-09-08T10:29:50Z","2026-09-10T12:00:00Z","2026-09-10T13:00:00Z","33.883465"
"2026-09-08T10:29:50Z","2026-09-10T13:00:00Z","2026-09-10T14:00:00Z","31.528812"
"2026-09-08T10:29:50Z","2026-09-10T14:00:00Z","2026-09-10T15:00:00Z","32.712267"
"2026-09-08T10:29:50Z","2026-09-10T15:00:00Z","2026-09-10T16:00:00Z","35.635502"
"2026-09-08T10:29:50Z","2026-09-10T16:00:00Z","2026-09-10T17:00:00Z","38.678927"
"2026-09-08T10:29:50Z","2026-09-10T17:00:00Z","2026-09-10T18:00:00Z","42.76146"
"2026-09-08T10:29:50Z","2026-09-10T18:00:00Z","2026-09-10T19:00:00Z","46.190445"
"2026-09-08T10:29:50Z","2026-09-10T19:00:00Z","2026-09-10T20:00:00Z","52.659285"
"2026-09-08T10:29:50Z","2026-09-10T20:00:00Z","2026-09-10T21:00:00Z","56.47383"
"2026-09-08T10:29:50Z","2026-09-10T21:00:00Z","2026-09-10T22:00:00Z","51.494275"
"2026-09-08T10:29:50Z","2026-09-10T22:00:00Z","2026-09-10T23:00:00Z","47.765172"
"2026-09-08T10:29:50Z","2026-09-10T23:00:00Z","2026-09-11T00:00:00Z","46.08037"
"2026-09-08T10:29:50Z","2026-09-11T00:00:00Z","2026-09-11T01:00:00Z","44.4703"
"2026-09-08T10:29:50Z","2026-09-11T01:00:00Z","2026-09-11T02:00:00Z","43.242577"
"2026-09-08T10:29:50Z","2026-09-11T02:00:00Z","2026-09-11T03:00:00Z","41.8404"
"2026-09-08T10:29:50Z","2026-09-11T03:00:00Z","2026-09-11T04:00:00Z","41.344527"
"2026-09-08T10:29:50Z","2026-09-11T04:00:00Z","2026-09-11T05:00:00Z","41.36202"
"2026-09-08T10:29:50Z","2026-09-11T05:00:00Z","2026-09-11T06:00:00Z","42.122787"
"2026-09-08T10:29:50Z","2026-09-11T06:00:00Z","2026-09-11T07:00:00Z","43.947057"
"2026-09-08T10:29:50Z","2026-09-11T07:00:00Z","2026-09-11T08:00:00Z","45.350067"
"2026-09-08T10:29:50Z","2026-09-11T08:00:00Z","2026-09-11T09:00:00Z","45.23904"
"2026-09-08T10:29:50Z","2026-09-11T09:00:00Z","2026-09-11T10:00:00Z","43.63016"
"2026-09-08T10:29:50Z","2026-09-11T10:00:00Z","2026-09-11T11:00:00Z","41.777687"
"2026-09-08T10:29:50Z","2026-09-11T11:00:00Z","2026-09-11T12:00:00Z","39.165042"
"2026-09-08T10:29:50Z","2026-09-11T12:00:00Z","2026-09-11T13:00:00Z","36.918322"
"2026-09-08T10:29:50Z","2026-09-11T13:00:00Z","2026-09-11T14:00:00Z","36.464575"
"2026-09-08T10:29:50Z","2026-09-11T14:00:00Z","2026-09-11T15:00:00Z","36.444702"
"2026-09-08T10:29:50Z","2026-09-11T15:00:00Z","2026-09-11T16:00:00Z","37.38147"
"2026-09-08T10:29:50Z","2026-09-11T16:00:00Z","2026-09-11T17:00:00Z","39.403637"
"2026-09-08T10:29:50Z","2026-09-11T17:00:00Z","2026-09-11T18:00:00Z","42.779072"
"2026-09-08T10:29:50Z","2026-09-11T18:00:00Z","2026-09-11T19:00:00Z","45.748717"
"2026-09-08T10:29:50Z","2026-09-11T19:00:00Z","2026-09-11T20:00:00Z","49.023002"
"2026-09-08T10:29:50Z","2026-09-11T20:00:00Z","2026-09-11T21:00:00Z","50.168615"
"2026-09-08T10:29:50Z","2026-09-11T21:00:00Z","2026-09-11T22:00:00Z","46.000402"
"2026-09-08T10:29:50Z","2026-09-11T22:00:00Z","2026-09-11T23:00:00Z","46.160457"
"2026-09-08T10:29:50Z","2026-09-11T23:00:00Z","2026-09-12T00:00:00Z","45.320912"
"2026-09-08T10:29:50Z","2026-09-12T00:00:00Z","2026-09-12T01:00:00Z","42.990297"
"2026-09-08T10:29:50Z","2026-09-12T01:00:00Z","2026-09-12T02:00:00Z","41.884192"
"2026-09-08T10:29:50Z","2026-09-12T02:00:00Z","2026-09-12T03:00:00Z","41.315967"
"2026-09-08T10:29:50Z","2026-09-12T03:00:00Z","2026-09-12T04:00:00Z","40.652542"
"2026-09-08T10:29:50Z","2026-09-12T04:00:00Z","2026-09-12T05:00:00Z","41.13354"
"2026-09-08T10:29:50Z","2026-09-12T05:00:00Z","2026-09-12T06:00:00Z","41.182092"
"2026-09-08T10:29:50Z","2026-09-12T06:00:00Z","2026-09-12T07:00:00Z","41.267177"
"2026-09-08T10:29:50Z","2026-09-12T07:00:00Z","2026-09-12T08:00:00Z","42.08197"
"2026-09-08T10:29:50Z","2026-09-12T08:00:00Z","2026-09-12T09:00:00Z","40.653732"
"2026-09-08T10:29:50Z","2026-09-12T09:00:00Z","2026-09-12T10:00:00Z","38.003007"
"2026-09-08T10:29:50Z","2026-09-12T10:00:00Z","2026-09-12T11:00:00Z","37.028992"
"2026-09-08T10:29:50Z","2026-09-12T11:00:00Z","2026-09-12T12:00:00Z","32.825555"
"2026-09-08T10:29:50Z","2026-09-12T12:00:00Z","2026-09-12T13:00:00Z","27.52827"
"2026-09-08T10:29:50Z","2026-09-12T13:00:00Z","2026-09-12T14:00:00Z","23.075052"
"2026-09-08T10:29:50Z","2026-09-12T14:00:00Z","2026-09-12T15:00:00Z","22.39104"
"2026-09-08T10:29:50Z","2026-09-12T15:00:00Z","2026-09-12T16:00:00Z","27.525652"
"2026-09-08T10:29:50Z","2026-09-12T16:00:00Z","2026-09-12T17:00:00Z","33.474462"
"2026-09-08T10:29:50Z","2026-09-12T17:00:00Z","2026-09-12T18:00:00Z","37.082542"
"2026-09-08T10:29:50Z","2026-09-12T18:00:00Z","2026-09-12T19:00:00Z","41.9832"
"2026-09-08T10:29:50Z","2026-09-12T19:00:00Z","2026-09-12T20:00:00Z","45.115637"
"2026-09-08T10:29:50Z","2026-09-12T20:00:00Z","2026-09-12T21:00:00Z","45.66387"
"2026-09-08T10:29:50Z","2026-09-12T21:00:00Z","2026-09-12T22:00:00Z","43.46118"
"2026-09-08T20:38:07Z","2026-09-09T22:00:00Z","2026-09-09T23:00:00Z","41.981177"
"2026-09-08T20:38:07Z","2026-09-09T23:00:00Z","2026-09-10T00:00:00Z","39.294395"
"2026-09-08T20:38:07Z","2026-09-10T00:00:00Z","2026-09-10T01:00:00Z","41.002997"
"2026-09-08T20:38:07Z","2026-09-10T01:00:00Z","2026-09-10T02:00:00Z","40.773565"
"2026-09-08T20:38:07Z","2026-09-10T02:00:00Z","2026-09-10T03:00:00Z","39.41518"
"2026-09-08T20:38:07Z","2026-09-10T03:00:00Z","2026-09-10T04:00:00Z","39.62938"
"2026-09-08T20:38:07Z","2026-09-10T04:00:00Z","2026-09-10T05:00:00Z","40.1744"
"2026-09-08T20:38:07Z","2026-09-10T05:00:00Z","2026-09-10T06:00:00Z","42.123025"
"2026-09-08T20:38:07Z","2026-09-10T06:00:00Z","2026-09-10T07:00:00Z","44.285255"
"2026-09-08T20:38:07Z","2026-09-10T07:00:00Z","2026-09-10T08:00:00Z","45.39612"
"2026-09-08T20:38:07Z","2026-09-10T08:00:00Z","2026-09-10T09:00:00Z","45.159905"
"2026-09-08T20:38:07Z","2026-09-10T09:00:00Z","2026-09-10T10:00:00Z","42.332465"
"2026-09-08T20:38:07Z","2026-09-10T10:00:00Z","2026-09-10T11:00:00Z","39.458615"
"2026-09-08T20:38:07Z","2026-09-10T11:00:00Z","2026-09-10T12:00:00Z","36.633555"
"2026-09-08T20:38:07Z","2026-09-10T12:00:00Z","2026-09-10T13:00:00Z","33.63416"
"2026-09-08T20:38:07Z","2026-09-10T13:00:00Z","2026-09-10T14:00:00Z","32.61433"
"2026-09-08T20:38:07Z","2026-09-10T14:00:00Z","2026-09-10T15:00:00Z","33.657365"
"2026-09-08T20:38:07Z","2026-09-10T15:00:00Z","2026-09-10T16:00:00Z","36.90071"
"2026-09-08T20:38:07Z","2026-09-10T16:00:00Z","2026-09-10T17:00:00Z","39.496695"
"2026-09-08T20:38:07Z","2026-09-10T17:00:00Z","2026-09-10T18:00:00Z","42.729925"
"2026-09-08T20:38:07Z","2026-09-10T18:00:00Z","2026-09-10T19:00:00Z","45.833445"
"2026-09-08T20:38:07Z","2026-09-10T19:00:00Z","2026-09-10T20:00:00Z","53.157895"
"2026-09-08T20:38:07Z","2026-09-10T20:00:00Z","2026-09-10T21:00:00Z","54.813185"
"2026-09-08T20:38:07Z","2026-09-10T21:00:00Z","2026-09-10T22:00:00Z","50.19182"
"2026-09-08T20:38:07Z","2026-09-10T22:00:00Z","2026-09-10T23:00:00Z","47.42269"
"2026-09-08T20:38:07Z","2026-09-10T23:00:00Z","2026-09-11T00:00:00Z","46.15772"
"2026-09-08T20:38:07Z","2026-09-11T00:00:00Z","2026-09-11T01:00:00Z","44.328095"
"2026-09-08T20:38:07Z","2026-09-11T01:00:00Z","2026-09-11T02:00:00Z","43.27554"
"2026-09-08T20:38:07Z","2026-09-11T02:00:00Z","2026-09-11T03:00:00Z","43.016715"
"2026-09-08T20:38:07Z","2026-09-11T03:00:00Z","2026-09-11T04:00:00Z","41.8047"
"2026-09-08T20:38:07Z","2026-09-11T04:00:00Z","2026-09-11T05:00:00Z","41.20613"
"2026-09-08T20:38:07Z","2026-09-11T05:00:00Z","2026-09-11T06:00:00Z","42.286055"
"2026-09-08T20:38:07Z","2026-09-11T06:00:00Z","2026-09-11T07:00:00Z","43.834245"
"2026-09-08T20:38:07Z","2026-09-11T07:00:00Z","2026-09-11T08:00:00Z","44.6012"
"2026-09-08T20:38:07Z","2026-09-11T08:00:00Z","2026-09-11T09:00:00Z","44.679145"
"2026-09-08T20:38:07Z","2026-09-11T09:00:00Z","2026-09-11T10:00:00Z","44.265025"
"2026-09-08T20:38:07Z","2026-09-11T10:00:00Z","2026-09-11T11:00:00Z","41.83326"
"2026-09-08T20:38:07Z","2026-09-11T11:00:00Z","2026-09-11T12:00:00Z","40.05659"
"2026-09-08T20:38:07Z","2026-09-11T12:00:00Z","2026-09-11T13:00:00Z","38.43462"
"2026-09-08T20:38:07Z","2026-09-11T13:00:00Z","2026-09-11T14:00:00Z","36.647835"
"2026-09-08T20:38:07Z","2026-09-11T14:00:00Z","2026-09-11T15:00:00Z","36.39853"
"2026-09-08T20:38:07Z","2026-09-11T15:00:00Z","2026-09-11T16:00:00Z","37.80511"
"2026-09-08T20:38:07Z","2026-09-11T16:00:00Z","2026-09-11T17:00:00Z","40.102405"
"2026-09-08T20:38:07Z","2026-09-11T17:00:00Z","2026-09-11T18:00:00Z","43.041705"
"2026-09-08T20:38:07Z","2026-09-11T18:00:00Z","2026-09-11T19:00:00Z","45.20096"
"2026-09-08T20:38:07Z","2026-09-11T19:00:00Z","2026-09-11T20:00:00Z","46.68727"
"2026-09-08T20:38:07Z","2026-09-11T20:00:00Z","2026-09-11T21:00:00Z","47.73923"
"2026-09-08T20:38:07Z","2026-09-11T21:00:00Z","2026-09-11T22:00:00Z","45.90901"
"2026-09-08T20:38:07Z","2026-09-11T22:00:00Z","2026-09-11T23:00:00Z","45.403855"
"2026-09-08T20:38:07Z","2026-09-11T23:00:00Z","2026-09-12T00:00:00Z","44.838605"
"2026-09-08T20:38:07Z","2026-09-12T00:00:00Z","2026-09-12T01:00:00Z","41.8523"
"2026-09-08T20:38:07Z","2026-09-12T01:00:00Z","2026-09-12T02:00:00Z","42.04032"
"2026-09-08T20:38:07Z","2026-09-12T02:00:00Z","2026-09-12T03:00:00Z","42.034965"
"2026-09-08T20:38:07Z","2026-09-12T03:00:00Z","2026-09-12T04:00:00Z","41.846112"
"2026-09-08T20:38:07Z","2026-09-12T04:00:00Z","2026-09-12T05:00:00Z","41.20732"
"2026-09-08T20:38:07Z","2026-09-12T05:00:00Z","2026-09-12T06:00:00Z","39.942112"
"2026-09-08T20:38:07Z","2026-09-12T06:00:00Z","2026-09-12T07:00:00Z","39.597012"
"2026-09-08T20:38:07Z","2026-09-12T07:00:00Z","2026-09-12T08:00:00Z","40.261032"
"2026-09-08T20:38:07Z","2026-09-12T08:00:00Z","2026-09-12T09:00:00Z","39.979835"
"2026-09-08T20:38:07Z","2026-09-12T09:00:00Z","2026-09-12T10:00:00Z","39.742192"
"2026-09-08T20:38:07Z","2026-09-12T10:00:00Z","2026-09-12T11:00:00Z","36.731492"
"2026-09-08T20:38:07Z","2026-09-12T11:00:00Z","2026-09-12T12:00:00Z","31.172407"
"2026-09-08T20:38:07Z","2026-09-12T12:00:00Z","2026-09-12T13:00:00Z","25.130777"
"2026-09-08T20:38:07Z","2026-09-12T13:00:00Z","2026-09-12T14:00:00Z","21.955857"
"2026-09-08T20:38:07Z","2026-09-12T14:00:00Z","2026-09-12T15:00:00Z","22.007622"
"2026-09-08T20:38:07Z","2026-09-12T15:00:00Z","2026-09-12T16:00:00Z","25.722207"
"2026-09-08T20:38:07Z","2026-09-12T16:00:00Z","2026-09-12T17:00:00Z","32.735115"
"2026-09-08T20:38:07Z","2026-09-12T17:00:00Z","2026-09-12T18:00:00Z","37.111935"
"2026-09-08T20:38:07Z","2026-09-12T18:00:00Z","2026-09-12T19:00:00Z","40.487727"
"2026-09-08T20:38:07Z","2026-09-12T19:00:00Z","2026-09-12T20:00:00Z","44.768395"
"2026-09-08T20:38:07Z","2026-09-12T20:00:00Z","2026-09-12T21:00:00Z","44.608935"
"2026-09-08T20:38:07Z","2026-09-12T21:00:00Z","2026-09-12T22:00:00Z","43.419292"
"2026-09-09T10:40:59Z","2026-09-09T22:00:00Z","2026-09-09T23:00:00Z","41.981177"
"2026-09-09T10:40:59Z","2026-09-09T23:00:00Z","2026-09-10T00:00:00Z","39.294395"
"2026-09-09T10:40:59Z","2026-09-10T00:00:00Z","2026-09-10T01:00:00Z","41.002997"
"2026-09-09T10:40:59Z","2026-09-10T01:00:00Z","2026-09-10T02:00:00Z","40.773565"
"2026-09-09T10:40:59Z","2026-09-10T02:00:00Z","2026-09-10T03:00:00Z","39.41518"
"2026-09-09T10:40:59Z","2026-09-10T03:00:00Z","2026-09-10T04:00:00Z","39.62938"
"2026-09-09T10:40:59Z","2026-09-10T04:00:00Z","2026-09-10T05:00:00Z","40.1744"
"2026-09-09T10:40:59Z","2026-09-10T05:00:00Z","2026-09-10T06:00:00Z","42.123025"
"2026-09-09T10:40:59Z","2026-09-10T06:00:00Z","2026-09-10T07:00:00Z","44.285255"
"2026-09-09T10:40:59Z","2026-09-10T07:00:00Z","2026-09-10T08:00:00Z","45.39612"
"2026-09-09T10:40:59Z","2026-09-10T08:00:00Z","2026-09-10T09:00:00Z","45.159905"
"2026-09-09T10:40:59Z","2026-09-10T09:00:00Z","2026-09-10T10:00:00Z","42.332465"
"2026-09-09T10:40:59Z","2026-09-10T10:00:00Z","2026-09-10T11:00:00Z","39.458615"
"2026-09-09T10:40:59Z","2026-09-10T11:00:00Z","2026-09-10T12:00:00Z","36.633555"
"2026-09-09T10:40:59Z","2026-09-10T12:00:00Z","2026-09-10T13:00:00Z","33.63416"
"2026-09-09T10:40:59Z","2026-09-10T13:00:00Z","2026-09-10T14:00:00Z","32.61433"
"2026-09-09T10:40:59Z","2026-09-10T14:00:00Z","2026-09-10T15:00:00Z","33.657365"
"2026-09-09T10:40:59Z","2026-09-10T15:00:00Z","2026-09-10T16:00:00Z","36.90071"
"2026-09-09T10:40:59Z","2026-09-10T16:00:00Z","2026-09-10T17:00:00Z","39.496695"
"2026-09-09T10:40:59Z","2026-09-10T17:00:00Z","2026-09-10T18:00:00Z","42.729925"
"2026-09-09T10:40:59Z","2026-09-10T18:00:00Z","2026-09-10T19:00:00Z","45.833445"
"2026-09-09T10:40:59Z","2026-09-10T19:00:00Z","2026-09-10T20:00:00Z","53.157895"
"2026-09-09T10:40:59Z","2026-09-10T20:00:00Z","2026-09-10T21:00:00Z","54.813185"
"2026-09-09T10:40:59Z","2026-09-10T21:00:00Z","2026-09-10T22:00:00Z","50.19182"
"2026-09-09T10:40:59Z","2026-09-10T22:00:00Z","2026-09-10T23:00:00Z","47.42269"
"2026-09-09T10:40:59Z","2026-09-10T23:00:00Z","2026-09-11T00:00:00Z","46.15772"
"2026-09-09T10:40:59Z","2026-09-11T00:00:00Z","2026-09-11T01:00:00Z","44.328095"
"2026-09-09T10:40:59Z","2026-09-11T01:00:00Z","2026-09-11T02:00:00Z","43.27554"
"2026-09-09T10:40:59Z","2026-09-11T02:00:00Z","2026-09-11T03:00:00Z","43.016715"
"2026-09-09T10:40:59Z","2026-09-11T03:00:00Z","2026-09-11T04:00:00Z","41.8047"
"2026-09-09T10:40:59Z","2026-09-11T04:00:00Z","2026-09-11T05:00:00Z","41.20613"
"2026-09-09T10:40:59Z","2026-09-11T05:00:00Z","2026-09-11T06:00:00Z","42.286055"
"2026-09-09T10:40:59Z","2026-09-11T06:00:00Z","2026-09-11T07:00:00Z","43.834245"
"2026-09-09T10:40:59Z","2026-09-11T07:00:00Z","2026-09-11T08:00:00Z","44.6012"
"2026-09-09T10:40:59Z","2026-09-11T08:00:00Z","2026-09-11T09:00:00Z","44.679145"
"2026-09-09T10:40:59Z","2026-09-11T09:00:00Z","2026-09-11T10:00:00Z","44.265025"
"2026-09-09T10:40:59Z","2026-09-11T10:00:00Z","2026-09-11T11:00:00Z","41.83326"
"2026-09-09T10:40:59Z","2026-09-11T11:00:00Z","2026-09-11T12:00:00Z","40.05659"
"2026-09-09T10:40:59Z","2026-09-11T12:00:00Z","2026-09-11T13:00:00Z","38.43462"
"2026-09-09T10:40:59Z","2026-09-11T13:00:00Z","2026-09-11T14:00:00Z","36.647835"
"2026-09-09T10:40:59Z","2026-09-11T14:00:00Z","2026-09-11T15:00:00Z","36.39853"
"2026-09-09T10:40:59Z","2026-09-11T15:00:00Z","2026-09-11T16:00:00Z","37.80511"
"2026-09-09T10:40:59Z","2026-09-11T16:00:00Z","2026-09-11T17:00:00Z","40.102405"
"2026-09-09T10:40:59Z","2026-09-11T17:00:00Z","2026-09-11T18:00:00Z","43.041705"
"2026-09-09T10:40:59Z","2026-09-11T18:00:00Z","2026-09-11T19:00:00Z","45.20096"
"2026-09-09T10:40:59Z","2026-09-11T19:00:00Z","2026-09-11T20:00:00Z","46.68727"
"2026-09-09T10:40:59Z","2026-09-11T20:00:00Z","2026-09-11T21:00:00Z","47.73923"
"2026-09-09T10:40:59Z","2026-09-11T21:00:00Z","2026-09-11T22:00:00Z","45.90901"
"2026-09-09T10:40:59Z","2026-09-11T22:00:00Z","2026-09-11T23:00:00Z","45.403855"
"2026-09-09T10:40:59Z","2026-09-11T23:00:00Z","2026-09-12T00:00:00Z","44.838605"
"2026-09-09T10:40:59Z","2026-09-12T00:00:00Z","2026-09-12T01:00:00Z","41.8523"
"2026-09-09T10:40:59Z","2026-09-12T01:00:00Z","2026-09-12T02:00:00Z","42.04032"
"2026-09-09T10:40:59Z","2026-09-12T02:00:00Z","2026-09-12T03:00:00Z","42.034965"
"2026-09-09T10:40:59Z","2026-09-12T03:00:00Z","2026-09-12T04:00:00Z","41.846112"
"2026-09-09T10:40:59Z","2026-09-12T04:00:00Z","2026-09-12T05:00:00Z","41.20732"
"2026-09-09T10:40:59Z","2026-09-12T05:00:00Z","2026-09-12T06:00:00Z","39.942112"
"2026-09-09T10:40:59Z","2026-09-12T06:00:00Z","2026-09-12T07:00:00Z","39.597012"
"2026-09-09T10:40:59Z","2026-09-12T07:00:00Z","2026-09-12T08:00:00Z","40.261032"
"2026-09-09T10:40:59Z","2026-09-12T08:00:00Z","2026-09-12T09:00:00Z","39.979835"
"2026-09-09T10:40:59Z","2026-09-12T09:00:00Z","2026-09-12T10:00:00Z","39.742192"
"2026-09-09T10:40:59Z","2026-09-12T10:00:00Z","2026-09-12T11:00:00Z","36.731492"
"2026-09-09T10:40:59Z","2026-09-12T11:00:00Z","2026-09-12T12:00:00Z","31.172407"
"2026-09-09T10:40:59Z","2026-09-12T12:00:00Z","2026-09-12T13:00:00Z","25.130777"
"2026-09-09T10:40:59Z","2026-09-12T13:00:00Z","2026-09-12T14:00:00Z","21.955857"
"2026-09-09T10:40:59Z","2026-09-12T14:00:00Z","2026-09-12T15:00:00Z","22.007622"
"2026-09-09T10:40:59Z","2026-09-12T15:00:00Z","2026-09-12T16:00:00Z","25.722207"
"2026-09-09T10:40:59Z","2026-09-12T16:00:00Z","2026-09-12T17:00:00Z","32.735115"
"2026-09-09T10:40:59Z","2026-09-12T17:00:00Z","2026-09-12T18:00:00Z","37.111935"
"2026-09-09T10:40:59Z","2026-09-12T18:00:00Z","2026-09-12T19:00:00Z","40.487727"
"2026-09-09T10:40:59Z","2026-09-12T19:00:00Z","2026-09-12T20:00:00Z","44.768395"
"2026-09-09T10:40:59Z","2026-09-12T20:00:00Z","2026-09-12T21:00:00Z","44.608935"
"2026-09-09T10:40:59Z","2026-09-12T21:00:00Z","2026-09-12T22:00:00Z","43.419292"
"2026-09-09T10:40:59Z","2026-09-12T22:00:00Z","2026-09-12T23:00:00Z","43.033375"
"2026-09-09T10:40:59Z","2026-09-12T23:00:00Z","2026-09-13T00:00:00Z","41.343932"
"2026-09-09T10:40:59Z","2026-09-13T00:00:00Z","2026-09-13T01:00:00Z","41.498037"
"2026-09-09T10:40:59Z","2026-09-13T01:00:00Z","2026-09-13T02:00:00Z","40.10062"
"2026-09-09T10:40:59Z","2026-09-13T02:00:00Z","2026-09-13T03:00:00Z","38.961552"
"2026-09-09T10:40:59Z","2026-09-13T03:00:00Z","2026-09-13T04:00:00Z","37.716217"
"2026-09-09T10:40:59Z","2026-09-13T04:00:00Z","2026-09-13T05:00:00Z","37.514512"
"2026-09-09T10:40:59Z","2026-09-13T05:00:00Z","2026-09-13T06:00:00Z","36.972705"
"2026-09-09T10:40:59Z","2026-09-13T06:00:00Z","2026-09-13T07:00:00Z","37.190832"
"2026-09-09T10:40:59Z","2026-09-13T07:00:00Z","2026-09-13T08:00:00Z","37.551402"
"2026-09-09T10:40:59Z","2026-09-13T08:00:00Z","2026-09-13T09:00:00Z","36.298332"
"2026-09-09T10:40:59Z","2026-09-13T09:00:00Z","2026-09-13T10:00:00Z","36.543115"
"2026-09-09T10:40:59Z","2026-09-13T10:00:00Z","2026-09-13T11:00:00Z","32.017902"
"2026-09-09T10:40:59Z","2026-09-13T11:00:00Z","2026-09-13T12:00:00Z","26.280317"
"2026-09-09T10:40:59Z","2026-09-13T12:00:00Z","2026-09-13T13:00:00Z","22.897742"
"2026-09-09T10:40:59Z","2026-09-13T13:00:00Z","2026-09-13T14:00:00Z","21.665735"
"2026-09-09T10:40:59Z","2026-09-13T14:00:00Z","2026-09-13T15:00:00Z","21.879697"
"2026-09-09T10:40:59Z","2026-09-13T15:00:00Z","2026-09-13T16:00:00Z","24.262077"
"2026-09-09T10:40:59Z","2026-09-13T16:00:00Z","2026-09-13T17:00:00Z","29.999662"
"2026-09-09T10:40:59Z","2026-09-13T17:00:00Z","2026-09-13T18:00:00Z","35.684887"
"2026-09-09T10:40:59Z","2026-09-13T18:00:00Z","2026-09-13T19:00:00Z","41.551587"
"2026-09-09T10:40:59Z","2026-09-13T19:00:00Z","2026-09-13T20:00:00Z","45.236065"
"2026-09-09T10:40:59Z","2026-09-13T20:00:00Z","2026-09-13T21:00:00Z","45.458"
"2026-09-09T10:40:59Z","2026-09-13T21:00:00Z","2026-09-13T22:00:00Z","44.22278"
"2026-09-09T20:19:41Z","2026-09-10T22:00:00Z","2026-09-10T23:00:00Z","47.996032"
"2026-09-09T20:19:41Z","2026-09-10T23:00:00Z","2026-09-11T00:00:00Z","45.333645"
"2026-09-09T20:19:41Z","2026-09-11T00:00:00Z","2026-09-11T01:00:00Z","44.39533"
"2026-09-09T20:19:41Z","2026-09-11T01:00:00Z","2026-09-11T02:00:00Z","43.873515"
"2026-09-09T20:19:41Z","2026-09-11T02:00:00Z","2026-09-11T03:00:00Z","42.109102"
"2026-09-09T20:19:41Z","2026-09-11T03:00:00Z","2026-09-11T04:00:00Z","41.036317"
"2026-09-09T20:19:41Z","2026-09-11T04:00:00Z","2026-09-11T05:00:00Z","40.745005"
"2026-09-09T20:19:41Z","2026-09-11T05:00:00Z","2026-09-11T06:00:00Z","41.77971"
"2026-09-09T20:19:41Z","2026-09-11T06:00:00Z","2026-09-11T07:00:00Z","44.108897"
"2026-09-09T20:19:41Z","2026-09-11T07:00:00Z","2026-09-11T08:00:00Z","45.848677"
"2026-09-09T20:19:41Z","2026-09-11T08:00:00Z","2026-09-11T09:00:00Z","46.399885"
"2026-09-09T20:19:41Z","2026-09-11T09:00:00Z","2026-09-11T10:00:00Z","43.90743"
"2026-09-09T20:19:41Z","2026-09-11T10:00:00Z","2026-09-11T11:00:00Z","40.50998"
"2026-09-09T20:19:41Z","2026-09-11T11:00:00Z","2026-09-11T12:00:00Z","39.01534"
"2026-09-09T20:19:41Z","2026-09-11T12:00:00Z","2026-09-11T13:00:00Z","38.345727"
"2026-09-09T20:19:41Z","2026-09-11T13:00:00Z","2026-09-11T14:00:00Z","37.795352"
"2026-09-09T20:19:41Z","2026-09-11T14:00:00Z","2026-09-11T15:00:00Z","37.060765"
"2026-09-09T20:19:41Z","2026-09-11T15:00:00Z","2026-09-11T16:00:00Z","38.539935"
"2026-09-09T20:19:41Z","2026-09-11T16:00:00Z","2026-09-11T17:00:00Z","39.465755"
"2026-09-09T20:19:41Z","2026-09-11T17:00:00Z","2026-09-11T18:00:00Z","42.723975"
"2026-09-09T20:19:41Z","2026-09-11T18:00:00Z","2026-09-11T19:00:00Z","45.578547"
"2026-09-09T20:19:41Z","2026-09-11T19:00:00Z","2026-09-11T20:00:00Z","47.992462"
"2026-09-09T20:19:41Z","2026-09-11T20:00:00Z","2026-09-11T21:00:00Z","51.397647"
"2026-09-09T20:19:41Z","2026-09-11T21:00:00Z","2026-09-11T22:00:00Z","48.77572"
"2026-09-09T20:19:41Z","2026-09-11T22:00:00Z","2026-09-11T23:00:00Z","46.107145"
"2026-09-09T20:19:41Z","2026-09-11T23:00:00Z","2026-09-12T00:00:00Z","45.203102"
"2026-09-09T20:19:41Z","2026-09-12T00:00:00Z","2026-09-12T01:00:00Z","43.95622"
"2026-09-09T20:19:41Z","2026-09-12T01:00:00Z","2026-09-12T02:00:00Z","43.95384"
"2026-09-09T20:19:41Z","2026-09-12T02:00:00Z","2026-09-12T03:00:00Z","43.381212"
"2026-09-09T20:19:41Z","2026-09-12T03:00:00Z","2026-09-12T04:00:00Z","42.98875"
"2026-09-09T20:19:41Z","2026-09-12T04:00:00Z","2026-09-12T05:00:00Z","42.587125"
"2026-09-09T20:19:41Z","2026-09-12T05:00:00Z","2026-09-12T06:00:00Z","42.563087"
"2026-09-09T20:19:41Z","2026-09-12T06:00:00Z","2026-09-12T07:00:00Z","43.07562"
"2026-09-09T20:19:41Z","2026-09-12T07:00:00Z","2026-09-12T08:00:00Z","42.774907"
"2026-09-09T20:19:41Z","2026-09-12T08:00:00Z","2026-09-12T09:00:00Z","43.35646"
"2026-09-09T20:19:41Z","2026-09-12T09:00:00Z","2026-09-12T10:00:00Z","41.092842"
"2026-09-09T20:19:41Z","2026-09-12T10:00:00Z","2026-09-12T11:00:00Z","37.936962"
"2026-09-09T20:19:41Z","2026-09-12T11:00:00Z","2026-09-12T12:00:00Z","33.534795"
"2026-09-09T20:19:41Z","2026-09-12T12:00:00Z","2026-09-12T13:00:00Z","25.368182"
"2026-09-09T20:19:41Z","2026-09-12T13:00:00Z","2026-09-12T14:00:00Z","21.647052"
"2026-09-09T20:19:41Z","2026-09-12T14:00:00Z","2026-09-12T15:00:00Z","21.132377"
"2026-09-09T20:19:41Z","2026-09-12T15:00:00Z","2026-09-12T16:00:00Z","21.346815"
"2026-09-09T20:19:41Z","2026-09-12T16:00:00Z","2026-09-12T17:00:00Z","27.247192"
"2026-09-09T20:19:41Z","2026-09-12T17:00:00Z","2026-09-12T18:00:00Z","34.734315"
"2026-09-09T20:19:41Z","2026-09-12T18:00:00Z","2026-09-12T19:00:00Z","39.98876"
"2026-09-09T20:19:41Z","2026-09-12T19:00:00Z","2026-09-12T20:00:00Z","43.545432"
"2026-09-09T20:19:41Z","2026-09-12T20:00:00Z","2026-09-12T21:00:00Z","44.694377"
"2026-09-09T20:19:41Z","2026-09-12T21:00:00Z","2026-09-12T22:00:00Z","44.520875"
"2026-09-09T20:19:41Z","2026-09-12T22:00:00Z","2026-09-12T23:00:00Z","43.756657"
"2026-09-09T20:19:41Z","2026-09-12T23:00:00Z","2026-09-13T00:00:00Z","42.757295"
"2026-09-09T20:19:41Z","2026-09-13T00:00:00Z","2026-09-13T01:00:00Z","41.44532"
"2026-09-09T20:19:41Z","2026-09-13T01:00:00Z","2026-09-13T02:00:00Z","40.79796"
"2026-09-09T20:19:41Z","2026-09-13T02:00:00Z","2026-09-13T03:00:00Z","39.651395"
"2026-09-09T20:19:41Z","2026-09-13T03:00:00Z","2026-09-13T04:00:00Z","38.910382"
"2026-09-09T20:19:41Z","2026-09-13T04:00:00Z","2026-09-13T05:00:00Z","38.170202"
"2026-09-09T20:19:41Z","2026-09-13T05:00:00Z","2026-09-13T06:00:00Z","37.79916"
"2026-09-09T20:19:41Z","2026-09-13T06:00:00Z","2026-09-13T07:00:00Z","37.341605"
"2026-09-09T20:19:41Z","2026-09-13T07:00:00Z","2026-09-13T08:00:00Z","38.119865"
"2026-09-09T20:19:41Z","2026-09-13T08:00:00Z","2026-09-13T09:00:00Z","36.654142"
"2026-09-09T20:19:41Z","2026-09-13T09:00:00Z","2026-09-13T10:00:00Z","34.858432"
"2026-09-09T20:19:41Z","2026-09-13T10:00:00Z","2026-09-13T11:00:00Z","32.330515"
"2026-09-09T20:19:41Z","2026-09-13T11:00:00Z","2026-09-13T12:00:00Z","27.24862"
"2026-09-09T20:19:41Z","2026-09-13T12:00:00Z","2026-09-13T13:00:00Z","22.983065"
"2026-09-09T20:19:41Z","2026-09-13T13:00:00Z","2026-09-13T14:00:00Z","21.334915"
"2026-09-09T20:19:41Z","2026-09-13T14:00:00Z","2026-09-13T15:00:00Z","21.09037"
"2026-09-09T20:19:41Z","2026-09-13T15:00:00Z","2026-09-13T16:00:00Z","25.819192"
"2026-09-09T20:19:41Z","2026-09-13T16:00:00Z","2026-09-13T17:00:00Z","31.522267"
"2026-09-09T20:19:41Z","2026-09-13T17:00:00Z","2026-09-13T18:00:00Z","36.47112"
"2026-09-09T20:19:41Z","2026-09-13T18:00:00Z","2026-09-13T19:00:00Z","40.566505"
"2026-09-09T20:19:41Z","2026-09-13T19:00:00Z","2026-09-13T20:00:00Z","43.00541"
"2026-09-09T20:19:41Z","2026-09-13T20:00:00Z","2026-09-13T21:00:00Z","44.13829"
"2026-09-09T20:19:41Z","2026-09-13T21:00:00Z","2026-09-13T22:00:00Z","43.967882"
"2026-09-10T10:29:36Z","2026-09-10T22:00:00Z","2026-09-10T23:00:00Z","47.996032"
"2026-09-10T10:29:36Z","2026-09-10T23:00:00Z","2026-09-11T00:00:00Z","45.333645"
"2026-09-10T10:29:36Z","2026-09-11T00:00:00Z","2026-09-11T01:00:00Z","42.748727"
"2026-09-10T10:29:36Z","2026-09-11T01:00:00Z","2026-09-11T02:00:00Z","42.609735"
"2026-09-10T10:29:36Z","2026-09-11T02:00:00Z","2026-09-11T03:00:00Z","41.661067"
"2026-09-10T10:29:36Z","2026-09-11T03:00:00Z","2026-09-11T04:00:00Z","40.983362"
"2026-09-10T10:29:36Z","2026-09-11T04:00:00Z","2026-09-11T05:00:00Z","40.824735"
"2026-09-10T10:29:36Z","2026-09-11T05:00:00Z","2026-09-11T06:00:00Z","41.8999"
"2026-09-10T10:29:36Z","2026-09-11T06:00:00Z","2026-09-11T07:00:00Z","44.54051"
"2026-09-10T10:29:36Z","2026-09-11T07:00:00Z","2026-09-11T08:00:00Z","46.215792"
"2026-09-10T10:29:36Z","2026-09-11T08:00:00Z","2026-09-11T09:00:00Z","46.14582"
"2026-09-10T10:29:36Z","2026-09-11T09:00:00Z","2026-09-11T10:00:00Z","43.933372"
"2026-09-10T10:29:36Z","2026-09-11T10:00:00Z","2026-09-11T11:00:00Z","41.307042"
"2026-09-10T10:29:36Z","2026-09-11T11:00:00Z","2026-09-11T12:00:00Z","36.710667"
"2026-09-10T10:29:36Z","2026-09-11T12:00:00Z","2026-09-11T13:00:00Z","33.620475"
"2026-09-10T10:29:36Z","2026-09-11T13:00:00Z","2026-09-11T14:00:00Z","32.881485"
"2026-09-10T10:29:36Z","2026-09-11T14:00:00Z","2026-09-11T15:00:00Z","34.901867"
"2026-09-10T10:29:36Z","2026-09-11T15:00:00Z","2026-09-11T16:00:00Z","37.160725"
"2026-09-10T10:29:36Z","2026-09-11T16:00:00Z","2026-09-11T17:00:00Z","40.612915"
"2026-09-10T10:29:36Z","2026-09-11T17:00:00Z","2026-09-11T18:00:00Z","45.49846"
"2026-09-10T10:29:36Z","2026-09-11T18:00:00Z","2026-09-11T19:00:00Z","49.130935"
"2026-09-10T10:29:36Z","2026-09-11T19:00:00Z","2026-09-11T20:00:00Z","56.47383"
"2026-09-10T10:29:36Z","2026-09-11T20:00:00Z","2026-09-11T21:00:00Z","56.47383"
"2026-09-10T10:29:36Z","2026-09-11T21:00:00Z","2026-09-11T22:00:00Z","53.569397"
"2026-09-10T10:29:36Z","2026-09-11T22:00:00Z","2026-09-11T23:00:00Z","48.200117"
"2026-09-10T10:29:36Z","2026-09-11T23:00:00Z","2026-09-12T00:00:00Z","45.478825"
"2026-09-10T10:29:36Z","2026-09-12T00:00:00Z","2026-09-12T01:00:00Z","44.4703"
"2026-09-10T10:29:36Z","2026-09-12T01:00:00Z","2026-09-12T02:00:00Z","42.497042"
"2026-09-10T10:29:36Z","2026-09-12T02:00:00Z","2026-09-12T03:00:00Z","41.18828"
"2026-09-10T10:29:36Z","2026-09-12T03:00:00Z","2026-09-12T04:00:00Z","41.12878"
"2026-09-10T10:29:36Z","2026-09-12T04:00:00Z","2026-09-12T05:00:00Z","41.476022"
"2026-09-10T10:29:36Z","2026-09-12T05:00:00Z","2026-09-12T06:00:00Z","41.825287"
"2026-09-10T10:29:36Z","2026-09-12T06:00:00Z","2026-09-12T07:00:00Z","42.60557"
"2026-09-10T10:29:36Z","2026-09-12T07:00:00Z","2026-09-12T08:00:00Z","43.838172"
"2026-09-10T10:29:36Z","2026-09-12T08:00:00Z","2026-09-12T09:00:00Z","42.848092"
"2026-09-10T10:29:36Z","2026-09-12T09:00:00Z","2026-09-12T10:00:00Z","39.995305"
"2026-09-10T10:29:36Z","2026-09-12T10:00:00Z","2026-09-12T11:00:00Z","35.96061"
"2026-09-10T10:29:36Z","2026-09-12T11:00:00Z","2026-09-12T12:00:00Z","31.307472"
"2026-09-10T10:29:36Z","2026-09-12T12:00:00Z","2026-09-12T13:00:00Z","24.36049"
"2026-09-10T10:29:36Z","2026-09-12T13:00:00Z","2026-09-12T14:00:00Z","21.433685"
"2026-09-10T10:29:36Z","2026-09-12T14:00:00Z","2026-09-12T15:00:00Z","21.027895"
"2026-09-10T10:29:36Z","2026-09-12T15:00:00Z","2026-09-12T16:00:00Z","21.21889"
"2026-09-10T10:29:36Z","2026-09-12T16:00:00Z","2026-09-12T17:00:00Z","27.45925"
"2026-09-10T10:29:36Z","2026-09-12T17:00:00Z","2026-09-12T18:00:00Z","35.375725"
"2026-09-10T10:29:36Z","2026-09-12T18:00:00Z","2026-09-12T19:00:00Z","41.940717"
"2026-09-10T10:29:36Z","2026-09-12T19:00:00Z","2026-09-12T20:00:00Z","45.66625"
"2026-09-10T10:29:36Z","2026-09-12T20:00:00Z","2026-09-12T21:00:00Z","47.819317"
"2026-09-10T10:29:36Z","2026-09-12T21:00:00Z","2026-09-12T22:00:00Z","46.296355"
"2026-09-10T10:29:36Z","2026-09-12T22:00:00Z","2026-09-12T23:00:00Z","44.712227"
"2026-09-10T10:29:36Z","2026-09-12T23:00:00Z","2026-09-13T00:00:00Z","43.621592"
"2026-09-10T10:29:36Z","2026-09-13T00:00:00Z","2026-09-13T01:00:00Z","41.66071"
"2026-09-10T10:29:36Z","2026-09-13T01:00:00Z","2026-09-13T02:00:00Z","40.557937"
"2026-09-10T10:29:36Z","2026-09-13T02:00:00Z","2026-09-13T03:00:00Z","39.284875"
"2026-09-10T10:29:36Z","2026-09-13T03:00:00Z","2026-09-13T04:00:00Z","38.746162"
"2026-09-10T10:29:36Z","2026-09-13T04:00:00Z","2026-09-13T05:00:00Z","38.003602"
"2026-09-10T10:29:36Z","2026-09-13T05:00:00Z","2026-09-13T06:00:00Z","38.658935"
"2026-09-10T10:29:36Z","2026-09-13T06:00:00Z","2026-09-13T07:00:00Z","37.56116"
"2026-09-10T10:29:36Z","2026-09-13T07:00:00Z","2026-09-13T08:00:00Z","37.930655"
"2026-09-10T10:29:36Z","2026-09-13T08:00:00Z","2026-09-13T09:00:00Z","36.76624"
"2026-09-10T10:29:36Z","2026-09-13T09:00:00Z","2026-09-13T10:00:00Z","34.929832"
"2026-09-10T10:29:36Z","2026-09-13T10:00:00Z","2026-09-13T11:00:00Z","32.40013"
"2026-09-10T10:29:36Z","2026-09-13T11:00:00Z","2026-09-13T12:00:00Z","28.98007"
"2026-09-10T10:29:36Z","2026-09-13T12:00:00Z","2026-09-13T13:00:00Z","24.314437"
"2026-09-10T10:29:36Z","2026-09-13T13:00:00Z","2026-09-13T14:00:00Z","22.48743"
"2026-09-10T10:29:36Z","2026-09-13T14:00:00Z","2026-09-13T15:00:00Z","22.512777"
"2026-09-10T10:29:36Z","2026-09-13T15:00:00Z","2026-09-13T16:00:00Z","23.85593"
"2026-09-10T10:29:36Z","2026-09-13T16:00:00Z","2026-09-13T17:00:00Z","29.2383"
"2026-09-10T10:29:36Z","2026-09-13T17:00:00Z","2026-09-13T18:00:00Z","35.627767"
"2026-09-10T10:29:36Z","2026-09-13T18:00:00Z","2026-09-13T19:00:00Z","41.4477"
"2026-09-10T10:29:36Z","2026-09-13T19:00:00Z","2026-09-13T20:00:00Z","44.09664"
"2026-09-10T10:29:36Z","2026-09-13T20:00:00Z","2026-09-13T21:00:00Z","45.021627"
"2026-09-10T10:29:36Z","2026-09-13T21:00:00Z","2026-09-13T22:00:00Z","45.005205"
"2026-09-10T10:29:36Z","2026-09-13T22:00:00Z","2026-09-13T23:00:00Z","44.990092"
"2026-09-10T10:29:36Z","2026-09-13T23:00:00Z","2026-09-14T00:00:00Z","43.48141"
"2026-09-10T10:29:36Z","2026-09-14T00:00:00Z","2026-09-14T01:00:00Z","42.3878"
"2026-09-10T10:29:36Z","2026-09-14T01:00:00Z","2026-09-14T02:00:00Z","41.28586"
"2026-09-10T10:29:36Z","2026-09-14T02:00:00Z","2026-09-14T03:00:00Z","40.471305"
"2026-09-10T10:29:36Z","2026-09-14T03:00:00Z","2026-09-14T04:00:00Z","40.26127"
"2026-09-10T10:29:36Z","2026-09-14T04:00:00Z","2026-09-14T05:00:00Z","40.438342"
"2026-09-10T10:29:36Z","2026-09-14T05:00:00Z","2026-09-14T06:00:00Z","41.860035"
"2026-09-10T10:29:36Z","2026-09-14T06:00:00Z","2026-09-14T07:00:00Z","44.86181"
"2026-09-10T10:29:36Z","2026-09-14T07:00:00Z","2026-09-14T08:00:00Z","47.89274"
"2026-09-10T10:29:36Z","2026-09-14T08:00:00Z","2026-09-14T09:00:00Z","47.780047"
"2026-09-10T10:29:36Z","2026-09-14T09:00:00Z","2026-09-14T10:00:00Z","46.305042"
"2026-09-10T10:29:36Z","2026-09-14T10:00:00Z","2026-09-14T11:00:00Z","43.365742"
"2026-09-10T10:29:36Z","2026-09-14T11:00:00Z","2026-09-14T12:00:00Z","40.80867"
"2026-09-10T10:29:36Z","2026-09-14T12:00:00Z","2026-09-14T13:00:00Z","39.037355"
"2026-09-10T10:29:36Z","2026-09-14T13:00:00Z","2026-09-14T14:00:00Z","37.806895"
"2026-09-10T10:29:36Z","2026-09-14T14:00:00Z","2026-09-14T15:00:00Z","37.71943"
"2026-09-10T10:29:36Z","2026-09-14T15:00:00Z","2026-09-14T16:00:00Z","37.792377"
"2026-09-10T10:29:36Z","2026-09-14T16:00:00Z","2026-09-14T17:00:00Z","40.286617"
"2026-09-10T10:29:36Z","2026-09-14T17:00:00Z","2026-09-14T18:00:00Z","43.8158"
"2026-09-10T10:29:36Z","2026-09-14T18:00:00Z","2026-09-14T19:00:00Z","46.960137"
"2026-09-10T10:29:36Z","2026-09-14T19:00:00Z","2026-09-14T20:00:00Z","55.975577"
"2026-09-10T10:29:36Z","2026-09-14T20:00:00Z","2026-09-14T21:00:00Z","56.47383"
"2026-09-10T10:29:36Z","2026-09-14T21:00:00Z","2026-09-14T22:00:00Z","53.00855"
"2026-09-10T20:21:56Z","2026-09-11T22:00:00Z","2026-09-11T23:00:00Z","47.49171"
"2026-09-10T20:21:56Z","2026-09-11T23:00:00Z","2026-09-12T00:00:00Z","45.552605"
"2026-09-10T20:21:56Z","2026-09-12T00:00:00Z","2026-09-12T01:00:00Z","45.175137"
"2026-09-10T20:21:56Z","2026-09-12T01:00:00Z","2026-09-12T02:00:00Z","43.40168"
"2026-09-10T20:21:56Z","2026-09-12T02:00:00Z","2026-09-12T03:00:00Z","42.00938"
"2026-09-10T20:21:56Z","2026-09-12T03:00:00Z","2026-09-12T04:00:00Z","41.224932"
"2026-09-10T20:21:56Z","2026-09-12T04:00:00Z","2026-09-12T05:00:00Z","41.06809"
"2026-09-10T20:21:56Z","2026-09-12T05:00:00Z","2026-09-12T06:00:00Z","41.862177"
"2026-09-10T20:21:56Z","2026-09-12T06:00:00Z","2026-09-12T07:00:00Z","43.170225"
"2026-09-10T20:21:56Z","2026-09-12T07:00:00Z","2026-09-12T08:00:00Z","44.084502"
"2026-09-10T20:21:56Z","2026-09-12T08:00:00Z","2026-09-12T09:00:00Z","42.964355"
"2026-09-10T20:21:56Z","2026-09-12T09:00:00Z","2026-09-12T10:00:00Z","39.75076"
"2026-09-10T20:21:56Z","2026-09-12T10:00:00Z","2026-09-12T11:00:00Z","36.151962"
"2026-09-10T20:21:56Z","2026-09-12T11:00:00Z","2026-09-12T12:00:00Z","31.213462"
"2026-09-10T20:21:56Z","2026-09-12T12:00:00Z","2026-09-12T13:00:00Z","25.343787"
"2026-09-10T20:21:56Z","2026-09-12T13:00:00Z","2026-09-12T14:00:00Z","21.81984"
"2026-09-10T20:21:56Z","2026-09-12T14:00:00Z","2026-09-12T15:00:00Z","20.941382"
"2026-09-10T20:21:56Z","2026-09-12T15:00:00Z","2026-09-12T16:00:00Z","20.953877"
"2026-09-10T20:21:56Z","2026-09-12T16:00:00Z","2026-09-12T17:00:00Z","27.714862"
"2026-09-10T20:21:56Z","2026-09-12T17:00:00Z","2026-09-12T18:00:00Z","35.367157"
"2026-09-10T20:21:56Z","2026-09-12T18:00:00Z","2026-09-12T19:00:00Z","41.909777"
"2026-09-10T20:21:56Z","2026-09-12T19:00:00Z","2026-09-12T20:00:00Z","45.771922"
"2026-09-10T20:21:56Z","2026-09-12T20:00:00Z","2026-09-12T21:00:00Z","48.054342"
"2026-09-10T20:21:56Z","2026-09-12T21:00:00Z","2026-09-12T22:00:00Z","46.282075"
"2026-09-10T20:21:56Z","2026-09-12T22:00:00Z","2026-09-12T23:00:00Z","44.959152"
"2026-09-10T20:21:56Z","2026-09-12T23:00:00Z","2026-09-13T00:00:00Z","43.540672"
"2026-09-10T20:21:56Z","2026-09-13T00:00:00Z","2026-09-13T01:00:00Z","41.3168"
"2026-09-10T20:21:56Z","2026-09-13T01:00:00Z","2026-09-13T02:00:00Z","39.934972"
"2026-09-10T20:21:56Z","2026-09-13T02:00:00Z","2026-09-13T03:00:00Z","39.17956"
"2026-09-10T20:21:56Z","2026-09-13T03:00:00Z","2026-09-13T04:00:00Z","38.734857"
"2026-09-10T20:21:56Z","2026-09-13T04:00:00Z","2026-09-13T05:00:00Z","38.192812"
"2026-09-10T20:21:56Z","2026-09-13T05:00:00Z","2026-09-13T06:00:00Z","37.309475"
"2026-09-10T20:21:56Z","2026-09-13T06:00:00Z","2026-09-13T07:00:00Z","36.327725"
"2026-09-10T20:21:56Z","2026-09-13T07:00:00Z","2026-09-13T08:00:00Z","37.410982"
"2026-09-10T20:21:56Z","2026-09-13T08:00:00Z","2026-09-13T09:00:00Z","36.438395"
"2026-09-10T20:21:56Z","2026-09-13T09:00:00Z","2026-09-13T10:00:00Z","36.038912"
"2026-09-10T20:21:56Z","2026-09-13T10:00:00Z","2026-09-13T11:00:00Z","33.937015"
"2026-09-10T20:21:56Z","2026-09-13T11:00:00Z","2026-09-13T12:00:00Z","28.639135"
"2026-09-10T20:21:56Z","2026-09-13T12:00:00Z","2026-09-13T13:00:00Z","25.076275"
"2026-09-10T20:21:56Z","2026-09-13T13:00:00Z","2026-09-13T14:00:00Z","22.101275"
"2026-09-10T20:21:56Z","2026-09-13T14:00:00Z","2026-09-13T15:00:00Z","21.579222"
"2026-09-10T20:21:56Z","2026-09-13T15:00:00Z","2026-09-13T16:00:00Z","25.759692"
"2026-09-10T20:21:56Z","2026-09-13T16:00:00Z","2026-09-13T17:00:00Z","31.165505"
"2026-09-10T20:21:56Z","2026-09-13T17:00:00Z","2026-09-13T18:00:00Z","36.136492"
"2026-09-10T20:21:56Z","2026-09-13T18:00:00Z","2026-09-13T19:00:00Z","41.105575"
"2026-09-10T20:21:56Z","2026-09-13T19:00:00Z","2026-09-13T20:00:00Z","44.16566"
"2026-09-10T20:21:56Z","2026-09-13T20:00:00Z","2026-09-13T21:00:00Z","46.016467"
"2026-09-10T20:21:56Z","2026-09-13T21:00:00Z","2026-09-13T22:00:00Z","45.7436"
"2026-09-10T20:21:56Z","2026-09-13T22:00:00Z","2026-09-13T23:00:00Z","44.76066"
"2026-09-10T20:21:56Z","2026-09-13T23:00:00Z","2026-09-14T00:00:00Z","43.328852"
"2026-09-10T20:21:56Z","2026-09-14T00:00:00Z","2026-09-14T01:00:00Z","42.987917"
"2026-09-10T20:21:56Z","2026-09-14T01:00:00Z","2026-09-14T02:00:00Z","42.56987"
"2026-09-10T20:21:56Z","2026-09-14T02:00:00Z","2026-09-14T03:00:00Z","42.17479"
"2026-09-10T20:21:56Z","2026-09-14T03:00:00Z","2026-09-14T04:00:00Z","41.019657"
"2026-09-10T20:21:56Z","2026-09-14T04:00:00Z","2026-09-14T05:00:00Z","41.280862"
"2026-09-10T20:21:56Z","2026-09-14T05:00:00Z","2026-09-14T06:00:00Z","42.78645"
"2026-09-10T20:21:56Z","2026-09-14T06:00:00Z","2026-09-14T07:00:00Z","45.559745"
"2026-09-10T20:21:56Z","2026-09-14T07:00:00Z","2026-09-14T08:00:00Z","48.007932"
"2026-09-10T20:21:56Z","2026-09-14T08:00:00Z","2026-09-14T09:00:00Z","47.748155"
"2026-09-10T20:21:56Z","2026-09-14T09:00:00Z","2026-09-14T10:00:00Z","46.121425"
"2026-09-10T20:21:56Z","2026-09-14T10:00:00Z","2026-09-14T11:00:00Z","44.268595"
"2026-09-10T20:21:56Z","2026-09-14T11:00:00Z","2026-09-14T12:00:00Z","41.428422"
"2026-09-10T20:21:56Z","2026-09-14T12:00:00Z","2026-09-14T13:00:00Z","39.48777"
"2026-09-10T20:21:56Z","2026-09-14T13:00:00Z","2026-09-14T14:00:00Z","37.742635"
"2026-09-10T20:21:56Z","2026-09-14T14:00:00Z","2026-09-14T15:00:00Z","37.573417"
"2026-09-10T20:21:56Z","2026-09-14T15:00:00Z","2026-09-14T16:00:00Z","38.05739"
"2026-09-10T20:21:56Z","2026-09-14T16:00:00Z","2026-09-14T17:00:00Z","40.766425"
"2026-09-10T20:21:56Z","2026-09-14T17:00:00Z","2026-09-14T18:00:00Z","44.084145"
"2026-09-10T20:21:56Z","2026-09-14T18:00:00Z","2026-09-14T19:00:00Z","47.758627"
"2026-09-10T20:21:56Z","2026-09-14T19:00:00Z","2026-09-14T20:00:00Z","56.190372"
"2026-09-10T20:21:56Z","2026-09-14T20:00:00Z","2026-09-14T21:00:00Z","56.47383"
"2026-09-10T20:21:56Z","2026-09-14T21:00:00Z","2026-09-14T22:00:00Z","53.402202"
"2026-09-11T10:30:57Z","2026-09-11T22:00:00Z","2026-09-11T23:00:00Z","47.49171"
"2026-09-11T10:30:57Z","2026-09-11T23:00:00Z","2026-09-12T00:00:00Z","45.552605"
"2026-09-11T10:30:57Z","2026-09-12T00:00:00Z","2026-09-12T01:00:00Z","45.175137"
"2026-09-11T10:30:57Z","2026-09-12T01:00:00Z","2026-09-12T02:00:00Z","43.40168"
"2026-09-11T10:30:57Z","2026-09-12T02:00:00Z","2026-09-12T03:00:00Z","42.00938"
"2026-09-11T10:30:57Z","2026-09-12T03:00:00Z","2026-09-12T04:00:00Z","41.224932"
"2026-09-11T10:30:57Z","2026-09-12T04:00:00Z","2026-09-12T05:00:00Z","41.06809"
"2026-09-11T10:30:57Z","2026-09-12T05:00:00Z","2026-09-12T06:00:00Z","41.862177"
"2026-09-11T10:30:57Z","2026-09-12T06:00:00Z","2026-09-12T07:00:00Z","43.170225"
"2026-09-11T10:30:57Z","2026-09-12T07:00:00Z","2026-09-12T08:00:00Z","44.084502"
"2026-09-11T10:30:57Z","2026-09-12T08:00:00Z","2026-09-12T09:00:00Z","42.964355"
"2026-09-11T10:30:57Z","2026-09-12T09:00:00Z","2026-09-12T10:00:00Z","39.75076"
"2026-09-11T10:30:57Z","2026-09-12T10:00:00Z","2026-09-12T11:00:00Z","36.151962"
"2026-09-11T10:30:57Z","2026-09-12T11:00:00Z","2026-09-12T12:00:00Z","31.213462"
"2026-09-11T10:30:57Z","2026-09-12T12:00:00Z","2026-09-12T13:00:00Z","25.343787"
"2026-09-11T10:30:57Z","2026-09-12T13:00:00Z","2026-09-12T14:00:00Z","21.81984"
"2026-09-11T10:30:57Z","2026-09-12T14:00:00Z","2026-09-12T15:00:00Z","20.941382"
"2026-09-11T10:30:57Z","2026-09-12T15:00:00Z","2026-09-12T16:00:00Z","20.953877"
"2026-09-11T10:30:57Z","2026-09-12T16:00:00Z","2026-09-12T17:00:00Z","27.714862"
"2026-09-11T10:30:57Z","2026-09-12T17:00:00Z","2026-09-12T18:00:00Z","35.367157"
"2026-09-11T10:30:57Z","2026-09-12T18:00:00Z","2026-09-12T19:00:00Z","41.909777"
"2026-09-11T10:30:57Z","2026-09-12T19:00:00Z","2026-09-12T20:00:00Z","45.771922"
"2026-09-11T10:30:57Z","2026-09-12T20:00:00Z","2026-09-12T21:00:00Z","48.054342"
"2026-09-11T10:30:57Z","2026-09-12T21:00:00Z","2026-09-12T22:00:00Z","46.282075"
"2026-09-11T10:30:57Z","2026-09-12T22:00:00Z","2026-09-12T23:00:00Z","44.959152"
"2026-09-11T10:30:57Z","2026-09-12T23:00:00Z","2026-09-13T00:00:00Z","43.540672"
"2026-09-11T10:30:57Z","2026-09-13T00:00:00Z","2026-09-13T01:00:00Z","41.3168"
"2026-09-11T10:30:57Z","2026-09-13T01:00:00Z","2026-09-13T02:00:00Z","39.934972"
"2026-09-11T10:30:57Z","2026-09-13T02:00:00Z","2026-09-13T03:00:00Z","39.17956"
"2026-09-11T10:30:57Z","2026-09-13T03:00:00Z","2026-09-13T04:00:00Z","38.734857"
"2026-09-11T10:30:57Z","2026-09-13T04:00:00Z","2026-09-13T05:00:00Z","38.192812"
"2026-09-11T10:30:57Z","2026-09-13T05:00:00Z","2026-09-13T06:00:00Z","37.309475"
"2026-09-11T10:30:57Z","2026-09-13T06:00:00Z","2026-09-13T07:00:00Z","36.327725"
"2026-09-11T10:30:57Z","2026-09-13T07:00:00Z","2026-09-13T08:00:00Z","37.410982"
"2026-09-11T10:30:57Z","2026-09-13T08:00:00Z","2026-09-13T09:00:00Z","36.438395"
"2026-09-11T10:30:57Z","2026-09-13T09:00:00Z","2026-09-13T10:00:00Z","36.038912"
"2026-09-11T10:30:57Z","2026-09-13T10:00:00Z","2026-09-13T11:00:00Z","33.937015"
"2026-09-11T10:30:57Z","2026-09-13T11:00:00Z","2026-09-13T12:00:00Z","28.639135"
"2026-09-11T10:30:57Z","2026-09-13T12:00:00Z","2026-09-13T13:00:00Z","25.076275"
"2026-09-11T10:30:57Z","2026-09-13T13:00:00Z","2026-09-13T14:00:00Z","22.101275"
"2026-09-11T10:30:57Z","2026-09-13T14:00:00Z","2026-09-13T15:00:00Z","21.579222"
"2026-09-11T10:30:57Z","2026-09-13T15:00:00Z","2026-09-13T16:00:00Z","25.759692"
"2026-09-11T10:30:57Z","2026-09-13T16:00:00Z","2026-09-13T17:00:00Z","31.165505"
"2026-09-11T10:30:57Z","2026-09-13T17:00:00Z","2026-09-13T18:00:00Z","36.136492"
"2026-09-11T10:30:57Z","2026-09-13T18:00:00Z","2026-09-13T19:00:00Z","41.105575"
"2026-09-11T10:30:57Z","2026-09-13T19:00:00Z","2026-09-13T20:00:00Z","44.16566"
"2026-09-11T10:30:57Z","2026-09-13T20:00:00Z","2026-09-13T21:00:00Z","46.016467"
"2026-09-11T10:30:57Z","2026-09-13T21:00:00Z","2026-09-13T22:00:00Z","45.7436"
"2026-09-11T10:30:57Z","2026-09-13T22:00:00Z","2026-09-13T23:00:00Z","44.76066"
"2026-09-11T10:30:57Z","2026-09-13T23:00:00Z","2026-09-14T00:00:00Z","43.328852"
"2026-09-11T10:30:57Z","2026-09-14T00:00:00Z","2026-09-14T01:00:00Z","42.987917"
"2026-09-11T10:30:57Z","2026-09-14T01:00:00Z","2026-09-14T02:00:00Z","42.56987"
"2026-09-11T10:30:57Z","2026-09-14T02:00:00Z","2026-09-14T03:00:00Z","42.17479"
"2026-09-11T10:30:57Z","2026-09-14T03:00:00Z","2026-09-14T04:00:00Z","41.019657"
"2026-09-11T10:30:57Z","2026-09-14T04:00:00Z","2026-09-14T05:00:00Z","41.280862"
"2026-09-11T10:30:57Z","2026-09-14T05:00:00Z","2026-09-14T06:00:00Z","42.78645"
"2026-09-11T10:30:57Z","2026-09-14T06:00:00Z","2026-09-14T07:00:00Z","45.559745"
"2026-09-11T10:30:57Z","2026-09-14T07:00:00Z","2026-09-14T08:00:00Z","48.007932"
"2026-09-11T10:30:57Z","2026-09-14T08:00:00Z","2026-09-14T09:00:00Z","47.748155"
"2026-09-11T10:30:57Z","2026-09-14T09:00:00Z","2026-09-14T10:00:00Z","46.121425"
"2026-09-11T10:30:57Z","2026-09-14T10:00:00Z","2026-09-14T11:00:00Z","44.268595"
"2026-09-11T10:30:57Z","2026-09-14T11:00:00Z","2026-09-14T12:00:00Z","41.428422"
"2026-09-11T10:30:57Z","2026-09-14T12:00:00Z","2026-09-14T13:00:00Z","39.48777"
"2026-09-11T10:30:57Z","2026-09-14T13:00:00Z","2026-09-14T14:00:00Z","37.742635"
"2026-09-11T10:30:57Z","2026-09-14T14:00:00Z","2026-09-14T15:00:00Z","37.573417"
"2026-09-11T10:30:57Z","2026-09-14T15:00:00Z","2026-09-14T16:00:00Z","38.05739"
"2026-09-11T10:30:57Z","2026-09-14T16:00:00Z","2026-09-14T17:00:00Z","40.766425"
"2026-09-11T10:30:57Z","2026-09-14T17:00:00Z","2026-09-14T18:00:00Z","44.084145"
"2026-09-11T10:30:57Z","2026-09-14T18:00:00Z","2026-09-14T19:00:00Z","47.758627"
"2026-09-11T10:30:57Z","2026-09-14T19:00:00Z","2026-09-14T20:00:00Z","56.190372"
"2026-09-11T10:30:57Z","2026-09-14T20:00:00Z","2026-09-14T21:00:00Z","56.47383"
"2026-09-11T10:30:57Z","2026-09-14T21:00:00Z","2026-09-14T22:00:00Z","53.402202"
"2026-09-11T10:30:57Z","2026-09-14T22:00:00Z","2026-09-14T23:00:00Z","49.02324"
"2026-09-11T10:30:57Z","2026-09-14T23:00:00Z","2026-09-15T00:00:00Z","45.780847"
"2026-09-11T10:30:57Z","2026-09-15T00:00:00Z","2026-09-15T01:00:00Z","44.680335"
"2026-09-11T10:30:57Z","2026-09-15T01:00:00Z","2026-09-15T02:00:00Z","43.241982"
"2026-09-11T10:30:57Z","2026-09-15T02:00:00Z","2026-09-15T03:00:00Z","42.359597"
"2026-09-11T10:30:57Z","2026-09-15T03:00:00Z","2026-09-15T04:00:00Z","41.278125"
"2026-09-11T10:30:57Z","2026-09-15T04:00:00Z","2026-09-15T05:00:00Z","41.396887"
"2026-09-11T10:30:57Z","2026-09-15T05:00:00Z","2026-09-15T06:00:00Z","43.430835"
"2026-09-11T10:30:57Z","2026-09-15T06:00:00Z","2026-09-15T07:00:00Z","44.874067"
"2026-09-11T10:30:57Z","2026-09-15T07:00:00Z","2026-09-15T08:00:00Z","45.875095"
"2026-09-11T10:30:57Z","2026-09-15T08:00:00Z","2026-09-15T09:00:00Z","45.59009"
"2026-09-11T10:30:57Z","2026-09-15T09:00:00Z","2026-09-15T10:00:00Z","43.819965"
"2026-09-11T10:30:57Z","2026-09-15T10:00:00Z","2026-09-15T11:00:00Z","40.016725"
"2026-09-11T10:30:57Z","2026-09-15T11:00:00Z","2026-09-15T12:00:00Z","34.930427"
"2026-09-11T10:30:57Z","2026-09-15T12:00:00Z","2026-09-15T13:00:00Z","28.853097"
"2026-09-11T10:30:57Z","2026-09-15T13:00:00Z","2026-09-15T14:00:00Z","23.667315"
"2026-09-11T10:30:57Z","2026-09-15T14:00:00Z","2026-09-15T15:00:00Z","24.30813"
"2026-09-11T10:30:57Z","2026-09-15T15:00:00Z","2026-09-15T16:00:00Z","29.62743"
"2026-09-11T10:30:57Z","2026-09-15T16:00:00Z","2026-09-15T17:00:00Z","35.54054"
"2026-09-11T10:30:57Z","2026-09-15T17:00:00Z","2026-09-15T18:00:00Z","41.398672"
"2026-09-11T10:30:57Z","2026-09-15T18:00:00Z","2026-09-15T19:00:00Z","45.533565"
"2026-09-11T10:30:57Z","2026-09-15T19:00:00Z","2026-09-15T20:00:00Z","49.623357"
"2026-09-11T10:30:57Z","2026-09-15T20:00:00Z","2026-09-15T21:00:00Z","54.765585"
"2026-09-11T10:30:57Z","2026-09-15T21:00:00Z","2026-09-15T22:00:00Z","49.385595"
"2026-09-11T20:22:24Z","2026-09-12T22:00:00Z","2026-09-12T23:00:00Z","43.380022"
"2026-09-11T20:22:24Z","2026-09-12T23:00:00Z","2026-09-13T00:00:00Z","42.532385"
"2026-09-11T20:22:24Z","2026-09-13T00:00:00Z","2026-09-13T01:00:00Z","40.597802"
"2026-09-11T20:22:24Z","2026-09-13T01:00:00Z","2026-09-13T02:00:00Z","39.258695"
"2026-09-11T20:22:24Z","2026-09-13T02:00:00Z","2026-09-13T03:00:00Z","38.56552"
"2026-09-11T20:22:24Z","2026-09-13T03:00:00Z","2026-09-13T04:00:00Z","38.288607"
"2026-09-11T20:22:24Z","2026-09-13T04:00:00Z","2026-09-13T05:00:00Z","38.47032"
"2026-09-11T20:22:24Z","2026-09-13T05:00:00Z","2026-09-13T06:00:00Z","39.050207"
"2026-09-11T20:22:24Z","2026-09-13T06:00:00Z","2026-09-13T07:00:00Z","39.25691"
"2026-09-11T20:22:24Z","2026-09-13T07:00:00Z","2026-09-13T08:00:00Z","39.443145"
"2026-09-11T20:22:24Z","2026-09-13T08:00:00Z","2026-09-13T09:00:00Z","38.782457"
"2026-09-11T20:22:24Z","2026-09-13T09:00:00Z","2026-09-13T10:00:00Z","36.749937"
"2026-09-11T20:22:24Z","2026-09-13T10:00:00Z","2026-09-13T11:00:00Z","33.127577"
"2026-09-11T20:22:24Z","2026-09-13T11:00:00Z","2026-09-13T12:00:00Z","26.30019"
"2026-09-11T20:22:24Z","2026-09-13T12:00:00Z","2026-09-13T13:00:00Z","21.401912"
"2026-09-11T20:22:24Z","2026-09-13T13:00:00Z","2026-09-13T14:00:00Z","20.41564"
"2026-09-11T20:22:24Z","2026-09-13T14:00:00Z","2026-09-13T15:00:00Z","20.41564"
"2026-09-11T20:22:24Z","2026-09-13T15:00:00Z","2026-09-13T16:00:00Z","26.016137"
"2026-09-11T20:22:24Z","2026-09-13T16:00:00Z","2026-09-13T17:00:00Z","33.577992"
"2026-09-11T20:22:24Z","2026-09-13T17:00:00Z","2026-09-13T18:00:00Z","40.009347"
"2026-09-11T20:22:24Z","2026-09-13T18:00:00Z","2026-09-13T19:00:00Z","44.637852"
"2026-09-11T20:22:24Z","2026-09-13T19:00:00Z","2026-09-13T20:00:00Z","47.917135"
"2026-09-11T20:22:24Z","2026-09-13T20:00:00Z","2026-09-13T21:00:00Z","49.480557"
"2026-09-11T20:22:24Z","2026-09-13T21:00:00Z","2026-09-13T22:00:00Z","48.525582"
"2026-09-11T20:22:24Z","2026-09-13T22:00:00Z","2026-09-13T23:00:00Z","46.389532"
"2026-09-11T20:22:24Z","2026-09-13T23:00:00Z","2026-09-14T00:00:00Z","44.455425"
"2026-09-11T20:22:24Z","2026-09-14T00:00:00Z","2026-09-14T01:00:00Z","43.132502"
"2026-09-11T20:22:24Z","2026-09-14T01:00:00Z","2026-09-14T02:00:00Z","42.6496"
"2026-09-11T20:22:24Z","2026-09-14T02:00:00Z","2026-09-14T03:00:00Z","41.81779"
"2026-09-11T20:22:24Z","2026-09-14T03:00:00Z","2026-09-14T04:00:00Z","41.074635"
"2026-09-11T20:22:24Z","2026-09-14T04:00:00Z","2026-09-14T05:00:00Z","41.121045"
"2026-09-11T20:22:24Z","2026-09-14T05:00:00Z","2026-09-14T06:00:00Z","42.55083"
"2026-09-11T20:22:24Z","2026-09-14T06:00:00Z","2026-09-14T07:00:00Z","45.62817"
"2026-09-11T20:22:24Z","2026-09-14T07:00:00Z","2026-09-14T08:00:00Z","49.41237"
"2026-09-11T20:22:24Z","2026-09-14T08:00:00Z","2026-09-14T09:00:00Z","49.055965"
"2026-09-11T20:22:24Z","2026-09-14T09:00:00Z","2026-09-14T10:00:00Z","46.68608"
"2026-09-11T20:22:24Z","2026-09-14T10:00:00Z","2026-09-14T11:00:00Z","45.106355"
"2026-09-11T20:22:24Z","2026-09-14T11:00:00Z","2026-09-14T12:00:00Z","41.529215"
"2026-09-11T20:22:24Z","2026-09-14T12:00:00Z","2026-09-14T13:00:00Z","38.825535"
"2026-09-11T20:22:24Z","2026-09-14T13:00:00Z","2026-09-14T14:00:00Z","37.4017"
"2026-09-11T20:22:24Z","2026-09-14T14:00:00Z","2026-09-14T15:00:00Z","37.1637"
"2026-09-11T20:22:24Z","2026-09-14T15:00:00Z","2026-09-14T16:00:00Z","38.51435"
"2026-09-11T20:22:24Z","2026-09-14T16:00:00Z","2026-09-14T17:00:00Z","40.99669"
"2026-09-11T20:22:24Z","2026-09-14T17:00:00Z","2026-09-14T18:00:00Z","44.37867"
"2026-09-11T20:22:24Z","2026-09-14T18:00:00Z","2026-09-14T19:00:00Z","49.2065"
"2026-09-11T20:22:24Z","2026-09-14T19:00:00Z","2026-09-14T20:00:00Z","56.47383"
"2026-09-11T20:22:24Z","2026-09-14T20:00:00Z","2026-09-14T21:00:00Z","56.47383"
"2026-09-11T20:22:24Z","2026-09-14T21:00:00Z","2026-09-14T22:00:00Z","56.47383"
"2026-09-11T20:22:24Z","2026-09-14T22:00:00Z","2026-09-14T23:00:00Z","49.372505"
"2026-09-11T20:22:24Z","2026-09-14T23:00:00Z","2026-09-15T00:00:00Z","46.783065"
"2026-09-11T20:22:24Z","2026-09-15T00:00:00Z","2026-09-15T01:00:00Z","45.221547"
"2026-09-11T20:22:24Z","2026-09-15T01:00:00Z","2026-09-15T02:00:00Z","44.122582"
"2026-09-11T20:22:24Z","2026-09-15T02:00:00Z","2026-09-15T03:00:00Z","42.535955"
"2026-09-11T20:22:24Z","2026-09-15T03:00:00Z","2026-09-15T04:00:00Z","41.343337"
"2026-09-11T20:22:24Z","2026-09-15T04:00:00Z","2026-09-15T05:00:00Z","41.006805"
"2026-09-11T20:22:24Z","2026-09-15T05:00:00Z","2026-09-15T06:00:00Z","42.475265"
"2026-09-11T20:22:24Z","2026-09-15T06:00:00Z","2026-09-15T07:00:00Z","44.03119"
"2026-09-11T20:22:24Z","2026-09-15T07:00:00Z","2026-09-15T08:00:00Z","45.44372"
"2026-09-11T20:22:24Z","2026-09-15T08:00:00Z","2026-09-15T09:00:00Z","45.696357"
"2026-09-11T20:22:24Z","2026-09-15T09:00:00Z","2026-09-15T10:00:00Z","43.472485"
"2026-09-11T20:22:24Z","2026-09-15T10:00:00Z","2026-09-15T11:00:00Z","39.601772"
"2026-09-11T20:22:24Z","2026-09-15T11:00:00Z","2026-09-15T12:00:00Z","35.09548"
"2026-09-11T20:22:24Z","2026-09-15T12:00:00Z","2026-09-15T13:00:00Z","30.310847"
"2026-09-11T20:22:24Z","2026-09-15T13:00:00Z","2026-09-15T14:00:00Z","26.471907"
"2026-09-11T20:22:24Z","2026-09-15T14:00:00Z","2026-09-15T15:00:00Z","27.30574"
"2026-09-11T20:22:24Z","2026-09-15T15:00:00Z","2026-09-15T16:00:00Z","31.076255"
"2026-09-11T20:22:24Z","2026-09-15T16:00:00Z","2026-09-15T17:00:00Z","35.81662"
"2026-09-11T20:22:24Z","2026-09-15T17:00:00Z","2026-09-15T18:00:00Z","39.99709"
"2026-09-11T20:22:24Z","2026-09-15T18:00:00Z","2026-09-15T19:00:00Z","44.739835"
"2026-09-11T20:22:24Z","2026-09-15T19:00:00Z","2026-09-15T20:00:00Z","50.0871"
"2026-09-11T20:22:24Z","2026-09-15T20:00:00Z","2026-09-15T21:00:00Z","49.978572"
"2026-09-11T20:22:24Z","2026-09-15T21:00:00Z","2026-09-15T22:00:00Z","47.20968"
"2026-09-12T09:59:00Z","2026-09-12T22:00:00Z","2026-09-12T23:00:00Z","43.380022"
"2026-09-12T09:59:00Z","2026-09-12T23:00:00Z","2026-09-13T00:00:00Z","42.532385"
"2026-09-12T09:59:00Z","2026-09-13T00:00:00Z","2026-09-13T01:00:00Z","40.597802"
"2026-09-12T09:59:00Z","2026-09-13T01:00:00Z","2026-09-13T02:00:00Z","39.258695"
"2026-09-12T09:59:00Z","2026-09-13T02:00:00Z","2026-09-13T03:00:00Z","38.56552"
"2026-09-12T09:59:00Z","2026-09-13T03:00:00Z","2026-09-13T04:00:00Z","38.288607"
"2026-09-12T09:59:00Z","2026-09-13T04:00:00Z","2026-09-13T05:00:00Z","38.47032"
"2026-09-12T09:59:00Z","2026-09-13T05:00:00Z","2026-09-13T06:00:00Z","39.050207"
"2026-09-12T09:59:00Z","2026-09-13T06:00:00Z","2026-09-13T07:00:00Z","39.25691"
"2026-09-12T09:59:00Z","2026-09-13T07:00:00Z","2026-09-13T08:00:00Z","39.443145"
"2026-09-12T09:59:00Z","2026-09-13T08:00:00Z","2026-09-13T09:00:00Z","38.782457"
"2026-09-12T09:59:00Z","2026-09-13T09:00:00Z","2026-09-13T10:00:00Z","36.749937"
"2026-09-12T09:59:00Z","2026-09-13T10:00:00Z","2026-09-13T11:00:00Z","33.127577"
"2026-09-12T09:59:00Z","2026-09-13T11:00:00Z","2026-09-13T12:00:00Z","26.30019"
"2026-09-12T09:59:00Z","2026-09-13T12:00:00Z","2026-09-13T13:00:00Z","21.401912"
"2026-09-12T09:59:00Z","2026-09-13T13:00:00Z","2026-09-13T14:00:00Z","20.41564"
"2026-09-12T09:59:00Z","2026-09-13T14:00:00Z","2026-09-13T15:00:00Z","20.41564"
"2026-09-12T09:59:00Z","2026-09-13T15:00:00Z","2026-09-13T16:00:00Z","26.016137"
"2026-09-12T09:59:00Z","2026-09-13T16:00:00Z","2026-09-13T17:00:00Z","33.577992"
"2026-09-12T09:59:00Z","2026-09-13T17:00:00Z","2026-09-13T18:00:00Z","40.009347"
"2026-09-12T09:59:00Z","2026-09-13T18:00:00Z","2026-09-13T19:00:00Z","44.637852"
"2026-09-12T09:59:00Z","2026-09-13T19:00:00Z","2026-09-13T20:00:00Z","47.917135"
"2026-09-12T09:59:00Z","2026-09-13T20:00:00Z","2026-09-13T21:00:00Z","49.480557"
"2026-09-12T09:59:00Z","2026-09-13T21:00:00Z","2026-09-13T22:00:00Z","48.525582"
"2026-09-12T09:59:00Z","2026-09-13T22:00:00Z","2026-09-13T23:00:00Z","46.389532"
"2026-09-12T09:59:00Z","2026-09-13T23:00:00Z","2026-09-14T00:00:00Z","44.455425"
"2026-09-12T09:59:00Z","2026-09-14T00:00:00Z","2026-09-14T01:00:00Z","43.132502"
"2026-09-12T09:59:00Z","2026-09-14T01:00:00Z","2026-09-14T02:00:00Z","42.6496"
"2026-09-12T09:59:00Z","2026-09-14T02:00:00Z","2026-09-14T03:00:00Z","41.81779"
"2026-09-12T09:59:00Z","2026-09-14T03:00:00Z","2026-09-14T04:00:00Z","41.074635"
"2026-09-12T09:59:00Z","2026-09-14T04:00:00Z","2026-09-14T05:00:00Z","41.121045"
"2026-09-12T09:59:00Z","2026-09-14T05:00:00Z","2026-09-14T06:00:00Z","42.55083"
"2026-09-12T09:59:00Z","2026-09-14T06:00:00Z","2026-09-14T07:00:00Z","45.62817"
"2026-09-12T09:59:00Z","2026-09-14T07:00:00Z","2026-09-14T08:00:00Z","49.41237"
"2026-09-12T09:59:00Z","2026-09-14T08:00:00Z","2026-09-14T09:00:00Z","49.055965"
"2026-09-12T09:59:00Z","2026-09-14T09:00:00Z","2026-09-14T10:00:00Z","46.68608"
"2026-09-12T09:59:00Z","2026-09-14T10:00:00Z","2026-09-14T11:00:00Z","45.106355"
"2026-09-12T09:59:00Z","2026-09-14T11:00:00Z","2026-09-14T12:00:00Z","41.529215"
"2026-09-12T09:59:00Z","2026-09-14T12:00:00Z","2026-09-14T13:00:00Z","38.825535"
"2026-09-12T09:59:00Z","2026-09-14T13:00:00Z","2026-09-14T14:00:00Z","37.4017"
"2026-09-12T09:59:00Z","2026-09-14T14:00:00Z","2026-09-14T15:00:00Z","37.1637"
"2026-09-12T09:59:00Z","2026-09-14T15:00:00Z","2026-09-14T16:00:00Z","38.51435"
"2026-09-12T09:59:00Z","2026-09-14T16:00:00Z","2026-09-14T17:00:00Z","40.99669"
"2026-09-12T09:59:00Z","2026-09-14T17:00:00Z","2026-09-14T18:00:00Z","44.37867"
"2026-09-12T09:59:00Z","2026-09-14T18:00:00Z","2026-09-14T19:00:00Z","49.2065"
"2026-09-12T09:59:00Z","2026-09-14T19:00:00Z","2026-09-14T20:00:00Z","56.47383"
"2026-09-12T09:59:00Z","2026-09-14T20:00:00Z","2026-09-14T21:00:00Z","56.47383"
"2026-09-12T09:59:00Z","2026-09-14T21:00:00Z","2026-09-14T22:00:00Z","56.47383"
"2026-09-12T09:59:00Z","2026-09-14T22:00:00Z","2026-09-14T23:00:00Z","49.372505"
"2026-09-12T09:59:00Z","2026-09-14T23:00:00Z","2026-09-15T00:00:00Z","46.783065"
"2026-09-12T09:59:00Z","2026-09-15T00:00:00Z","2026-09-15T01:00:00Z","45.221547"
"2026-09-12T09:59:00Z","2026-09-15T01:00:00Z","2026-09-15T02:00:00Z","44.122582"
"2026-09-12T09:59:00Z","2026-09-15T02:00:00Z","2026-09-15T03:00:00Z","42.535955"
"2026-09-12T09:59:00Z","2026-09-15T03:00:00Z","2026-09-15T04:00:00Z","41.343337"
"2026-09-12T09:59:00Z","2026-09-15T04:00:00Z","2026-09-15T05:00:00Z","41.006805"
"2026-09-12T09:59:00Z","2026-09-15T05:00:00Z","2026-09-15T06:00:00Z","42.475265"
"2026-09-12T09:59:00Z","2026-09-15T06:00:00Z","2026-09-15T07:00:00Z","44.03119"
"2026-09-12T09:59:00Z","2026-09-15T07:00:00Z","2026-09-15T08:00:00Z","45.44372"
"2026-09-12T09:59:00Z","2026-09-15T08:00:00Z","2026-09-15T09:00:00Z","45.696357"
"2026-09-12T09:59:00Z","2026-09-15T09:00:00Z","2026-09-15T10:00:00Z","43.472485"
"2026-09-12T09:59:00Z","2026-09-15T10:00:00Z","2026-09-15T11:00:00Z","39.601772"
"2026-09-12T09:59:00Z","2026-09-15T11:00:00Z","2026-09-15T12:00:00Z","35.09548"
"2026-09-12T09:59:00Z","2026-09-15T12:00:00Z","2026-09-15T13:00:00Z","30.310847"
"2026-09-12T09:59:00Z","2026-09-15T13:00:00Z","2026-09-15T14:00:00Z","26.471907"
"2026-09-12T09:59:00Z","2026-09-15T14:00:00Z","2026-09-15T15:00:00Z","27.30574"
"2026-09-12T09:59:00Z","2026-09-15T15:00:00Z","2026-09-15T16:00:00Z","31.076255"
"2026-09-12T09:59:00Z","2026-09-15T16:00:00Z","2026-09-15T17:00:00Z","35.81662"
"2026-09-12T09:59:00Z","2026-09-15T17:00:00Z","2026-09-15T18:00:00Z","39.99709"
"2026-09-12T09:59:00Z","2026-09-15T18:00:00Z","2026-09-15T19:00:00Z","44.739835"
"2026-09-12T09:59:00Z","2026-09-15T19:00:00Z","2026-09-15T20:00:00Z","50.0871"
"2026-09-12T09:59:00Z","2026-09-15T20:00:00Z","2026-09-15T21:00:00Z","49.978572"
"2026-09-12T09:59:00Z","2026-09-15T21:00:00Z","2026-09-15T22:00:00Z","47.20968"
"2026-09-12T09:59:00Z","2026-09-15T22:00:00Z","2026-09-15T23:00:00Z","45.207267"
"2026-09-12T09:59:00Z","2026-09-15T23:00:00Z","2026-09-16T00:00:00Z","43.17201"
"2026-09-12T09:59:00Z","2026-09-16T00:00:00Z","2026-09-16T01:00:00Z","41.762455"
"2026-09-12T09:59:00Z","2026-09-16T01:00:00Z","2026-09-16T02:00:00Z","40.158097"
"2026-09-12T09:59:00Z","2026-09-16T02:00:00Z","2026-09-16T03:00:00Z","39.442312"
"2026-09-12T09:59:00Z","2026-09-16T03:00:00Z","2026-09-16T04:00:00Z","38.231487"
"2026-09-12T09:59:00Z","2026-09-16T04:00:00Z","2026-09-16T05:00:00Z","38.375477"
"2026-09-12T09:59:00Z","2026-09-16T05:00:00Z","2026-09-16T06:00:00Z","39.627595"
"2026-09-12T09:59:00Z","2026-09-16T06:00:00Z","2026-09-16T07:00:00Z","42.052815"
"2026-09-12T09:59:00Z","2026-09-16T07:00:00Z","2026-09-16T08:00:00Z","43.734642"
"2026-09-12T09:59:00Z","2026-09-16T08:00:00Z","2026-09-16T09:00:00Z","44.1728"
"2026-09-12T09:59:00Z","2026-09-16T09:00:00Z","2026-09-16T10:00:00Z","41.77019"
"2026-09-12T09:59:00Z","2026-09-16T10:00:00Z","2026-09-16T11:00:00Z","37.596265"
"2026-09-12T09:59:00Z","2026-09-16T11:00:00Z","2026-09-16T12:00:00Z","33.503855"
"2026-09-12T09:59:00Z","2026-09-16T12:00:00Z","2026-09-16T13:00:00Z","27.583962"
"2026-09-12T09:59:00Z","2026-09-16T13:00:00Z","2026-09-16T14:00:00Z","24.265647"
"2026-09-12T09:59:00Z","2026-09-16T14:00:00Z","2026-09-16T15:00:00Z","24.140935"
"2026-09-12T09:59:00Z","2026-09-16T15:00:00Z","2026-09-16T16:00:00Z","28.186697"
"2026-09-12T09:59:00Z","2026-09-16T16:00:00Z","2026-09-16T17:00:00Z","33.738047"
"2026-09-12T09:59:00Z","2026-09-16T17:00:00Z","2026-09-16T18:00:00Z","38.76782"
"2026-09-12T09:59:00Z","2026-09-16T18:00:00Z","2026-09-16T19:00:00Z","43.866137"
"2026-09-12T09:59:00Z","2026-09-16T19:00:00Z","2026-09-16T20:00:00Z","48.339585"
"2026-09-12T09:59:00Z","2026-09-16T20:00:00Z","2026-09-16T21:00:00Z","49.602532"
"2026-09-12T09:59:00Z","2026-09-16T21:00:00Z","2026-09-16T22:00:00Z","46.926222"
"2026-09-12T20:06:37Z","2026-09-13T22:00:00Z","2026-09-13T23:00:00Z","47.634867"
"2026-09-12T20:06:37Z","2026-09-13T23:00:00Z","2026-09-14T00:00:00Z","45.96375"
"2026-09-12T20:06:37Z","2026-09-14T00:00:00Z","2026-09-14T01:00:00Z","43.881845"
"2026-09-12T20:06:37Z","2026-09-14T01:00:00Z","2026-09-14T02:00:00Z","42.973875"
"2026-09-12T20:06:37Z","2026-09-14T02:00:00Z","2026-09-14T03:00:00Z","42.668997"
"2026-09-12T20:06:37Z","2026-09-14T03:00:00Z","2026-09-14T04:00:00Z","42.464317"
"2026-09-12T20:06:37Z","2026-09-14T04:00:00Z","2026-09-14T05:00:00Z","42.807275"
"2026-09-12T20:06:37Z","2026-09-14T05:00:00Z","2026-09-14T06:00:00Z","43.844955"
"2026-09-12T20:06:37Z","2026-09-14T06:00:00Z","2026-09-14T07:00:00Z","45.812025"
"2026-09-12T20:06:37Z","2026-09-14T07:00:00Z","2026-09-14T08:00:00Z","51.024225"
"2026-09-12T20:06:37Z","2026-09-14T08:00:00Z","2026-09-14T09:00:00Z","49.35644"
"2026-09-12T20:06:37Z","2026-09-14T09:00:00Z","2026-09-14T10:00:00Z","46.53376"
"2026-09-12T20:06:37Z","2026-09-14T10:00:00Z","2026-09-14T11:00:00Z","43.54805"
"2026-09-12T20:06:37Z","2026-09-14T11:00:00Z","2026-09-14T12:00:00Z","40.465117"
"2026-09-12T20:06:37Z","2026-09-14T12:00:00Z","2026-09-14T13:00:00Z","38.423672"
"2026-09-12T20:06:37Z","2026-09-14T13:00:00Z","2026-09-14T14:00:00Z","38.384045"
"2026-09-12T20:06:37Z","2026-09-14T14:00:00Z","2026-09-14T15:00:00Z","39.313792"
"2026-09-12T20:06:37Z","2026-09-14T15:00:00Z","2026-09-14T16:00:00Z","39.11292"
"2026-09-12T20:06:37Z","2026-09-14T16:00:00Z","2026-09-14T17:00:00Z","40.982172"
"2026-09-12T20:06:37Z","2026-09-14T17:00:00Z","2026-09-14T18:00:00Z","44.883587"
"2026-09-12T20:06:37Z","2026-09-14T18:00:00Z","2026-09-14T19:00:00Z","49.72177"
"2026-09-12T20:06:37Z","2026-09-14T19:00:00Z","2026-09-14T20:00:00Z","56.47383"
"2026-09-12T20:06:37Z","2026-09-14T20:00:00Z","2026-09-14T21:00:00Z","56.47383"
"2026-09-12T20:06:37Z","2026-09-14T21:00:00Z","2026-09-14T22:00:00Z","56.47383"
"2026-09-12T20:06:37Z","2026-09-14T22:00:00Z","2026-09-14T23:00:00Z","49.9681"
"2026-09-12T20:06:37Z","2026-09-14T23:00:00Z","2026-09-15T00:00:00Z","47.733637"
"2026-09-12T20:06:37Z","2026-09-15T00:00:00Z","2026-09-15T01:00:00Z","44.635472"
"2026-09-12T20:06:37Z","2026-09-15T01:00:00Z","2026-09-15T02:00:00Z","43.36836"
"2026-09-12T20:06:37Z","2026-09-15T02:00:00Z","2026-09-15T03:00:00Z","42.721952"
"2026-09-12T20:06:37Z","2026-09-15T03:00:00Z","2026-09-15T04:00:00Z","41.917512"
"2026-09-12T20:06:37Z","2026-09-15T04:00:00Z","2026-09-15T05:00:00Z","41.401052"
"2026-09-12T20:06:37Z","2026-09-15T05:00:00Z","2026-09-15T06:00:00Z","42.588672"
"2026-09-12T20:06:37Z","2026-09-15T06:00:00Z","2026-09-15T07:00:00Z","44.37867"
"2026-09-12T20:06:37Z","2026-09-15T07:00:00Z","2026-09-15T08:00:00Z","46.365375"
"2026-09-12T20:06:37Z","2026-09-15T08:00:00Z","2026-09-15T09:00:00Z","46.245542"
"2026-09-12T20:06:37Z","2026-09-15T09:00:00Z","2026-09-15T10:00:00Z","44.440312"
"2026-09-12T20:06:37Z","2026-09-15T10:00:00Z","2026-09-15T11:00:00Z","40.482372"
"2026-09-12T20:06:37Z","2026-09-15T11:00:00Z","2026-09-15T12:00:00Z","36.835855"
"2026-09-12T20:06:37Z","2026-09-15T12:00:00Z","2026-09-15T13:00:00Z","31.857252"
"2026-09-12T20:06:37Z","2026-09-15T13:00:00Z","2026-09-15T14:00:00Z","28.32676"
"2026-09-12T20:06:37Z","2026-09-15T14:00:00Z","2026-09-15T15:00:00Z","29.221402"
"2026-09-12T20:06:37Z","2026-09-15T15:00:00Z","2026-09-15T16:00:00Z","33.618452"
"2026-09-12T20:06:37Z","2026-09-15T16:00:00Z","2026-09-15T17:00:00Z","37.28627"
"2026-09-12T20:06:37Z","2026-09-15T17:00:00Z","2026-09-15T18:00:00Z","41.974037"
"2026-09-12T20:06:37Z","2026-09-15T18:00:00Z","2026-09-15T19:00:00Z","45.512145"
"2026-09-12T20:06:37Z","2026-09-15T19:00:00Z","2026-09-15T20:00:00Z","48.162632"
"2026-09-12T20:06:37Z","2026-09-15T20:00:00Z","2026-09-15T21:00:00Z","51.29971"
"2026-09-12T20:06:37Z","2026-09-15T21:00:00Z","2026-09-15T22:00:00Z","48.35327"
"2026-09-12T20:06:37Z","2026-09-15T22:00:00Z","2026-09-15T23:00:00Z","45.04031"
"2026-09-12T20:06:37Z","2026-09-15T23:00:00Z","2026-09-16T00:00:00Z","44.38105"
"2026-09-12T20:06:37Z","2026-09-16T00:00:00Z","2026-09-16T01:00:00Z","43.772722"
"2026-09-12T20:06:37Z","2026-09-16T01:00:00Z","2026-09-16T02:00:00Z","43.171772"
"2026-09-12T20:06:37Z","2026-09-16T02:00:00Z","2026-09-16T03:00:00Z","41.786017"
"2026-09-12T20:06:37Z","2026-09-16T03:00:00Z","2026-09-16T04:00:00Z","40.67539"
"2026-09-12T20:06:37Z","2026-09-16T04:00:00Z","2026-09-16T05:00:00Z","40.779277"
"2026-09-12T20:06:37Z","2026-09-16T05:00:00Z","2026-09-16T06:00:00Z","42.645435"
"2026-09-12T20:06:37Z","2026-09-16T06:00:00Z","2026-09-16T07:00:00Z","44.67974"
"2026-09-12T20:06:37Z","2026-09-16T07:00:00Z","2026-09-16T08:00:00Z","46.334792"
"2026-09-12T20:06:37Z","2026-09-16T08:00:00Z","2026-09-16T09:00:00Z","46.065852"
"2026-09-12T20:06:37Z","2026-09-16T09:00:00Z","2026-09-16T10:00:00Z","44.081527"
"2026-09-12T20:06:37Z","2026-09-16T10:00:00Z","2026-09-16T11:00:00Z","40.748932"
"2026-09-12T20:06:37Z","2026-09-16T11:00:00Z","2026-09-16T12:00:00Z","36.11412"
"2026-09-12T20:06:37Z","2026-09-16T12:00:00Z","2026-09-16T13:00:00Z","31.649597"
"2026-09-12T20:06:37Z","2026-09-16T13:00:00Z","2026-09-16T14:00:00Z","27.670475"
"2026-09-12T20:06:37Z","2026-09-16T14:00:00Z","2026-09-16T15:00:00Z","28.564165"
"2026-09-12T20:06:37Z","2026-09-16T15:00:00Z","2026-09-16T16:00:00Z","32.166652"
"2026-09-12T20:06:37Z","2026-09-16T16:00:00Z","2026-09-16T17:00:00Z","35.808647"
"2026-09-12T20:06:37Z","2026-09-16T17:00:00Z","2026-09-16T18:00:00Z","40.703117"
"2026-09-12T20:06:37Z","2026-09-16T18:00:00Z","2026-09-16T19:00:00Z","44.499217"
"2026-09-12T20:06:37Z","2026-09-16T19:00:00Z","2026-09-16T20:00:00Z","46.930625"
"2026-09-12T20:06:37Z","2026-09-16T20:00:00Z","2026-09-16T21:00:00Z","48.511302"
"2026-09-12T20:06:37Z","2026-09-16T21:00:00Z","2026-09-16T22:00:00Z","47.212417"
"2026-09-13T11:00:30Z","2026-09-13T22:00:00Z","2026-09-13T23:00:00Z","47.634867"
"2026-09-13T11:00:30Z","2026-09-13T23:00:00Z","2026-09-14T00:00:00Z","45.96375"
"2026-09-13T11:00:30Z","2026-09-14T00:00:00Z","2026-09-14T01:00:00Z","44.471847"
"2026-09-13T11:00:30Z","2026-09-14T01:00:00Z","2026-09-14T02:00:00Z","43.450827"
"2026-09-13T11:00:30Z","2026-09-14T02:00:00Z","2026-09-14T03:00:00Z","42.796327"
"2026-09-13T11:00:30Z","2026-09-14T03:00:00Z","2026-09-14T04:00:00Z","42.46396"
"2026-09-13T11:00:30Z","2026-09-14T04:00:00Z","2026-09-14T05:00:00Z","42.383992"
"2026-09-13T11:00:30Z","2026-09-14T05:00:00Z","2026-09-14T06:00:00Z","43.742615"
"2026-09-13T11:00:30Z","2026-09-14T06:00:00Z","2026-09-14T07:00:00Z","47.329275"
"2026-09-13T11:00:30Z","2026-09-14T07:00:00Z","2026-09-14T08:00:00Z","53.517037"
"2026-09-13T11:00:30Z","2026-09-14T08:00:00Z","2026-09-14T09:00:00Z","50.705662"
"2026-09-13T11:00:30Z","2026-09-14T09:00:00Z","2026-09-14T10:00:00Z","47.984965"
"2026-09-13T11:00:30Z","2026-09-14T10:00:00Z","2026-09-14T11:00:00Z","44.609887"
"2026-09-13T11:00:30Z","2026-09-14T11:00:00Z","2026-09-14T12:00:00Z","41.262417"
"2026-09-13T11:00:30Z","2026-09-14T12:00:00Z","2026-09-14T13:00:00Z","40.12323"
"2026-09-13T11:00:30Z","2026-09-14T13:00:00Z","2026-09-14T14:00:00Z","38.84517"
"2026-09-13T11:00:30Z","2026-09-14T14:00:00Z","2026-09-14T15:00:00Z","39.20455"
"2026-09-13T11:00:30Z","2026-09-14T15:00:00Z","2026-09-14T16:00:00Z","40.259247"
"2026-09-13T11:00:30Z","2026-09-14T16:00:00Z","2026-09-14T17:00:00Z","43.11251"
"2026-09-13T11:00:30Z","2026-09-14T17:00:00Z","2026-09-14T18:00:00Z","46.147367"
"2026-09-13T11:00:30Z","2026-09-14T18:00:00Z","2026-09-14T19:00:00Z","56.47383"
"2026-09-13T11:00:30Z","2026-09-14T19:00:00Z","2026-09-14T20:00:00Z","56.47383"
"2026-09-13T11:00:30Z","2026-09-14T20:00:00Z","2026-09-14T21:00:00Z","56.47383"
"2026-09-13T11:00:30Z","2026-09-14T21:00:00Z","2026-09-14T22:00:00Z","56.47383"
"2026-09-13T11:00:30Z","2026-09-14T22:00:00Z","2026-09-14T23:00:00Z","50.290947"
"2026-09-13T11:00:30Z","2026-09-14T23:00:00Z","2026-09-15T00:00:00Z","47.362595"
"2026-09-13T11:00:30Z","2026-09-15T00:00:00Z","2026-09-15T01:00:00Z","45.41992"
"2026-09-13T11:00:30Z","2026-09-15T01:00:00Z","2026-09-15T02:00:00Z","43.750112"
"2026-09-13T11:00:30Z","2026-09-15T02:00:00Z","2026-09-15T03:00:00Z","42.77455"
"2026-09-13T11:00:30Z","2026-09-15T03:00:00Z","2026-09-15T04:00:00Z","41.951665"
"2026-09-13T11:00:30Z","2026-09-15T04:00:00Z","2026-09-15T05:00:00Z","41.561702"
"2026-09-13T11:00:30Z","2026-09-15T05:00:00Z","2026-09-15T06:00:00Z","42.460985"
"2026-09-13T11:00:30Z","2026-09-15T06:00:00Z","2026-09-15T07:00:00Z","45.041262"
"2026-09-13T11:00:30Z","2026-09-15T07:00:00Z","2026-09-15T08:00:00Z","47.234432"
"2026-09-13T11:00:30Z","2026-09-15T08:00:00Z","2026-09-15T09:00:00Z","47.069855"
"2026-09-13T11:00:30Z","2026-09-15T09:00:00Z","2026-09-15T10:00:00Z","44.421272"
"2026-09-13T11:00:30Z","2026-09-15T10:00:00Z","2026-09-15T11:00:00Z","40.185467"
"2026-09-13T11:00:30Z","2026-09-15T11:00:00Z","2026-09-15T12:00:00Z","36.707335"
"2026-09-13T11:00:30Z","2026-09-15T12:00:00Z","2026-09-15T13:00:00Z","33.714247"
"2026-09-13T11:00:30Z","2026-09-15T13:00:00Z","2026-09-15T14:00:00Z","30.79839"
"2026-09-13T11:00:30Z","2026-09-15T14:00:00Z","2026-09-15T15:00:00Z","31.547852"
"2026-09-13T11:00:30Z","2026-09-15T15:00:00Z","2026-09-15T16:00:00Z","35.033957"
"2026-09-13T11:00:30Z","2026-09-15T16:00:00Z","2026-09-15T17:00:00Z","38.368575"
"2026-09-13T11:00:30Z","2026-09-15T17:00:00Z","2026-09-15T18:00:00Z","42.372925"
"2026-09-13T11:00:30Z","2026-09-15T18:00:00Z","2026-09-15T19:00:00Z","46.383582"
"2026-09-13T11:00:30Z","2026-09-15T19:00:00Z","2026-09-15T20:00:00Z","52.593835"
"2026-09-13T11:00:30Z","2026-09-15T20:00:00Z","2026-09-15T21:00:00Z","53.407795"
"2026-09-13T11:00:30Z","2026-09-15T21:00:00Z","2026-09-15T22:00:00Z","49.078932"
"2026-09-13T11:00:30Z","2026-09-15T22:00:00Z","2026-09-15T23:00:00Z","47.388537"
"2026-09-13T11:00:30Z","2026-09-15T23:00:00Z","2026-09-16T00:00:00Z","45.32234"
"2026-09-13T11:00:30Z","2026-09-16T00:00:00Z","2026-09-16T01:00:00Z","44.300487"
"2026-09-13T11:00:30Z","2026-09-16T01:00:00Z","2026-09-16T02:00:00Z","43.266972"
"2026-09-13T11:00:30Z","2026-09-16T02:00:00Z","2026-09-16T03:00:00Z","41.63929"
"2026-09-13T11:00:30Z","2026-09-16T03:00:00Z","2026-09-16T04:00:00Z","40.786417"
"2026-09-13T11:00:30Z","2026-09-16T04:00:00Z","2026-09-16T05:00:00Z","41.22755"
"2026-09-13T11:00:30Z","2026-09-16T05:00:00Z","2026-09-16T06:00:00Z","43.440117"
"2026-09-13T11:00:30Z","2026-09-16T06:00:00Z","2026-09-16T07:00:00Z","45.607345"
"2026-09-13T11:00:30Z","2026-09-16T07:00:00Z","2026-09-16T08:00:00Z","47.463745"
"2026-09-13T11:00:30Z","2026-09-16T08:00:00Z","2026-09-16T09:00:00Z","47.048197"
"2026-09-13T11:00:30Z","2026-09-16T09:00:00Z","2026-09-16T10:00:00Z","44.33821"
"2026-09-13T11:00:30Z","2026-09-16T10:00:00Z","2026-09-16T11:00:00Z","40.72894"
"2026-09-13T11:00:30Z","2026-09-16T11:00:00Z","2026-09-16T12:00:00Z","36.82098"
"2026-09-13T11:00:30Z","2026-09-16T12:00:00Z","2026-09-16T13:00:00Z","32.657765"
"2026-09-13T11:00:30Z","2026-09-16T13:00:00Z","2026-09-16T14:00:00Z","29.944922"
"2026-09-13T11:00:30Z","2026-09-16T14:00:00Z","2026-09-16T15:00:00Z","30.348927"
"2026-09-13T11:00:30Z","2026-09-16T15:00:00Z","2026-09-16T16:00:00Z","32.929085"
"2026-09-13T11:00:30Z","2026-09-16T16:00:00Z","2026-09-16T17:00:00Z","36.31761"
"2026-09-13T11:00:30Z","2026-09-16T17:00:00Z","2026-09-16T18:00:00Z","40.773922"
"2026-09-13T11:00:30Z","2026-09-16T18:00:00Z","2026-09-16T19:00:00Z","44.527182"
"2026-09-13T11:00:30Z","2026-09-16T19:00:00Z","2026-09-16T20:00:00Z","48.300077"
"2026-09-13T11:00:30Z","2026-09-16T20:00:00Z","2026-09-16T21:00:00Z","49.873852"
"2026-09-13T11:00:30Z","2026-09-16T21:00:00Z","2026-09-16T22:00:00Z","48.340775"
"2026-09-13T11:00:30Z","2026-09-16T22:00:00Z","2026-09-16T23:00:00Z","46.993695"
"2026-09-13T11:00:30Z","2026-09-16T23:00:00Z","2026-09-17T00:00:00Z","45.463712"
"2026-09-13T11:00:30Z","2026-09-17T00:00:00Z","2026-09-17T01:00:00Z","43.77891"
"2026-09-13T11:00:30Z","2026-09-17T01:00:00Z","2026-09-17T02:00:00Z","42.400295"
"2026-09-13T11:00:30Z","2026-09-17T02:00:00Z","2026-09-17T03:00:00Z","41.129375"
"2026-09-13T11:00:30Z","2026-09-17T03:00:00Z","2026-09-17T04:00:00Z","40.15179"
"2026-09-13T11:00:30Z","2026-09-17T04:00:00Z","2026-09-17T05:00:00Z","40.044095"
"2026-09-13T11:00:30Z","2026-09-17T05:00:00Z","2026-09-17T06:00:00Z","40.940165"
"2026-09-13T11:00:30Z","2026-09-17T06:00:00Z","2026-09-17T07:00:00Z","43.19343"
"2026-09-13T11:00:30Z","2026-09-17T07:00:00Z","2026-09-17T08:00:00Z","44.718415"
"2026-09-13T11:00:30Z","2026-09-17T08:00:00Z","2026-09-17T09:00:00Z","44.662842"
"2026-09-13T11:00:30Z","2026-09-17T09:00:00Z","2026-09-17T10:00:00Z","42.62699"
"2026-09-13T11:00:30Z","2026-09-17T10:00:00Z","2026-09-17T11:00:00Z","38.949652"
"2026-09-13T11:00:30Z","2026-09-17T11:00:00Z","2026-09-17T12:00:00Z","32.591125"
"2026-09-13T11:00:30Z","2026-09-17T12:00:00Z","2026-09-17T13:00:00Z","24.923955"
"2026-09-13T11:00:30Z","2026-09-17T13:00:00Z","2026-09-17T14:00:00Z","21.554827"
"2026-09-13T11:00:30Z","2026-09-17T14:00:00Z","2026-09-17T15:00:00Z","21.093702"
"2026-09-13T11:00:30Z","2026-09-17T15:00:00Z","2026-09-17T16:00:00Z","23.475725"
"2026-09-13T11:00:30Z","2026-09-17T16:00:00Z","2026-09-17T17:00:00Z","30.378082"
"2026-09-13T11:00:30Z","2026-09-17T17:00:00Z","2026-09-17T18:00:00Z","37.142875"
"2026-09-13T11:00:30Z","2026-09-17T18:00:00Z","2026-09-17T19:00:00Z","41.73568"
"2026-09-13T11:00:30Z","2026-09-17T19:00:00Z","2026-09-17T20:00:00Z","45.828447"
"2026-09-13T11:00:30Z","2026-09-17T20:00:00Z","2026-09-17T21:00:00Z","46.76462"
"2026-09-13T11:00:30Z","2026-09-17T21:00:00Z","2026-09-17T22:00:00Z","44.71306"
"2026-09-13T20:13:04Z","2026-09-14T22:00:00Z","2026-09-14T23:00:00Z","50.485155"
"2026-09-13T20:13:04Z","2026-09-14T23:00:00Z","2026-09-15T00:00:00Z","47.668425"
"2026-09-13T20:13:04Z","2026-09-15T00:00:00Z","2026-09-15T01:00:00Z","44.862167"
"2026-09-13T20:13:04Z","2026-09-15T01:00:00Z","2026-09-15T02:00:00Z","43.219967"
"2026-09-13T20:13:04Z","2026-09-15T02:00:00Z","2026-09-15T03:00:00Z","42.225127"
"2026-09-13T20:13:04Z","2026-09-15T03:00:00Z","2026-09-15T04:00:00Z","41.68094"
"2026-09-13T20:13:04Z","2026-09-15T04:00:00Z","2026-09-15T05:00:00Z","41.342742"
"2026-09-13T20:13:04Z","2026-09-15T05:00:00Z","2026-09-15T06:00:00Z","42.749917"
"2026-09-13T20:13:04Z","2026-09-15T06:00:00Z","2026-09-15T07:00:00Z","44.535512"
"2026-09-13T20:13:04Z","2026-09-15T07:00:00Z","2026-09-15T08:00:00Z","46.524835"
"2026-09-13T20:13:04Z","2026-09-15T08:00:00Z","2026-09-15T09:00:00Z","46.710475"
"2026-09-13T20:13:04Z","2026-09-15T09:00:00Z","2026-09-15T10:00:00Z","42.749917"
"2026-09-13T20:13:04Z","2026-09-15T10:00:00Z","2026-09-15T11:00:00Z","37.446087"
"2026-09-13T20:13:04Z","2026-09-15T11:00:00Z","2026-09-15T12:00:00Z","35.085722"
"2026-09-13T20:13:04Z","2026-09-15T12:00:00Z","2026-09-15T13:00:00Z","32.74642"
"2026-09-13T20:13:04Z","2026-09-15T13:00:00Z","2026-09-15T14:00:00Z","29.844367"
"2026-09-13T20:13:04Z","2026-09-15T14:00:00Z","2026-09-15T15:00:00Z","30.353092"
"2026-09-13T20:13:04Z","2026-09-15T15:00:00Z","2026-09-15T16:00:00Z","34.26248"
"2026-09-13T20:13:04Z","2026-09-15T16:00:00Z","2026-09-15T17:00:00Z","38.11451"
"2026-09-13T20:13:04Z","2026-09-15T17:00:00Z","2026-09-15T18:00:00Z","42.08435"
"2026-09-13T20:13:04Z","2026-09-15T18:00:00Z","2026-09-15T19:00:00Z","45.9221"
"2026-09-13T20:13:04Z","2026-09-15T19:00:00Z","2026-09-15T20:00:00Z","50.91534"
"2026-09-13T20:13:04Z","2026-09-15T20:00:00Z","2026-09-15T21:00:00Z","52.23862"
"2026-09-13T20:13:04Z","2026-09-15T21:00:00Z","2026-09-15T22:00:00Z","49.257075"
"2026-09-13T20:13:04Z","2026-09-15T22:00:00Z","2026-09-15T23:00:00Z","47.314162"
"2026-09-13T20:13:04Z","2026-09-15T23:00:00Z","2026-09-16T00:00:00Z","44.65118"
"2026-09-13T20:13:04Z","2026-09-16T00:00:00Z","2026-09-16T01:00:00Z","43.62302"
"2026-09-13T20:13:04Z","2026-09-16T01:00:00Z","2026-09-16T02:00:00Z","42.682325"
"2026-09-13T20:13:04Z","2026-09-16T02:00:00Z","2026-09-16T03:00:00Z","41.676775"
"2026-09-13T20:13:04Z","2026-09-16T03:00:00Z","2026-09-16T04:00:00Z","40.963132"
"2026-09-13T20:13:04Z","2026-09-16T04:00:00Z","2026-09-16T05:00:00Z","41.192445"
"2026-09-13T20:13:04Z","2026-09-16T05:00:00Z","2026-09-16T06:00:00Z","42.877247"
"2026-09-13T20:13:04Z","2026-09-16T06:00:00Z","2026-09-16T07:00:00Z","45.09505"
"2026-09-13T20:13:04Z","2026-09-16T07:00:00Z","2026-09-16T08:00:00Z","47.243952"
"2026-09-13T20:13:04Z","2026-09-16T08:00:00Z","2026-09-16T09:00:00Z","47.06807"
"2026-09-13T20:13:04Z","2026-09-16T09:00:00Z","2026-09-16T10:00:00Z","44.41675"
"2026-09-13T20:13:04Z","2026-09-16T10:00:00Z","2026-09-16T11:00:00Z","40.585545"
"2026-09-13T20:13:04Z","2026-09-16T11:00:00Z","2026-09-16T12:00:00Z","37.700985"
"2026-09-13T20:13:04Z","2026-09-16T12:00:00Z","2026-09-16T13:00:00Z","35.063945"
"2026-09-13T20:13:04Z","2026-09-16T13:00:00Z","2026-09-16T14:00:00Z","31.83369"
"2026-09-13T20:13:04Z","2026-09-16T14:00:00Z","2026-09-16T15:00:00Z","32.380852"
"2026-09-13T20:13:04Z","2026-09-16T15:00:00Z","2026-09-16T16:00:00Z","34.392547"
"2026-09-13T20:13:04Z","2026-09-16T16:00:00Z","2026-09-16T17:00:00Z","37.466317"
"2026-09-13T20:13:04Z","2026-09-16T17:00:00Z","2026-09-16T18:00:00Z","41.88562"
"2026-09-13T20:13:04Z","2026-09-16T18:00:00Z","2026-09-16T19:00:00Z","45.343165"
"2026-09-13T20:13:04Z","2026-09-16T19:00:00Z","2026-09-16T20:00:00Z","48.97326"
"2026-09-13T20:13:04Z","2026-09-16T20:00:00Z","2026-09-16T21:00:00Z","50.25608"
"2026-09-13T20:13:04Z","2026-09-16T21:00:00Z","2026-09-16T22:00:00Z","48.128717"
"2026-09-13T20:13:04Z","2026-09-16T22:00:00Z","2026-09-16T23:00:00Z","46.772117"
"2026-09-13T20:13:04Z","2026-09-16T23:00:00Z","2026-09-17T00:00:00Z","44.98676"
"2026-09-13T20:13:04Z","2026-09-17T00:00:00Z","2026-09-17T01:00:00Z","43.730477"
"2026-09-13T20:13:04Z","2026-09-17T01:00:00Z","2026-09-17T02:00:00Z","42.55559"
"2026-09-13T20:13:04Z","2026-09-17T02:00:00Z","2026-09-17T03:00:00Z","40.740245"
"2026-09-13T20:13:04Z","2026-09-17T03:00:00Z","2026-09-17T04:00:00Z","39.77456"
"2026-09-13T20:13:04Z","2026-09-17T04:00:00Z","2026-09-17T05:00:00Z","39.8769"
"2026-09-13T20:13:04Z","2026-09-17T05:00:00Z","2026-09-17T06:00:00Z","40.714065"
"2026-09-13T20:13:04Z","2026-09-17T06:00:00Z","2026-09-17T07:00:00Z","43.2208"
"2026-09-13T20:13:04Z","2026-09-17T07:00:00Z","2026-09-17T08:00:00Z","44.50124"
"2026-09-13T20:13:04Z","2026-09-17T08:00:00Z","2026-09-17T09:00:00Z","44.77732"
"2026-09-13T20:13:04Z","2026-09-17T09:00:00Z","2026-09-17T10:00:00Z","42.578557"
"2026-09-13T20:13:04Z","2026-09-17T10:00:00Z","2026-09-17T11:00:00Z","38.32871"
"2026-09-13T20:13:04Z","2026-09-17T11:00:00Z","2026-09-17T12:00:00Z","33.280492"
"2026-09-13T20:13:04Z","2026-09-17T12:00:00Z","2026-09-17T13:00:00Z","26.017327"
"2026-09-13T20:13:04Z","2026-09-17T13:00:00Z","2026-09-17T14:00:00Z","22.151255"
"2026-09-13T20:13:04Z","2026-09-17T14:00:00Z","2026-09-17T15:00:00Z","21.262682"
"2026-09-13T20:13:04Z","2026-09-17T15:00:00Z","2026-09-17T16:00:00Z","24.707375"
"2026-09-13T20:13:04Z","2026-09-17T16:00:00Z","2026-09-17T17:00:00Z","30.275147"
"2026-09-13T20:13:04Z","2026-09-17T17:00:00Z","2026-09-17T18:00:00Z","37.15775"
"2026-09-13T20:13:04Z","2026-09-17T18:00:00Z","2026-09-17T19:00:00Z","41.905017"
"2026-09-13T20:13:04Z","2026-09-17T19:00:00Z","2026-09-17T20:00:00Z","45.193225"
"2026-09-13T20:13:04Z","2026-09-17T20:00:00Z","2026-09-17T21:00:00Z","47.89036"
"2026-09-13T20:13:04Z","2026-09-17T21:00:00Z","2026-09-17T22:00:00Z","45.400285"
"2026-09-14T11:37:53Z","2026-09-14T22:00:00Z","2026-09-14T23:00:00Z","50.485155"
"2026-09-14T11:37:53Z","2026-09-14T23:00:00Z","2026-09-15T00:00:00Z","47.668425"
"2026-09-14T11:37:53Z","2026-09-15T00:00:00Z","2026-09-15T01:00:00Z","45.132535"
"2026-09-14T11:37:53Z","2026-09-15T01:00:00Z","2026-09-15T02:00:00Z","44.18113"
"2026-09-14T11:37:53Z","2026-09-15T02:00:00Z","2026-09-15T03:00:00Z","43.081332"
"2026-09-14T11:37:53Z","2026-09-15T03:00:00Z","2026-09-15T04:00:00Z","42.430045"
"2026-09-14T11:37:53Z","2026-09-15T04:00:00Z","2026-09-15T05:00:00Z","42.329252"
"2026-09-14T11:37:53Z","2026-09-15T05:00:00Z","2026-09-15T06:00:00Z","43.791167"
"2026-09-14T11:37:53Z","2026-09-15T06:00:00Z","2026-09-15T07:00:00Z","46.093222"
"2026-09-14T11:37:53Z","2026-09-15T07:00:00Z","2026-09-15T08:00:00Z","48.321735"
"2026-09-14T11:37:53Z","2026-09-15T08:00:00Z","2026-09-15T09:00:00Z","47.672947"
"2026-09-14T11:37:53Z","2026-09-15T09:00:00Z","2026-09-15T10:00:00Z","44.863952"
"2026-09-14T11:37:53Z","2026-09-15T10:00:00Z","2026-09-15T11:00:00Z","39.25096"
"2026-09-14T11:37:53Z","2026-09-15T11:00:00Z","2026-09-15T12:00:00Z","35.789012"
"2026-09-14T11:37:53Z","2026-09-15T12:00:00Z","2026-09-15T13:00:00Z","31.997315"
"2026-09-14T11:37:53Z","2026-09-15T13:00:00Z","2026-09-15T14:00:00Z","26.58817"
"2026-09-14T11:37:53Z","2026-09-15T14:00:00Z","2026-09-15T15:00:00Z","25.834662"
"2026-09-14T11:37:53Z","2026-09-15T15:00:00Z","2026-09-15T16:00:00Z","31.023895"
"2026-09-14T11:37:53Z","2026-09-15T16:00:00Z","2026-09-15T17:00:00Z","35.652757"
"2026-09-14T11:37:53Z","2026-09-15T17:00:00Z","2026-09-15T18:00:00Z","41.974037"
"2026-09-14T11:37:53Z","2026-09-15T18:00:00Z","2026-09-15T19:00:00Z","47.019637"
"2026-09-14T11:37:53Z","2026-09-15T19:00:00Z","2026-09-15T20:00:00Z","51.831045"
"2026-09-14T11:37:53Z","2026-09-15T20:00:00Z","2026-09-15T21:00:00Z","50.038072"
"2026-09-14T11:37:53Z","2026-09-15T21:00:00Z","2026-09-15T22:00:00Z","48.37707"
"2026-09-14T11:37:53Z","2026-09-15T22:00:00Z","2026-09-15T23:00:00Z","46.576362"
"2026-09-14T11:37:53Z","2026-09-15T23:00:00Z","2026-09-16T00:00:00Z","45.078985"
"2026-09-14T11:37:53Z","2026-09-16T00:00:00Z","2026-09-16T01:00:00Z","44.339995"
"2026-09-14T11:37:53Z","2026-09-16T01:00:00Z","2026-09-16T02:00:00Z","43.392755"
"2026-09-14T11:37:53Z","2026-09-16T02:00:00Z","2026-09-16T03:00:00Z","42.428022"
"2026-09-14T11:37:53Z","2026-09-16T03:00:00Z","2026-09-16T04:00:00Z","41.719615"
"2026-09-14T11:37:53Z","2026-09-16T04:00:00Z","2026-09-16T05:00:00Z","41.936552"
"2026-09-14T11:37:53Z","2026-09-16T05:00:00Z","2026-09-16T06:00:00Z","43.57899"
"2026-09-14T11:37:53Z","2026-09-16T06:00:00Z","2026-09-16T07:00:00Z","46.60159"
"2026-09-14T11:37:53Z","2026-09-16T07:00:00Z","2026-09-16T08:00:00Z","48.848905"
"2026-09-14T11:37:53Z","2026-09-16T08:00:00Z","2026-09-16T09:00:00Z","48.74716"
"2026-09-14T11:37:53Z","2026-09-16T09:00:00Z","2026-09-16T10:00:00Z","46.384415"
"2026-09-14T11:37:53Z","2026-09-16T10:00:00Z","2026-09-16T11:00:00Z","43.034565"
"2026-09-14T11:37:53Z","2026-09-16T11:00:00Z","2026-09-16T12:00:00Z","39.662105"
"2026-09-14T11:37:53Z","2026-09-16T12:00:00Z","2026-09-16T13:00:00Z","36.07366"
"2026-09-14T11:37:53Z","2026-09-16T13:00:00Z","2026-09-16T14:00:00Z","32.950505"
"2026-09-14T11:37:53Z","2026-09-16T14:00:00Z","2026-09-16T15:00:00Z","32.756535"
"2026-09-14T11:37:53Z","2026-09-16T15:00:00Z","2026-09-16T16:00:00Z","35.52864"
"2026-09-14T11:37:53Z","2026-09-16T16:00:00Z","2026-09-16T17:00:00Z","38.60598"
"2026-09-14T11:37:53Z","2026-09-16T17:00:00Z","2026-09-16T18:00:00Z","43.842932"
"2026-09-14T11:37:53Z","2026-09-16T18:00:00Z","2026-09-16T19:00:00Z","46.86339"
"2026-09-14T11:37:53Z","2026-09-16T19:00:00Z","2026-09-16T20:00:00Z","51.95064"
"2026-09-14T11:37:53Z","2026-09-16T20:00:00Z","2026-09-16T21:00:00Z","53.47384"
"2026-09-14T11:37:53Z","2026-09-16T21:00:00Z","2026-09-16T22:00:00Z","52.028585"
"2026-09-14T11:37:53Z","2026-09-16T22:00:00Z","2026-09-16T23:00:00Z","48.765367"
"2026-09-14T11:37:53Z","2026-09-16T23:00:00Z","2026-09-17T00:00:00Z","45.819165"
"2026-09-14T11:37:53Z","2026-09-17T00:00:00Z","2026-09-17T01:00:00Z","44.434005"
"2026-09-14T11:37:53Z","2026-09-17T01:00:00Z","2026-09-17T02:00:00Z","43.055152"
"2026-09-14T11:37:53Z","2026-09-17T02:00:00Z","2026-09-17T03:00:00Z","41.576815"
"2026-09-14T11:37:53Z","2026-09-17T03:00:00Z","2026-09-17T04:00:00Z","40.691455"
"2026-09-14T11:37:53Z","2026-09-17T04:00:00Z","2026-09-17T05:00:00Z","40.41478"
"2026-09-14T11:37:53Z","2026-09-17T05:00:00Z","2026-09-17T06:00:00Z","42.181335"
"2026-09-14T11:37:53Z","2026-09-17T06:00:00Z","2026-09-17T07:00:00Z","45.09148"
"2026-09-14T11:37:53Z","2026-09-17T07:00:00Z","2026-09-17T08:00:00Z","47.151965"
"2026-09-14T11:37:53Z","2026-09-17T08:00:00Z","2026-09-17T09:00:00Z","46.174737"
"2026-09-14T11:37:53Z","2026-09-17T09:00:00Z","2026-09-17T10:00:00Z","44.155307"
"2026-09-14T11:37:53Z","2026-09-17T10:00:00Z","2026-09-17T11:00:00Z","40.626362"
"2026-09-14T11:37:53Z","2026-09-17T11:00:00Z","2026-09-17T12:00:00Z","36.756482"
"2026-09-14T11:37:53Z","2026-09-17T12:00:00Z","2026-09-17T13:00:00Z","29.950872"
"2026-09-14T11:37:53Z","2026-09-17T13:00:00Z","2026-09-17T14:00:00Z","25.963182"
"2026-09-14T11:37:53Z","2026-09-17T14:00:00Z","2026-09-17T15:00:00Z","25.267865"
"2026-09-14T11:37:53Z","2026-09-17T15:00:00Z","2026-09-17T16:00:00Z","29.429652"
"2026-09-14T11:37:53Z","2026-09-17T16:00:00Z","2026-09-17T17:00:00Z","34.161925"
"2026-09-14T11:37:53Z","2026-09-17T17:00:00Z","2026-09-17T18:00:00Z","38.932992"
"2026-09-14T11:37:53Z","2026-09-17T18:00:00Z","2026-09-17T19:00:00Z","42.556185"
"2026-09-14T11:37:53Z","2026-09-17T19:00:00Z","2026-09-17T20:00:00Z","44.55003"
"2026-09-14T11:37:53Z","2026-09-17T20:00:00Z","2026-09-17T21:00:00Z","46.65038"
"2026-09-14T11:37:53Z","2026-09-17T21:00:00Z","2026-09-17T22:00:00Z","46.91456"
"2026-09-14T11:37:53Z","2026-09-17T22:00:00Z","2026-09-17T23:00:00Z","45.327457"
"2026-09-14T11:37:53Z","2026-09-17T23:00:00Z","2026-09-18T00:00:00Z","42.89355"
"2026-09-14T11:37:53Z","2026-09-18T00:00:00Z","2026-09-18T01:00:00Z","42.002002"
"2026-09-14T11:37:53Z","2026-09-18T01:00:00Z","2026-09-18T02:00:00Z","40.50284"
"2026-09-14T11:37:53Z","2026-09-18T02:00:00Z","2026-09-18T03:00:00Z","39.527992"
"2026-09-14T11:37:53Z","2026-09-18T03:00:00Z","2026-09-18T04:00:00Z","39.044495"
"2026-09-14T11:37:53Z","2026-09-18T04:00:00Z","2026-09-18T05:00:00Z","39.33188"
"2026-09-14T11:37:53Z","2026-09-18T05:00:00Z","2026-09-18T06:00:00Z","40.77297"
"2026-09-14T11:37:53Z","2026-09-18T06:00:00Z","2026-09-18T07:00:00Z","43.703345"
"2026-09-14T11:37:53Z","2026-09-18T07:00:00Z","2026-09-18T08:00:00Z","46.721185"
"2026-09-14T11:37:53Z","2026-09-18T08:00:00Z","2026-09-18T09:00:00Z","45.733842"
"2026-09-14T11:37:53Z","2026-09-18T09:00:00Z","2026-09-18T10:00:00Z","44.1014"
"2026-09-14T11:37:53Z","2026-09-18T10:00:00Z","2026-09-18T11:00:00Z","40.857222"
"2026-09-14T11:37:53Z","2026-09-18T11:00:00Z","2026-09-18T12:00:00Z","35.711305"
"2026-09-14T11:37:53Z","2026-09-18T12:00:00Z","2026-09-18T13:00:00Z","27.479837"
"2026-09-14T11:37:53Z","2026-09-18T13:00:00Z","2026-09-18T14:00:00Z","22.856925"
"2026-09-14T11:37:53Z","2026-09-18T14:00:00Z","2026-09-18T15:00:00Z","22.474697"
"2026-09-14T11:37:53Z","2026-09-18T15:00:00Z","2026-09-18T16:00:00Z","24.564932"
"2026-09-14T11:37:53Z","2026-09-18T16:00:00Z","2026-09-18T17:00:00Z","31.53619"
"2026-09-14T11:37:53Z","2026-09-18T17:00:00Z","2026-09-18T18:00:00Z","38.82256"
"2026-09-14T11:37:53Z","2026-09-18T18:00:00Z","2026-09-18T19:00:00Z","43.057175"
"2026-09-14T11:37:53Z","2026-09-18T19:00:00Z","2026-09-18T20:00:00Z","49.76937"
"2026-09-14T11:37:53Z","2026-09-18T20:00:00Z","2026-09-18T21:00:00Z","52.568845"
"2026-09-14T11:37:53Z","2026-09-18T21:00:00Z","2026-09-18T22:00:00Z","50.035097"
"2026-09-14T21:22:24Z","2026-09-15T22:00:00Z","2026-09-15T23:00:00Z","44.820517"
"2026-09-14T21:22:24Z","2026-09-15T23:00:00Z","2026-09-16T00:00:00Z","42.589267"
"2026-09-14T21:22:24Z","2026-09-16T00:00:00Z","2026-09-16T01:00:00Z","43.737855"
"2026-09-14T21:22:24Z","2026-09-16T01:00:00Z","2026-09-16T02:00:00Z","43.70989"
"2026-09-14T21:22:24Z","2026-09-16T02:00:00Z","2026-09-16T03:00:00Z","42.505967"
"2026-09-14T21:22:24Z","2026-09-16T03:00:00Z","2026-09-16T04:00:00Z","41.586692"
"2026-09-14T21:22:24Z","2026-09-16T04:00:00Z","2026-09-16T05:00:00Z","41.88324"
"2026-09-14T21:22:24Z","2026-09-16T05:00:00Z","2026-09-16T06:00:00Z","43.742615"
"2026-09-14T21:22:24Z","2026-09-16T06:00:00Z","2026-09-16T07:00:00Z","46.56589"
"2026-09-14T21:22:24Z","2026-09-16T07:00:00Z","2026-09-16T08:00:00Z","49.4326"
"2026-09-14T21:22:24Z","2026-09-16T08:00:00Z","2026-09-16T09:00:00Z","48.902812"
"2026-09-14T21:22:24Z","2026-09-16T09:00:00Z","2026-09-16T10:00:00Z","46.033365"
"2026-09-14T21:22:24Z","2026-09-16T10:00:00Z","2026-09-16T11:00:00Z","42.300097"
"2026-09-14T21:22:24Z","2026-09-16T11:00:00Z","2026-09-16T12:00:00Z","40.135487"
"2026-09-14T21:22:24Z","2026-09-16T12:00:00Z","2026-09-16T13:00:00Z","35.26446"
"2026-09-14T21:22:24Z","2026-09-16T13:00:00Z","2026-09-16T14:00:00Z","32.000885"
"2026-09-14T21:22:24Z","2026-09-16T14:00:00Z","2026-09-16T15:00:00Z","31.95269"
"2026-09-14T21:22:24Z","2026-09-16T15:00:00Z","2026-09-16T16:00:00Z","32.981445"
"2026-09-14T21:22:24Z","2026-09-16T16:00:00Z","2026-09-16T17:00:00Z","35.54887"
"2026-09-14T21:22:24Z","2026-09-16T17:00:00Z","2026-09-16T18:00:00Z","41.655712"
"2026-09-14T21:22:24Z","2026-09-16T18:00:00Z","2026-09-16T19:00:00Z","45.259865"
"2026-09-14T21:22:24Z","2026-09-16T19:00:00Z","2026-09-16T20:00:00Z","48.951007"
"2026-09-14T21:22:24Z","2026-09-16T20:00:00Z","2026-09-16T21:00:00Z","51.857582"
"2026-09-14T21:22:24Z","2026-09-16T21:00:00Z","2026-09-16T22:00:00Z","49.300272"
"2026-09-14T21:22:24Z","2026-09-16T22:00:00Z","2026-09-16T23:00:00Z","46.60397"
"2026-09-14T21:22:24Z","2026-09-16T23:00:00Z","2026-09-17T00:00:00Z","44.2204"
"2026-09-14T21:22:24Z","2026-09-17T00:00:00Z","2026-09-17T01:00:00Z","42.981015"
"2026-09-14T21:22:24Z","2026-09-17T01:00:00Z","2026-09-17T02:00:00Z","41.942145"
"2026-09-14T21:22:24Z","2026-09-17T02:00:00Z","2026-09-17T03:00:00Z","41.041672"
"2026-09-14T21:22:24Z","2026-09-17T03:00:00Z","2026-09-17T04:00:00Z","40.590067"
"2026-09-14T21:22:24Z","2026-09-17T04:00:00Z","2026-09-17T05:00:00Z","40.554367"
"2026-09-14T21:22:24Z","2026-09-17T05:00:00Z","2026-09-17T06:00:00Z","41.831475"
"2026-09-14T21:22:24Z","2026-09-17T06:00:00Z","2026-09-17T07:00:00Z","44.227302"
"2026-09-14T21:22:24Z","2026-09-17T07:00:00Z","2026-09-17T08:00:00Z","47.464102"
"2026-09-14T21:22:24Z","2026-09-17T08:00:00Z","2026-09-17T09:00:00Z","46.039672"
"2026-09-14T21:22:24Z","2026-09-17T09:00:00Z","2026-09-17T10:00:00Z","42.999817"
"2026-09-14T21:22:24Z","2026-09-17T10:00:00Z","2026-09-17T11:00:00Z","38.057152"
"2026-09-14T21:22:24Z","2026-09-17T11:00:00Z","2026-09-17T12:00:00Z","34.328882"
"2026-09-14T21:22:24Z","2026-09-17T12:00:00Z","2026-09-17T13:00:00Z","28.77777"
"2026-09-14T21:22:24Z","2026-09-17T13:00:00Z","2026-09-17T14:00:00Z","23.461445"
"2026-09-14T21:22:24Z","2026-09-17T14:00:00Z","2026-09-17T15:00:00Z","22.546335"
"2026-09-14T21:22:24Z","2026-09-17T15:00:00Z","2026-09-17T16:00:00Z","27.25695"
"2026-09-14T21:22:24Z","2026-09-17T16:00:00Z","2026-09-17T17:00:00Z","32.784857"
"2026-09-14T21:22:24Z","2026-09-17T17:00:00Z","2026-09-17T18:00:00Z","38.299317"
"2026-09-14T21:22:24Z","2026-09-17T18:00:00Z","2026-09-17T19:00:00Z","41.90704"
"2026-09-14T21:22:24Z","2026-09-17T19:00:00Z","2026-09-17T20:00:00Z","44.957367"
"2026-09-14T21:22:24Z","2026-09-17T20:00:00Z","2026-09-17T21:00:00Z","46.982985"
"2026-09-14T21:22:24Z","2026-09-17T21:00:00Z","2026-09-17T22:00:00Z","47.013092"
"2026-09-14T21:22:24Z","2026-09-17T22:00:00Z","2026-09-17T23:00:00Z","44.856812"
"2026-09-14T21:22:24Z","2026-09-17T23:00:00Z","2026-09-18T00:00:00Z","42.418502"
"2026-09-14T21:22:24Z","2026-09-18T00:00:00Z","2026-09-18T01:00:00Z","41.493515"
"2026-09-14T21:22:24Z","2026-09-18T01:00:00Z","2026-09-18T02:00:00Z","40.29935"
"2026-09-14T21:22:24Z","2026-09-18T02:00:00Z","2026-09-18T03:00:00Z","39.186462"
"2026-09-14T21:22:24Z","2026-09-18T03:00:00Z","2026-09-18T04:00:00Z","38.869565"
"2026-09-14T21:22:24Z","2026-09-18T04:00:00Z","2026-09-18T05:00:00Z","38.752112"
"2026-09-14T21:22:24Z","2026-09-18T05:00:00Z","2026-09-18T06:00:00Z","40.696215"
"2026-09-14T21:22:24Z","2026-09-18T06:00:00Z","2026-09-18T07:00:00Z","43.537935"
"2026-09-14T21:22:24Z","2026-09-18T07:00:00Z","2026-09-18T08:00:00Z","47.133282"
"2026-09-14T21:22:24Z","2026-09-18T08:00:00Z","2026-09-18T09:00:00Z","45.699927"
"2026-09-14T21:22:24Z","2026-09-18T09:00:00Z","2026-09-18T10:00:00Z","42.748132"
"2026-09-14T21:22:24Z","2026-09-18T10:00:00Z","2026-09-18T11:00:00Z","39.77337"
"2026-09-14T21:22:24Z","2026-09-18T11:00:00Z","2026-09-18T12:00:00Z","34.24106"
"2026-09-14T21:22:24Z","2026-09-18T12:00:00Z","2026-09-18T13:00:00Z","26.142277"
"2026-09-14T21:22:24Z","2026-09-18T13:00:00Z","2026-09-18T14:00:00Z","22.601075"
"2026-09-14T21:22:24Z","2026-09-18T14:00:00Z","2026-09-18T15:00:00Z","22.598695"
"2026-09-14T21:22:24Z","2026-09-18T15:00:00Z","2026-09-18T16:00:00Z","25.552037"
"2026-09-14T21:22:24Z","2026-09-18T16:00:00Z","2026-09-18T17:00:00Z","31.388392"
"2026-09-14T21:22:24Z","2026-09-18T17:00:00Z","2026-09-18T18:00:00Z","39.00939"
"2026-09-14T21:22:24Z","2026-09-18T18:00:00Z","2026-09-18T19:00:00Z","43.203307"
"2026-09-14T21:22:24Z","2026-09-18T19:00:00Z","2026-09-18T20:00:00Z","47.8023"
"2026-09-14T21:22:24Z","2026-09-18T20:00:00Z","2026-09-18T21:00:00Z","50.934142"
"2026-09-14T21:22:24Z","2026-09-18T21:00:00Z","2026-09-18T22:00:00Z","49.090475"
"2026-09-15T10:57:08Z","2026-09-15T22:00:00Z","2026-09-15T23:00:00Z","44.820517"
"2026-09-15T10:57:08Z","2026-09-15T23:00:00Z","2026-09-16T00:00:00Z","42.589267"
"2026-09-15T10:57:08Z","2026-09-16T00:00:00Z","2026-09-16T01:00:00Z","43.737855"
"2026-09-15T10:57:08Z","2026-09-16T01:00:00Z","2026-09-16T02:00:00Z","43.70989"
"2026-09-15T10:57:08Z","2026-09-16T02:00:00Z","2026-09-16T03:00:00Z","42.505967"
"2026-09-15T10:57:08Z","2026-09-16T03:00:00Z","2026-09-16T04:00:00Z","41.586692"
"2026-09-15T10:57:08Z","2026-09-16T04:00:00Z","2026-09-16T05:00:00Z","41.88324"
"2026-09-15T10:57:08Z","2026-09-16T05:00:00Z","2026-09-16T06:00:00Z","43.742615"
"2026-09-15T10:57:08Z","2026-09-16T06:00:00Z","2026-09-16T07:00:00Z","46.56589"
"2026-09-15T10:57:08Z","2026-09-16T07:00:00Z","2026-09-16T08:00:00Z","49.4326"
"2026-09-15T10:57:08Z","2026-09-16T08:00:00Z","2026-09-16T09:00:00Z","48.902812"
"2026-09-15T10:57:08Z","2026-09-16T09:00:00Z","2026-09-16T10:00:00Z","46.033365"
"2026-09-15T10:57:08Z","2026-09-16T10:00:00Z","2026-09-16T11:00:00Z","42.300097"
"2026-09-15T10:57:08Z","2026-09-16T11:00:00Z","2026-09-16T12:00:00Z","40.135487"
"2026-09-15T10:57:08Z","2026-09-16T12:00:00Z","2026-09-16T13:00:00Z","35.26446"
"2026-09-15T10:57:08Z","2026-09-16T13:00:00Z","2026-09-16T14:00:00Z","32.000885"
"2026-09-15T10:57:08Z","2026-09-16T14:00:00Z","2026-09-16T15:00:00Z","31.95269"
"2026-09-15T10:57:08Z","2026-09-16T15:00:00Z","2026-09-16T16:00:00Z","32.981445"
"2026-09-15T10:57:08Z","2026-09-16T16:00:00Z","2026-09-16T17:00:00Z","35.54887"
"2026-09-15T10:57:08Z","2026-09-16T17:00:00Z","2026-09-16T18:00:00Z","41.655712"
"2026-09-15T10:57:08Z","2026-09-16T18:00:00Z","2026-09-16T19:00:00Z","45.259865"
"2026-09-15T10:57:08Z","2026-09-16T19:00:00Z","2026-09-16T20:00:00Z","48.951007"
"2026-09-15T10:57:08Z","2026-09-16T20:00:00Z","2026-09-16T21:00:00Z","51.857582"
"2026-09-15T10:57:08Z","2026-09-16T21:00:00Z","2026-09-16T22:00:00Z","49.300272"
"2026-09-15T10:57:08Z","2026-09-16T22:00:00Z","2026-09-16T23:00:00Z","46.60397"
"2026-09-15T10:57:08Z","2026-09-16T23:00:00Z","2026-09-17T00:00:00Z","44.2204"
"2026-09-15T10:57:08Z","2026-09-17T00:00:00Z","2026-09-17T01:00:00Z","42.981015"
"2026-09-15T10:57:08Z","2026-09-17T01:00:00Z","2026-09-17T02:00:00Z","41.942145"
"2026-09-15T10:57:08Z","2026-09-17T02:00:00Z","2026-09-17T03:00:00Z","41.041672"
"2026-09-15T10:57:08Z","2026-09-17T03:00:00Z","2026-09-17T04:00:00Z","40.590067"
"2026-09-15T10:57:08Z","2026-09-17T04:00:00Z","2026-09-17T05:00:00Z","40.554367"
"2026-09-15T10:57:08Z","2026-09-17T05:00:00Z","2026-09-17T06:00:00Z","41.831475"
"2026-09-15T10:57:08Z","2026-09-17T06:00:00Z","2026-09-17T07:00:00Z","44.227302"
"2026-09-15T10:57:08Z","2026-09-17T07:00:00Z","2026-09-17T08:00:00Z","47.464102"
"2026-09-15T10:57:08Z","2026-09-17T08:00:00Z","2026-09-17T09:00:00Z","46.039672"
"2026-09-15T10:57:08Z","2026-09-17T09:00:00Z","2026-09-17T10:00:00Z","42.999817"
"2026-09-15T10:57:08Z","2026-09-17T10:00:00Z","2026-09-17T11:00:00Z","38.057152"
"2026-09-15T10:57:08Z","2026-09-17T11:00:00Z","2026-09-17T12:00:00Z","34.328882"
"2026-09-15T10:57:08Z","2026-09-17T12:00:00Z","2026-09-17T13:00:00Z","28.77777"
"2026-09-15T10:57:08Z","2026-09-17T13:00:00Z","2026-09-17T14:00:00Z","23.461445"
"2026-09-15T10:57:08Z","2026-09-17T14:00:00Z","2026-09-17T15:00:00Z","22.546335"
"2026-09-15T10:57:08Z","2026-09-17T15:00:00Z","2026-09-17T16:00:00Z","27.25695"
"2026-09-15T10:57:08Z","2026-09-17T16:00:00Z","2026-09-17T17:00:00Z","32.784857"
"2026-09-15T10:57:08Z","2026-09-17T17:00:00Z","2026-09-17T18:00:00Z","38.299317"
"2026-09-15T10:57:08Z","2026-09-17T18:00:00Z","2026-09-17T19:00:00Z","41.90704"
"2026-09-15T10:57:08Z","2026-09-17T19:00:00Z","2026-09-17T20:00:00Z","44.957367"
"2026-09-15T10:57:08Z","2026-09-17T20:00:00Z","2026-09-17T21:00:00Z","46.982985"
"2026-09-15T10:57:08Z","2026-09-17T21:00:00Z","2026-09-17T22:00:00Z","47.013092"
"2026-09-15T10:57:08Z","2026-09-17T22:00:00Z","2026-09-17T23:00:00Z","44.856812"
"2026-09-15T10:57:08Z","2026-09-17T23:00:00Z","2026-09-18T00:00:00Z","42.418502"
"2026-09-15T10:57:08Z","2026-09-18T00:00:00Z","2026-09-18T01:00:00Z","41.493515"
"2026-09-15T10:57:08Z","2026-09-18T01:00:00Z","2026-09-18T02:00:00Z","40.29935"
"2026-09-15T10:57:08Z","2026-09-18T02:00:00Z","2026-09-18T03:00:00Z","39.186462"
"2026-09-15T10:57:08Z","2026-09-18T03:00:00Z","2026-09-18T04:00:00Z","38.869565"
"2026-09-15T10:57:08Z","2026-09-18T04:00:00Z","2026-09-18T05:00:00Z","38.752112"
"2026-09-15T10:57:08Z","2026-09-18T05:00:00Z","2026-09-18T06:00:00Z","40.696215"
"2026-09-15T10:57:08Z","2026-09-18T06:00:00Z","2026-09-18T07:00:00Z","43.537935"
"2026-09-15T10:57:08Z","2026-09-18T07:00:00Z","2026-09-18T08:00:00Z","47.133282"
"2026-09-15T10:57:08Z","2026-09-18T08:00:00Z","2026-09-18T09:00:00Z","45.699927"
"2026-09-15T10:57:08Z","2026-09-18T09:00:00Z","2026-09-18T10:00:00Z","42.748132"
"2026-09-15T10:57:08Z","2026-09-18T10:00:00Z","2026-09-18T11:00:00Z","39.77337"
"2026-09-15T10:57:08Z","2026-09-18T11:00:00Z","2026-09-18T12:00:00Z","34.24106"
"2026-09-15T10:57:08Z","2026-09-18T12:00:00Z","2026-09-18T13:00:00Z","26.142277"
"2026-09-15T10:57:08Z","2026-09-18T13:00:00Z","2026-09-18T14:00:00Z","22.601075"
"2026-09-15T10:57:08Z","2026-09-18T14:00:00Z","2026-09-18T15:00:00Z","22.598695"
"2026-09-15T10:57:08Z","2026-09-18T15:00:00Z","2026-09-18T16:00:00Z","25.552037"
"2026-09-15T10:57:08Z","2026-09-18T16:00:00Z","2026-09-18T17:00:00Z","31.388392"
"2026-09-15T10:57:08Z","2026-09-18T17:00:00Z","2026-09-18T18:00:00Z","39.00939"
"2026-09-15T10:57:08Z","2026-09-18T18:00:00Z","2026-09-18T19:00:00Z","43.203307"
"2026-09-15T10:57:08Z","2026-09-18T19:00:00Z","2026-09-18T20:00:00Z","47.8023"
"2026-09-15T10:57:08Z","2026-09-18T20:00:00Z","2026-09-18T21:00:00Z","50.934142"
"2026-09-15T10:57:08Z","2026-09-18T21:00:00Z","2026-09-18T22:00:00Z","49.090475"
"2026-09-15T10:57:08Z","2026-09-18T22:00:00Z","2026-09-18T23:00:00Z","45.928407"
"2026-09-15T10:57:08Z","2026-09-18T23:00:00Z","2026-09-19T00:00:00Z","43.296365"
"2026-09-15T10:57:08Z","2026-09-19T00:00:00Z","2026-09-19T01:00:00Z","41.860987"
"2026-09-15T10:57:08Z","2026-09-19T01:00:00Z","2026-09-19T02:00:00Z","39.858455"
"2026-09-15T10:57:08Z","2026-09-19T02:00:00Z","2026-09-19T03:00:00Z","38.434025"
"2026-09-15T10:57:08Z","2026-09-19T03:00:00Z","2026-09-19T04:00:00Z","37.217012"
"2026-09-15T10:57:08Z","2026-09-19T04:00:00Z","2026-09-19T05:00:00Z","36.865367"
"2026-09-15T10:57:08Z","2026-09-19T05:00:00Z","2026-09-19T06:00:00Z","37.375877"
"2026-09-15T10:57:08Z","2026-09-19T06:00:00Z","2026-09-19T07:00:00Z","37.43978"
"2026-09-15T10:57:08Z","2026-09-19T07:00:00Z","2026-09-19T08:00:00Z","37.82058"
"2026-09-15T10:57:08Z","2026-09-19T08:00:00Z","2026-09-19T09:00:00Z","37.75989"
"2026-09-15T10:57:08Z","2026-09-19T09:00:00Z","2026-09-19T10:00:00Z","34.058157"
"2026-09-15T10:57:08Z","2026-09-19T10:00:00Z","2026-09-19T11:00:00Z","26.294597"
"2026-09-15T10:57:08Z","2026-09-19T11:00:00Z","2026-09-19T12:00:00Z","21.61873"
"2026-09-15T10:57:08Z","2026-09-19T12:00:00Z","2026-09-19T13:00:00Z","20.340075"
"2026-09-15T10:57:08Z","2026-09-19T13:00:00Z","2026-09-19T14:00:00Z","20.031865"
"2026-09-15T10:57:08Z","2026-09-19T14:00:00Z","2026-09-19T15:00:00Z","20.111"
"2026-09-15T10:57:08Z","2026-09-19T15:00:00Z","2026-09-19T16:00:00Z","20.282598"
"2026-09-15T10:57:08Z","2026-09-19T16:00:00Z","2026-09-19T17:00:00Z","22.746612"
"2026-09-15T10:57:08Z","2026-09-19T17:00:00Z","2026-09-19T18:00:00Z","30.237662"
"2026-09-15T10:57:08Z","2026-09-19T18:00:00Z","2026-09-19T19:00:00Z","37.883055"
"2026-09-15T10:57:08Z","2026-09-19T19:00:00Z","2026-09-19T20:00:00Z","42.974232"
"2026-09-15T10:57:08Z","2026-09-19T20:00:00Z","2026-09-19T21:00:00Z","44.912742"
"2026-09-15T10:57:08Z","2026-09-19T21:00:00Z","2026-09-19T22:00:00Z","44.663675"
"2026-09-15T20:48:13Z","2026-09-16T22:00:00Z","2026-09-16T23:00:00Z","44.553005"
"2026-09-15T20:48:13Z","2026-09-16T23:00:00Z","2026-09-17T00:00:00Z","43.131907"
"2026-09-15T20:48:13Z","2026-09-17T00:00:00Z","2026-09-17T01:00:00Z","43.190455"
"2026-09-15T20:48:13Z","2026-09-17T01:00:00Z","2026-09-17T02:00:00Z","42.33901"
"2026-09-15T20:48:13Z","2026-09-17T02:00:00Z","2026-09-17T03:00:00Z","40.717992"
"2026-09-15T20:48:13Z","2026-09-17T03:00:00Z","2026-09-17T04:00:00Z","40.021842"
"2026-09-15T20:48:13Z","2026-09-17T04:00:00Z","2026-09-17T05:00:00Z","39.96853"
"2026-09-15T20:48:13Z","2026-09-17T05:00:00Z","2026-09-17T06:00:00Z","41.002045"
"2026-09-15T20:48:13Z","2026-09-17T06:00:00Z","2026-09-17T07:00:00Z","43.043252"
"2026-09-15T20:48:13Z","2026-09-17T07:00:00Z","2026-09-17T08:00:00Z","44.737455"
"2026-09-15T20:48:13Z","2026-09-17T08:00:00Z","2026-09-17T09:00:00Z","44.821945"
"2026-09-15T20:48:13Z","2026-09-17T09:00:00Z","2026-09-17T10:00:00Z","42.609735"
"2026-09-15T20:48:13Z","2026-09-17T10:00:00Z","2026-09-17T11:00:00Z","37.941127"
"2026-09-15T20:48:13Z","2026-09-17T11:00:00Z","2026-09-17T12:00:00Z","29.720012"
"2026-09-15T20:48:13Z","2026-09-17T12:00:00Z","2026-09-17T13:00:00Z","23.82142"
"2026-09-15T20:48:13Z","2026-09-17T13:00:00Z","2026-09-17T14:00:00Z","21.99001"
"2026-09-15T20:48:13Z","2026-09-17T14:00:00Z","2026-09-17T15:00:00Z","21.756175"
"2026-09-15T20:48:13Z","2026-09-17T15:00:00Z","2026-09-17T16:00:00Z","24.285877"
"2026-09-15T20:48:13Z","2026-09-17T16:00:00Z","2026-09-17T17:00:00Z","31.92889"
"2026-09-15T20:48:13Z","2026-09-17T17:00:00Z","2026-09-17T18:00:00Z","38.494715"
"2026-09-15T20:48:13Z","2026-09-17T18:00:00Z","2026-09-17T19:00:00Z","42.371735"
"2026-09-15T20:48:13Z","2026-09-17T19:00:00Z","2026-09-17T20:00:00Z","45.568432"
"2026-09-15T20:48:13Z","2026-09-17T20:00:00Z","2026-09-17T21:00:00Z","46.549825"
"2026-09-15T20:48:13Z","2026-09-17T21:00:00Z","2026-09-17T22:00:00Z","45.110282"
"2026-09-15T20:48:13Z","2026-09-17T22:00:00Z","2026-09-17T23:00:00Z","43.564472"
"2026-09-15T20:48:13Z","2026-09-17T23:00:00Z","2026-09-18T00:00:00Z","42.033537"
"2026-09-15T20:48:13Z","2026-09-18T00:00:00Z","2026-09-18T01:00:00Z","41.384035"
"2026-09-15T20:48:13Z","2026-09-18T01:00:00Z","2026-09-18T02:00:00Z","40.452027"
"2026-09-15T20:48:13Z","2026-09-18T02:00:00Z","2026-09-18T03:00:00Z","39.633307"
"2026-09-15T20:48:13Z","2026-09-18T03:00:00Z","2026-09-18T04:00:00Z","39.04033"
"2026-09-15T20:48:13Z","2026-09-18T04:00:00Z","2026-09-18T05:00:00Z","39.121845"
"2026-09-15T20:48:13Z","2026-09-18T05:00:00Z","2026-09-18T06:00:00Z","41.15496"
"2026-09-15T20:48:13Z","2026-09-18T06:00:00Z","2026-09-18T07:00:00Z","43.533532"
"2026-09-15T20:48:13Z","2026-09-18T07:00:00Z","2026-09-18T08:00:00Z","44.727935"
"2026-09-15T20:48:13Z","2026-09-18T08:00:00Z","2026-09-18T09:00:00Z","44.75233"
"2026-09-15T20:48:13Z","2026-09-18T09:00:00Z","2026-09-18T10:00:00Z","43.169035"
"2026-09-15T20:48:13Z","2026-09-18T10:00:00Z","2026-09-18T11:00:00Z","38.526607"
"2026-09-15T20:48:13Z","2026-09-18T11:00:00Z","2026-09-18T12:00:00Z","33.426505"
"2026-09-15T20:48:13Z","2026-09-18T12:00:00Z","2026-09-18T13:00:00Z","28.178605"
"2026-09-15T20:48:13Z","2026-09-18T13:00:00Z","2026-09-18T14:00:00Z","25.55049"
"2026-09-15T20:48:13Z","2026-09-18T14:00:00Z","2026-09-18T15:00:00Z","24.685122"
"2026-09-15T20:48:13Z","2026-09-18T15:00:00Z","2026-09-18T16:00:00Z","27.93525"
"2026-09-15T20:48:13Z","2026-09-18T16:00:00Z","2026-09-18T17:00:00Z","31.486567"
"2026-09-15T20:48:13Z","2026-09-18T17:00:00Z","2026-09-18T18:00:00Z","37.442755"
"2026-09-15T20:48:13Z","2026-09-18T18:00:00Z","2026-09-18T19:00:00Z","42.792757"
"2026-09-15T20:48:13Z","2026-09-18T19:00:00Z","2026-09-18T20:00:00Z","46.821502"
"2026-09-15T20:48:13Z","2026-09-18T20:00:00Z","2026-09-18T21:00:00Z","47.79992"
"2026-09-15T20:48:13Z","2026-09-18T21:00:00Z","2026-09-18T22:00:00Z","46.343955"
"2026-09-15T20:48:13Z","2026-09-18T22:00:00Z","2026-09-18T23:00:00Z","44.521827"
"2026-09-15T20:48:13Z","2026-09-18T23:00:00Z","2026-09-19T00:00:00Z","42.45325"
"2026-09-15T20:48:13Z","2026-09-19T00:00:00Z","2026-09-19T01:00:00Z","41.330842"
"2026-09-15T20:48:13Z","2026-09-19T01:00:00Z","2026-09-19T02:00:00Z","39.561907"
"2026-09-15T20:48:13Z","2026-09-19T02:00:00Z","2026-09-19T03:00:00Z","37.99432"
"2026-09-15T20:48:13Z","2026-09-19T03:00:00Z","2026-09-19T04:00:00Z","37.035537"
"2026-09-15T20:48:13Z","2026-09-19T04:00:00Z","2026-09-19T05:00:00Z","36.290835"
"2026-09-15T20:48:13Z","2026-09-19T05:00:00Z","2026-09-19T06:00:00Z","36.290002"
"2026-09-15T20:48:13Z","2026-09-19T06:00:00Z","2026-09-19T07:00:00Z","35.934787"
"2026-09-15T20:48:13Z","2026-09-19T07:00:00Z","2026-09-19T08:00:00Z","35.968702"
"2026-09-15T20:48:13Z","2026-09-19T08:00:00Z","2026-09-19T09:00:00Z","35.106785"
"2026-09-15T20:48:13Z","2026-09-19T09:00:00Z","2026-09-19T10:00:00Z","30.685935"
"2026-09-15T20:48:13Z","2026-09-19T10:00:00Z","2026-09-19T11:00:00Z","22.85633"
"2026-09-15T20:48:13Z","2026-09-19T11:00:00Z","2026-09-19T12:00:00Z","20.581407"
"2026-09-15T20:48:13Z","2026-09-19T12:00:00Z","2026-09-19T13:00:00Z","20.46205"
"2026-09-15T20:48:13Z","2026-09-19T13:00:00Z","2026-09-19T14:00:00Z","20.119925"
"2026-09-15T20:48:13Z","2026-09-19T14:00:00Z","2026-09-19T15:00:00Z","20.033293"
"2026-09-15T20:48:13Z","2026-09-19T15:00:00Z","2026-09-19T16:00:00Z","20.340313"
"2026-09-15T20:48:13Z","2026-09-19T16:00:00Z","2026-09-19T17:00:00Z","20.580812"
"2026-09-15T20:48:13Z","2026-09-19T17:00:00Z","2026-09-19T18:00:00Z","27.062385"
"2026-09-15T20:48:13Z","2026-09-19T18:00:00Z","2026-09-19T19:00:00Z","34.1054"
"2026-09-15T20:48:13Z","2026-09-19T19:00:00Z","2026-09-19T20:00:00Z","40.38979"
"2026-09-15T20:48:13Z","2026-09-19T20:00:00Z","2026-09-19T21:00:00Z","42.42231"
"2026-09-15T20:48:13Z","2026-09-19T21:00:00Z","2026-09-19T22:00:00Z","40.709662"
"2026-09-16T10:45:39Z","2026-09-16T22:00:00Z","2026-09-16T23:00:00Z","44.553005"
"2026-09-16T10:45:39Z","2026-09-16T23:00:00Z","2026-09-17T00:00:00Z","43.131907"
"2026-09-16T10:45:39Z","2026-09-17T00:00:00Z","2026-09-17T01:00:00Z","41.501845"
"2026-09-16T10:45:39Z","2026-09-17T01:00:00Z","2026-09-17T02:00:00Z","41.063092"
"2026-09-16T10:45:39Z","2026-09-17T02:00:00Z","2026-09-17T03:00:00Z","40.384792"
"2026-09-16T10:45:39Z","2026-09-17T03:00:00Z","2026-09-17T04:00:00Z","39.934615"
"2026-09-16T10:45:39Z","2026-09-17T04:00:00Z","2026-09-17T05:00:00Z","39.907245"
"2026-09-16T10:45:39Z","2026-09-17T05:00:00Z","2026-09-17T06:00:00Z","40.886972"
"2026-09-16T10:45:39Z","2026-09-17T06:00:00Z","2026-09-17T07:00:00Z","43.827105"
"2026-09-16T10:45:39Z","2026-09-17T07:00:00Z","2026-09-17T08:00:00Z","45.167045"
"2026-09-16T10:45:39Z","2026-09-17T08:00:00Z","2026-09-17T09:00:00Z","44.350467"
"2026-09-16T10:45:39Z","2026-09-17T09:00:00Z","2026-09-17T10:00:00Z","40.859007"
"2026-09-16T10:45:39Z","2026-09-17T10:00:00Z","2026-09-17T11:00:00Z","36.824907"
"2026-09-16T10:45:39Z","2026-09-17T11:00:00Z","2026-09-17T12:00:00Z","27.829935"
"2026-09-16T10:45:39Z","2026-09-17T12:00:00Z","2026-09-17T13:00:00Z","21.602427"
"2026-09-16T10:45:39Z","2026-09-17T13:00:00Z","2026-09-17T14:00:00Z","20.41564"
"2026-09-16T10:45:39Z","2026-09-17T14:00:00Z","2026-09-17T15:00:00Z","20.41564"
"2026-09-16T10:45:39Z","2026-09-17T15:00:00Z","2026-09-17T16:00:00Z","20.716472"
"2026-09-16T10:45:39Z","2026-09-17T16:00:00Z","2026-09-17T17:00:00Z","26.763457"
"2026-09-16T10:45:39Z","2026-09-17T17:00:00Z","2026-09-17T18:00:00Z","35.304682"
"2026-09-16T10:45:39Z","2026-09-17T18:00:00Z","2026-09-17T19:00:00Z","41.752697"
"2026-09-16T10:45:39Z","2026-09-17T19:00:00Z","2026-09-17T20:00:00Z","45.889137"
"2026-09-16T10:45:39Z","2026-09-17T20:00:00Z","2026-09-17T21:00:00Z","47.52622"
"2026-09-16T10:45:39Z","2026-09-17T21:00:00Z","2026-09-17T22:00:00Z","46.418925"
"2026-09-16T10:45:39Z","2026-09-17T22:00:00Z","2026-09-17T23:00:00Z","43.803305"
"2026-09-16T10:45:39Z","2026-09-17T23:00:00Z","2026-09-18T00:00:00Z","41.927627"
"2026-09-16T10:45:39Z","2026-09-18T00:00:00Z","2026-09-18T01:00:00Z","41.076182"
"2026-09-16T10:45:39Z","2026-09-18T01:00:00Z","2026-09-18T02:00:00Z","39.630927"
"2026-09-16T10:45:39Z","2026-09-18T02:00:00Z","2026-09-18T03:00:00Z","38.703917"
"2026-09-16T10:45:39Z","2026-09-18T03:00:00Z","2026-09-18T04:00:00Z","38.499832"
"2026-09-16T10:45:39Z","2026-09-18T04:00:00Z","2026-09-18T05:00:00Z","38.65834"
"2026-09-16T10:45:39Z","2026-09-18T05:00:00Z","2026-09-18T06:00:00Z","40.263055"
"2026-09-16T10:45:39Z","2026-09-18T06:00:00Z","2026-09-18T07:00:00Z","43.16725"
"2026-09-16T10:45:39Z","2026-09-18T07:00:00Z","2026-09-18T08:00:00Z","45.401237"
"2026-09-16T10:45:39Z","2026-09-18T08:00:00Z","2026-09-18T09:00:00Z","45.59842"
"2026-09-16T10:45:39Z","2026-09-18T09:00:00Z","2026-09-18T10:00:00Z","43.413342"
"2026-09-16T10:45:39Z","2026-09-18T10:00:00Z","2026-09-18T11:00:00Z","39.095427"
"2026-09-16T10:45:39Z","2026-09-18T11:00:00Z","2026-09-18T12:00:00Z","31.606995"
"2026-09-16T10:45:39Z","2026-09-18T12:00:00Z","2026-09-18T13:00:00Z","23.630782"
"2026-09-16T10:45:39Z","2026-09-18T13:00:00Z","2026-09-18T14:00:00Z","21.300405"
"2026-09-16T10:45:39Z","2026-09-18T14:00:00Z","2026-09-18T15:00:00Z","21.142492"
"2026-09-16T10:45:39Z","2026-09-18T15:00:00Z","2026-09-18T16:00:00Z","21.650265"
"2026-09-16T10:45:39Z","2026-09-18T16:00:00Z","2026-09-18T17:00:00Z","28.880467"
"2026-09-16T10:45:39Z","2026-09-18T17:00:00Z","2026-09-18T18:00:00Z","37.56949"
"2026-09-16T10:45:39Z","2026-09-18T18:00:00Z","2026-09-18T19:00:00Z","42.87332"
"2026-09-16T10:45:39Z","2026-09-18T19:00:00Z","2026-09-18T20:00:00Z","46.487112"
"2026-09-16T10:45:39Z","2026-09-18T20:00:00Z","2026-09-18T21:00:00Z","46.94788"
"2026-09-16T10:45:39Z","2026-09-18T21:00:00Z","2026-09-18T22:00:00Z","46.040862"
"2026-09-16T10:45:39Z","2026-09-18T22:00:00Z","2026-09-18T23:00:00Z","44.768752"
"2026-09-16T10:45:39Z","2026-09-18T23:00:00Z","2026-09-19T00:00:00Z","42.370307"
"2026-09-16T10:45:39Z","2026-09-19T00:00:00Z","2026-09-19T01:00:00Z","40.542705"
"2026-09-16T10:45:39Z","2026-09-19T01:00:00Z","2026-09-19T02:00:00Z","38.97726"
"2026-09-16T10:45:39Z","2026-09-19T02:00:00Z","2026-09-19T03:00:00Z","37.809275"
"2026-09-16T10:45:39Z","2026-09-19T03:00:00Z","2026-09-19T04:00:00Z","36.585122"
"2026-09-16T10:45:39Z","2026-09-19T04:00:00Z","2026-09-19T05:00:00Z","35.722967"
"2026-09-16T10:45:39Z","2026-09-19T05:00:00Z","2026-09-19T06:00:00Z","35.854462"
"2026-09-16T10:45:39Z","2026-09-19T06:00:00Z","2026-09-19T07:00:00Z","35.499485"
"2026-09-16T10:45:39Z","2026-09-19T07:00:00Z","2026-09-19T08:00:00Z","36.17124"
"2026-09-16T10:45:39Z","2026-09-19T08:00:00Z","2026-09-19T09:00:00Z","34.923525"
"2026-09-16T10:45:39Z","2026-09-19T09:00:00Z","2026-09-19T10:00:00Z","32.412387"
"2026-09-16T10:45:39Z","2026-09-19T10:00:00Z","2026-09-19T11:00:00Z","29.372175"
"2026-09-16T10:45:39Z","2026-09-19T11:00:00Z","2026-09-19T12:00:00Z","22.985445"
"2026-09-16T10:45:39Z","2026-09-19T12:00:00Z","2026-09-19T13:00:00Z","20.746222"
"2026-09-16T10:45:39Z","2026-09-19T13:00:00Z","2026-09-19T14:00:00Z","20.565342"
"2026-09-16T10:45:39Z","2026-09-19T14:00:00Z","2026-09-19T15:00:00Z","20.25737"
"2026-09-16T10:45:39Z","2026-09-19T15:00:00Z","2026-09-19T16:00:00Z","20.3966"
"2026-09-16T10:45:39Z","2026-09-19T16:00:00Z","2026-09-19T17:00:00Z","22.764462"
"2026-09-16T10:45:39Z","2026-09-19T17:00:00Z","2026-09-19T18:00:00Z","29.094072"
"2026-09-16T10:45:39Z","2026-09-19T18:00:00Z","2026-09-19T19:00:00Z","35.70476"
"2026-09-16T10:45:39Z","2026-09-19T19:00:00Z","2026-09-19T20:00:00Z","39.95306"
"2026-09-16T10:45:39Z","2026-09-19T20:00:00Z","2026-09-19T21:00:00Z","41.114857"
"2026-09-16T10:45:39Z","2026-09-19T21:00:00Z","2026-09-19T22:00:00Z","39.850482"
"2026-09-16T10:45:39Z","2026-09-19T22:00:00Z","2026-09-19T23:00:00Z","38.785432"
"2026-09-16T10:45:39Z","2026-09-19T23:00:00Z","2026-09-20T00:00:00Z","37.086112"
"2026-09-16T10:45:39Z","2026-09-20T00:00:00Z","2026-09-20T01:00:00Z","36.010352"
"2026-09-16T10:45:39Z","2026-09-20T01:00:00Z","2026-09-20T02:00:00Z","35.459025"
"2026-09-16T10:45:39Z","2026-09-20T02:00:00Z","2026-09-20T03:00:00Z","34.7361"
"2026-09-16T10:45:39Z","2026-09-20T03:00:00Z","2026-09-20T04:00:00Z","34.236062"
"2026-09-16T10:45:39Z","2026-09-20T04:00:00Z","2026-09-20T05:00:00Z","33.880252"
"2026-09-16T10:45:39Z","2026-09-20T05:00:00Z","2026-09-20T06:00:00Z","33.977832"
"2026-09-16T10:45:39Z","2026-09-20T06:00:00Z","2026-09-20T07:00:00Z","32.244002"
"2026-09-16T10:45:39Z","2026-09-20T07:00:00Z","2026-09-20T08:00:00Z","31.672445"
"2026-09-16T10:45:39Z","2026-09-20T08:00:00Z","2026-09-20T09:00:00Z","30.090102"
"2026-09-16T10:45:39Z","2026-09-20T09:00:00Z","2026-09-20T10:00:00Z","24.017175"
"2026-09-16T10:45:39Z","2026-09-20T10:00:00Z","2026-09-20T11:00:00Z","21.063952"
"2026-09-16T10:45:39Z","2026-09-20T11:00:00Z","2026-09-20T12:00:00Z","20.374823"
"2026-09-16T10:45:39Z","2026-09-20T12:00:00Z","2026-09-20T13:00:00Z","19.952968"
"2026-09-16T10:45:39Z","2026-09-20T13:00:00Z","2026-09-20T14:00:00Z","20.03008"
"2026-09-16T10:45:39Z","2026-09-20T14:00:00Z","2026-09-20T15:00:00Z","20.066613"
"2026-09-16T10:45:39Z","2026-09-20T15:00:00Z","2026-09-20T16:00:00Z","20.04079"
"2026-09-16T10:45:39Z","2026-09-20T16:00:00Z","2026-09-20T17:00:00Z","20.289143"
"2026-09-16T10:45:39Z","2026-09-20T17:00:00Z","2026-09-20T18:00:00Z","23.620072"
"2026-09-16T10:45:39Z","2026-09-20T18:00:00Z","2026-09-20T19:00:00Z","32.423097"
"2026-09-16T10:45:39Z","2026-09-20T19:00:00Z","2026-09-20T20:00:00Z","37.402057"
"2026-09-16T10:45:39Z","2026-09-20T20:00:00Z","2026-09-20T21:00:00Z","40.29578"
"2026-09-16T10:45:39Z","2026-09-20T21:00:00Z","2026-09-20T22:00:00Z","41.123425"
"2026-09-16T20:48:12Z","2026-09-17T22:00:00Z","2026-09-17T23:00:00Z","43.459752"
"2026-09-16T20:48:12Z","2026-09-17T23:00:00Z","2026-09-18T00:00:00Z","42.3759"
"2026-09-16T20:48:12Z","2026-09-18T00:00:00Z","2026-09-18T01:00:00Z","40.865195"
"2026-09-16T20:48:12Z","2026-09-18T01:00:00Z","2026-09-18T02:00:00Z","39.945325"
"2026-09-16T20:48:12Z","2026-09-18T02:00:00Z","2026-09-18T03:00:00Z","38.976427"
"2026-09-16T20:48:12Z","2026-09-18T03:00:00Z","2026-09-18T04:00:00Z","38.636087"
"2026-09-16T20:48:12Z","2026-09-18T04:00:00Z","2026-09-18T05:00:00Z","38.975832"
"2026-09-16T20:48:12Z","2026-09-18T05:00:00Z","2026-09-18T06:00:00Z","40.695025"
"2026-09-16T20:48:12Z","2026-09-18T06:00:00Z","2026-09-18T07:00:00Z","43.48498"
"2026-09-16T20:48:12Z","2026-09-18T07:00:00Z","2026-09-18T08:00:00Z","45.54487"
"2026-09-16T20:48:12Z","2026-09-18T08:00:00Z","2026-09-18T09:00:00Z","45.59128"
"2026-09-16T20:48:12Z","2026-09-18T09:00:00Z","2026-09-18T10:00:00Z","43.274112"
"2026-09-16T20:48:12Z","2026-09-18T10:00:00Z","2026-09-18T11:00:00Z","38.9249"
"2026-09-16T20:48:12Z","2026-09-18T11:00:00Z","2026-09-18T12:00:00Z","31.343172"
"2026-09-16T20:48:12Z","2026-09-18T12:00:00Z","2026-09-18T13:00:00Z","24.237087"
"2026-09-16T20:48:12Z","2026-09-18T13:00:00Z","2026-09-18T14:00:00Z","21.86625"
"2026-09-16T20:48:12Z","2026-09-18T14:00:00Z","2026-09-18T15:00:00Z","21.566965"
"2026-09-16T20:48:12Z","2026-09-18T15:00:00Z","2026-09-18T16:00:00Z","22.56002"
"2026-09-16T20:48:12Z","2026-09-18T16:00:00Z","2026-09-18T17:00:00Z","28.700182"
"2026-09-16T20:48:12Z","2026-09-18T17:00:00Z","2026-09-18T18:00:00Z","37.36719"
"2026-09-16T20:48:12Z","2026-09-18T18:00:00Z","2026-09-18T19:00:00Z","42.582722"
"2026-09-16T20:48:12Z","2026-09-18T19:00:00Z","2026-09-18T20:00:00Z","45.467877"
"2026-09-16T20:48:12Z","2026-09-18T20:00:00Z","2026-09-18T21:00:00Z","46.36002"
"2026-09-16T20:48:12Z","2026-09-18T21:00:00Z","2026-09-18T22:00:00Z","45.616032"
"2026-09-16T20:48:12Z","2026-09-18T22:00:00Z","2026-09-18T23:00:00Z","44.22873"
"2026-09-16T20:48:12Z","2026-09-18T23:00:00Z","2026-09-19T00:00:00Z","42.388752"
"2026-09-16T20:48:12Z","2026-09-19T00:00:00Z","2026-09-19T01:00:00Z","40.812597"
"2026-09-16T20:48:12Z","2026-09-19T01:00:00Z","2026-09-19T02:00:00Z","38.920735"
"2026-09-16T20:48:12Z","2026-09-19T02:00:00Z","2026-09-19T03:00:00Z","37.00067"
"2026-09-16T20:48:12Z","2026-09-19T03:00:00Z","2026-09-19T04:00:00Z","35.435582"
"2026-09-16T20:48:12Z","2026-09-19T04:00:00Z","2026-09-19T05:00:00Z","34.512737"
"2026-09-16T20:48:12Z","2026-09-19T05:00:00Z","2026-09-19T06:00:00Z","34.579377"
"2026-09-16T20:48:12Z","2026-09-19T06:00:00Z","2026-09-19T07:00:00Z","34.82416"
"2026-09-16T20:48:12Z","2026-09-19T07:00:00Z","2026-09-19T08:00:00Z","35.269577"
"2026-09-16T20:48:12Z","2026-09-19T08:00:00Z","2026-09-19T09:00:00Z","35.142247"
"2026-09-16T20:48:12Z","2026-09-19T09:00:00Z","2026-09-19T10:00:00Z","32.60362"
"2026-09-16T20:48:12Z","2026-09-19T10:00:00Z","2026-09-19T11:00:00Z","30.155552"
"2026-09-16T20:48:12Z","2026-09-19T11:00:00Z","2026-09-19T12:00:00Z","23.480485"
"2026-09-16T20:48:12Z","2026-09-19T12:00:00Z","2026-09-19T13:00:00Z","20.87617"
"2026-09-16T20:48:12Z","2026-09-19T13:00:00Z","2026-09-19T14:00:00Z","20.569745"
"2026-09-16T20:48:12Z","2026-09-19T14:00:00Z","2026-09-19T15:00:00Z","20.529047"
"2026-09-16T20:48:12Z","2026-09-19T15:00:00Z","2026-09-19T16:00:00Z","20.87498"
"2026-09-16T20:48:12Z","2026-09-19T16:00:00Z","2026-09-19T17:00:00Z","20.961017"
"2026-09-16T20:48:12Z","2026-09-19T17:00:00Z","2026-09-19T18:00:00Z","28.870352"
"2026-09-16T20:48:12Z","2026-09-19T18:00:00Z","2026-09-19T19:00:00Z","36.212652"
"2026-09-16T20:48:12Z","2026-09-19T19:00:00Z","2026-09-19T20:00:00Z","40.828067"
"2026-09-16T20:48:12Z","2026-09-19T20:00:00Z","2026-09-19T21:00:00Z","41.95107"
"2026-09-16T20:48:12Z","2026-09-19T21:00:00Z","2026-09-19T22:00:00Z","40.774755"
"2026-09-16T20:48:12Z","2026-09-19T22:00:00Z","2026-09-19T23:00:00Z","39.07841"
"2026-09-16T20:48:12Z","2026-09-19T23:00:00Z","2026-09-20T00:00:00Z","36.877862"
"2026-09-16T20:48:12Z","2026-09-20T00:00:00Z","2026-09-20T01:00:00Z","36.02725"
"2026-09-16T20:48:12Z","2026-09-20T01:00:00Z","2026-09-20T02:00:00Z","35.278145"
"2026-09-16T20:48:12Z","2026-09-20T02:00:00Z","2026-09-20T03:00:00Z","34.281877"
"2026-09-16T20:48:12Z","2026-09-20T03:00:00Z","2026-09-20T04:00:00Z","34.040307"
"2026-09-16T20:48:12Z","2026-09-20T04:00:00Z","2026-09-20T05:00:00Z","33.559547"
"2026-09-16T20:48:12Z","2026-09-20T05:00:00Z","2026-09-20T06:00:00Z","33.848122"
"2026-09-16T20:48:12Z","2026-09-20T06:00:00Z","2026-09-20T07:00:00Z","32.174982"
"2026-09-16T20:48:12Z","2026-09-20T07:00:00Z","2026-09-20T08:00:00Z","31.816197"
"2026-09-16T20:48:12Z","2026-09-20T08:00:00Z","2026-09-20T09:00:00Z","31.430637"
"2026-09-16T20:48:12Z","2026-09-20T09:00:00Z","2026-09-20T10:00:00Z","24.303965"
"2026-09-16T20:48:12Z","2026-09-20T10:00:00Z","2026-09-20T11:00:00Z","21.022897"
"2026-09-16T20:48:12Z","2026-09-20T11:00:00Z","2026-09-20T12:00:00Z","20.40374"
"2026-09-16T20:48:12Z","2026-09-20T12:00:00Z","2026-09-20T13:00:00Z","20.220718"
"2026-09-16T20:48:12Z","2026-09-20T13:00:00Z","2026-09-20T14:00:00Z","20.042218"
"2026-09-16T20:48:12Z","2026-09-20T14:00:00Z","2026-09-20T15:00:00Z","19.980338"
"2026-09-16T20:48:12Z","2026-09-20T15:00:00Z","2026-09-20T16:00:00Z","20.125518"
"2026-09-16T20:48:12Z","2026-09-20T16:00:00Z","2026-09-20T17:00:00Z","20.783112"
"2026-09-16T20:48:12Z","2026-09-20T17:00:00Z","2026-09-20T18:00:00Z","25.378535"
"2026-09-16T20:48:12Z","2026-09-20T18:00:00Z","2026-09-20T19:00:00Z","33.990922"
"2026-09-16T20:48:12Z","2026-09-20T19:00:00Z","2026-09-20T20:00:00Z","39.77218"
"2026-09-16T20:48:12Z","2026-09-20T20:00:00Z","2026-09-20T21:00:00Z","41.97963"
"2026-09-16T20:48:12Z","2026-09-20T21:00:00Z","2026-09-20T22:00:00Z","41.487327"
"2026-09-17T10:52:39Z","2026-09-17T22:00:00Z","2026-09-17T23:00:00Z","43.459752"
"2026-09-17T10:52:39Z","2026-09-17T23:00:00Z","2026-09-18T00:00:00Z","42.3759"
"2026-09-17T10:52:39Z","2026-09-18T00:00:00Z","2026-09-18T01:00:00Z","39.297132"
"2026-09-17T10:52:39Z","2026-09-18T01:00:00Z","2026-09-18T02:00:00Z","37.880437"
"2026-09-17T10:52:39Z","2026-09-18T02:00:00Z","2026-09-18T03:00:00Z","37.076235"
"2026-09-17T10:52:39Z","2026-09-18T03:00:00Z","2026-09-18T04:00:00Z","36.680917"
"2026-09-17T10:52:39Z","2026-09-18T04:00:00Z","2026-09-18T05:00:00Z","36.799322"
"2026-09-17T10:52:39Z","2026-09-18T05:00:00Z","2026-09-18T06:00:00Z","38.011337"
"2026-09-17T10:52:39Z","2026-09-18T06:00:00Z","2026-09-18T07:00:00Z","41.958567"
"2026-09-17T10:52:39Z","2026-09-18T07:00:00Z","2026-09-18T08:00:00Z","44.38224"
"2026-09-17T10:52:39Z","2026-09-18T08:00:00Z","2026-09-18T09:00:00Z","44.37272"
"2026-09-17T10:52:39Z","2026-09-18T09:00:00Z","2026-09-18T10:00:00Z","41.631555"
"2026-09-17T10:52:39Z","2026-09-18T10:00:00Z","2026-09-18T11:00:00Z","37.443707"
"2026-09-17T10:52:39Z","2026-09-18T11:00:00Z","2026-09-18T12:00:00Z","31.375302"
"2026-09-17T10:52:39Z","2026-09-18T12:00:00Z","2026-09-18T13:00:00Z","23.699802"
"2026-09-17T10:52:39Z","2026-09-18T13:00:00Z","2026-09-18T14:00:00Z","20.734917"
"2026-09-17T10:52:39Z","2026-09-18T14:00:00Z","2026-09-18T15:00:00Z","20.420995"
"2026-09-17T10:52:39Z","2026-09-18T15:00:00Z","2026-09-18T16:00:00Z","22.501472"
"2026-09-17T10:52:39Z","2026-09-18T16:00:00Z","2026-09-18T17:00:00Z","28.376145"
"2026-09-17T10:52:39Z","2026-09-18T17:00:00Z","2026-09-18T18:00:00Z","35.650377"
"2026-09-17T10:52:39Z","2026-09-18T18:00:00Z","2026-09-18T19:00:00Z","41.323702"
"2026-09-17T10:52:39Z","2026-09-18T19:00:00Z","2026-09-18T20:00:00Z","45.574977"
"2026-09-17T10:52:39Z","2026-09-18T20:00:00Z","2026-09-18T21:00:00Z","45.086482"
"2026-09-17T10:52:39Z","2026-09-18T21:00:00Z","2026-09-18T22:00:00Z","43.281847"
"2026-09-17T10:52:39Z","2026-09-18T22:00:00Z","2026-09-18T23:00:00Z","41.757695"
"2026-09-17T10:52:39Z","2026-09-18T23:00:00Z","2026-09-19T00:00:00Z","39.800502"
"2026-09-17T10:52:39Z","2026-09-19T00:00:00Z","2026-09-19T01:00:00Z","38.288845"
"2026-09-17T10:52:39Z","2026-09-19T01:00:00Z","2026-09-19T02:00:00Z","36.060332"
"2026-09-17T10:52:39Z","2026-09-19T02:00:00Z","2026-09-19T03:00:00Z","34.65161"
"2026-09-17T10:52:39Z","2026-09-19T03:00:00Z","2026-09-19T04:00:00Z","32.952052"
"2026-09-17T10:52:39Z","2026-09-19T04:00:00Z","2026-09-19T05:00:00Z","31.851302"
"2026-09-17T10:52:39Z","2026-09-19T05:00:00Z","2026-09-19T06:00:00Z","31.641862"
"2026-09-17T10:52:39Z","2026-09-19T06:00:00Z","2026-09-19T07:00:00Z","32.375497"
"2026-09-17T10:52:39Z","2026-09-19T07:00:00Z","2026-09-19T08:00:00Z","33.488742"
"2026-09-17T10:52:39Z","2026-09-19T08:00:00Z","2026-09-19T09:00:00Z","32.988347"
"2026-09-17T10:52:39Z","2026-09-19T09:00:00Z","2026-09-19T10:00:00Z","28.93366"
"2026-09-17T10:52:39Z","2026-09-19T10:00:00Z","2026-09-19T11:00:00Z","23.96779"
"2026-09-17T10:52:39Z","2026-09-19T11:00:00Z","2026-09-19T12:00:00Z","20.985412"
"2026-09-17T10:52:39Z","2026-09-19T12:00:00Z","2026-09-19T13:00:00Z","20.261535"
"2026-09-17T10:52:39Z","2026-09-19T13:00:00Z","2026-09-19T14:00:00Z","20.06816"
"2026-09-17T10:52:39Z","2026-09-19T14:00:00Z","2026-09-19T15:00:00Z","20.070183"
"2026-09-17T10:52:39Z","2026-09-19T15:00:00Z","2026-09-19T16:00:00Z","20.30497"
"2026-09-17T10:52:39Z","2026-09-19T16:00:00Z","2026-09-19T17:00:00Z","20.776567"
"2026-09-17T10:52:39Z","2026-09-19T17:00:00Z","2026-09-19T18:00:00Z","25.547872"
"2026-09-17T10:52:39Z","2026-09-19T18:00:00Z","2026-09-19T19:00:00Z","34.00544"
"2026-09-17T10:52:39Z","2026-09-19T19:00:00Z","2026-09-19T20:00:00Z","38.836007"
"2026-09-17T10:52:39Z","2026-09-19T20:00:00Z","2026-09-19T21:00:00Z","40.08872"
"2026-09-17T10:52:39Z","2026-09-19T21:00:00Z","2026-09-19T22:00:00Z","39.057347"
"2026-09-17T10:52:39Z","2026-09-19T22:00:00Z","2026-09-19T23:00:00Z","37.069452"
"2026-09-17T10:52:39Z","2026-09-19T23:00:00Z","2026-09-20T00:00:00Z","34.48739"
"2026-09-17T10:52:39Z","2026-09-20T00:00:00Z","2026-09-20T01:00:00Z","33.487552"
"2026-09-17T10:52:39Z","2026-09-20T01:00:00Z","2026-09-20T02:00:00Z","32.186882"
"2026-09-17T10:52:39Z","2026-09-20T02:00:00Z","2026-09-20T03:00:00Z","29.819615"
"2026-09-17T10:52:39Z","2026-09-20T03:00:00Z","2026-09-20T04:00:00Z","27.739852"
"2026-09-17T10:52:39Z","2026-09-20T04:00:00Z","2026-09-20T05:00:00Z","27.22601"
"2026-09-17T10:52:39Z","2026-09-20T05:00:00Z","2026-09-20T06:00:00Z","27.532435"
"2026-09-17T10:52:39Z","2026-09-20T06:00:00Z","2026-09-20T07:00:00Z","27.787095"
"2026-09-17T10:52:39Z","2026-09-20T07:00:00Z","2026-09-20T08:00:00Z","27.703557"
"2026-09-17T10:52:39Z","2026-09-20T08:00:00Z","2026-09-20T09:00:00Z","26.425735"
"2026-09-17T10:52:39Z","2026-09-20T09:00:00Z","2026-09-20T10:00:00Z","22.202782"
"2026-09-17T10:52:39Z","2026-09-20T10:00:00Z","2026-09-20T11:00:00Z","20.630435"
"2026-09-17T10:52:39Z","2026-09-20T11:00:00Z","2026-09-20T12:00:00Z","20.274625"
"2026-09-17T10:52:39Z","2026-09-20T12:00:00Z","2026-09-20T13:00:00Z","19.91822"
"2026-09-17T10:52:39Z","2026-09-20T13:00:00Z","2026-09-20T14:00:00Z","19.758165"
"2026-09-17T10:52:39Z","2026-09-20T14:00:00Z","2026-09-20T15:00:00Z","19.764353"
"2026-09-17T10:52:39Z","2026-09-20T15:00:00Z","2026-09-20T16:00:00Z","19.89918"
"2026-09-17T10:52:39Z","2026-09-20T16:00:00Z","2026-09-20T17:00:00Z","20.399575"
"2026-09-17T10:52:39Z","2026-09-20T17:00:00Z","2026-09-20T18:00:00Z","22.329517"
"2026-09-17T10:52:39Z","2026-09-20T18:00:00Z","2026-09-20T19:00:00Z","30.608942"
"2026-09-17T10:52:39Z","2026-09-20T19:00:00Z","2026-09-20T20:00:00Z","36.76624"
"2026-09-17T10:52:39Z","2026-09-20T20:00:00Z","2026-09-20T21:00:00Z","38.422482"
"2026-09-17T10:52:39Z","2026-09-20T21:00:00Z","2026-09-20T22:00:00Z","38.34299"
"2026-09-17T10:52:39Z","2026-09-20T22:00:00Z","2026-09-20T23:00:00Z","37.810465"
"2026-09-17T10:52:39Z","2026-09-20T23:00:00Z","2026-09-21T00:00:00Z","36.652"
"2026-09-17T10:52:39Z","2026-09-21T00:00:00Z","2026-09-21T01:00:00Z","36.28429"
"2026-09-17T10:52:39Z","2026-09-21T01:00:00Z","2026-09-21T02:00:00Z","35.7952"
"2026-09-17T10:52:39Z","2026-09-21T02:00:00Z","2026-09-21T03:00:00Z","35.326102"
"2026-09-17T10:52:39Z","2026-09-21T03:00:00Z","2026-09-21T04:00:00Z","35.231735"
"2026-09-17T10:52:39Z","2026-09-21T04:00:00Z","2026-09-21T05:00:00Z","35.573027"
"2026-09-17T10:52:39Z","2026-09-21T05:00:00Z","2026-09-21T06:00:00Z","37.43145"
"2026-09-17T10:52:39Z","2026-09-21T06:00:00Z","2026-09-21T07:00:00Z","40.59804"
"2026-09-17T10:52:39Z","2026-09-21T07:00:00Z","2026-09-21T08:00:00Z","43.770342"
"2026-09-17T10:52:39Z","2026-09-21T08:00:00Z","2026-09-21T09:00:00Z","43.91933"
"2026-09-17T10:52:39Z","2026-09-21T09:00:00Z","2026-09-21T10:00:00Z","41.166027"
"2026-09-17T10:52:39Z","2026-09-21T10:00:00Z","2026-09-21T11:00:00Z","36.014517"
"2026-09-17T10:52:39Z","2026-09-21T11:00:00Z","2026-09-21T12:00:00Z","28.93247"
"2026-09-17T10:52:39Z","2026-09-21T12:00:00Z","2026-09-21T13:00:00Z","23.428125"
"2026-09-17T10:52:39Z","2026-09-21T13:00:00Z","2026-09-21T14:00:00Z","21.17486"
"2026-09-17T10:52:39Z","2026-09-21T14:00:00Z","2026-09-21T15:00:00Z","21.063595"
"2026-09-17T10:52:39Z","2026-09-21T15:00:00Z","2026-09-21T16:00:00Z","24.29147"
"2026-09-17T10:52:39Z","2026-09-21T16:00:00Z","2026-09-21T17:00:00Z","31.09946"
"2026-09-17T10:52:39Z","2026-09-21T17:00:00Z","2026-09-21T18:00:00Z","38.43105"
"2026-09-17T10:52:39Z","2026-09-21T18:00:00Z","2026-09-21T19:00:00Z","43.980972"
"2026-09-17T10:52:39Z","2026-09-21T19:00:00Z","2026-09-21T20:00:00Z","47.279652"
"2026-09-17T10:52:39Z","2026-09-21T20:00:00Z","2026-09-21T21:00:00Z","48.396705"
"2026-09-17T10:52:39Z","2026-09-21T21:00:00Z","2026-09-21T22:00:00Z","47.599762"
"2026-09-17T20:54:13Z","2026-09-18T22:00:00Z","2026-09-18T23:00:00Z","40.40764"
"2026-09-17T20:54:13Z","2026-09-18T23:00:00Z","2026-09-19T00:00:00Z","37.471672"
"2026-09-17T20:54:13Z","2026-09-19T00:00:00Z","2026-09-19T01:00:00Z","37.440137"
"2026-09-17T20:54:13Z","2026-09-19T01:00:00Z","2026-09-19T02:00:00Z","36.872507"
"2026-09-17T20:54:13Z","2026-09-19T02:00:00Z","2026-09-19T03:00:00Z","35.48461"
"2026-09-17T20:54:13Z","2026-09-19T03:00:00Z","2026-09-19T04:00:00Z","33.481602"
"2026-09-17T20:54:13Z","2026-09-19T04:00:00Z","2026-09-19T05:00:00Z","32.022662"
"2026-09-17T20:54:13Z","2026-09-19T05:00:00Z","2026-09-19T06:00:00Z","32.504017"
"2026-09-17T20:54:13Z","2026-09-19T06:00:00Z","2026-09-19T07:00:00Z","32.742255"
"2026-09-17T20:54:13Z","2026-09-19T07:00:00Z","2026-09-19T08:00:00Z","33.127577"
"2026-09-17T20:54:13Z","2026-09-19T08:00:00Z","2026-09-19T09:00:00Z","32.491522"
"2026-09-17T20:54:13Z","2026-09-19T09:00:00Z","2026-09-19T10:00:00Z","28.52311"
"2026-09-17T20:54:13Z","2026-09-19T10:00:00Z","2026-09-19T11:00:00Z","23.42991"
"2026-09-17T20:54:13Z","2026-09-19T11:00:00Z","2026-09-19T12:00:00Z","20.880097"
"2026-09-17T20:54:13Z","2026-09-19T12:00:00Z","2026-09-19T13:00:00Z","20.291523"
"2026-09-17T20:54:13Z","2026-09-19T13:00:00Z","2026-09-19T14:00:00Z","20.090413"
"2026-09-17T20:54:13Z","2026-09-19T14:00:00Z","2026-09-19T15:00:00Z","20.08839"
"2026-09-17T20:54:13Z","2026-09-19T15:00:00Z","2026-09-19T16:00:00Z","20.404573"
"2026-09-17T20:54:13Z","2026-09-19T16:00:00Z","2026-09-19T17:00:00Z","20.827975"
"2026-09-17T20:54:13Z","2026-09-19T17:00:00Z","2026-09-19T18:00:00Z","24.903725"
"2026-09-17T20:54:13Z","2026-09-19T18:00:00Z","2026-09-19T19:00:00Z","33.663672"
"2026-09-17T20:54:13Z","2026-09-19T19:00:00Z","2026-09-19T20:00:00Z","38.721172"
"2026-09-17T20:54:13Z","2026-09-19T20:00:00Z","2026-09-19T21:00:00Z","40.052782"
"2026-09-17T20:54:13Z","2026-09-19T21:00:00Z","2026-09-19T22:00:00Z","39.193602"
"2026-09-17T20:54:13Z","2026-09-19T22:00:00Z","2026-09-19T23:00:00Z","37.432045"
"2026-09-17T20:54:13Z","2026-09-19T23:00:00Z","2026-09-20T00:00:00Z","34.790007"
"2026-09-17T20:54:13Z","2026-09-20T00:00:00Z","2026-09-20T01:00:00Z","33.684497"
"2026-09-17T20:54:13Z","2026-09-20T01:00:00Z","2026-09-20T02:00:00Z","32.335037"
"2026-09-17T20:54:13Z","2026-09-20T02:00:00Z","2026-09-20T03:00:00Z","28.992327"
"2026-09-17T20:54:13Z","2026-09-20T03:00:00Z","2026-09-20T04:00:00Z","26.834857"
"2026-09-17T20:54:13Z","2026-09-20T04:00:00Z","2026-09-20T05:00:00Z","26.465005"
"2026-09-17T20:54:13Z","2026-09-20T05:00:00Z","2026-09-20T06:00:00Z","26.202372"
"2026-09-17T20:54:13Z","2026-09-20T06:00:00Z","2026-09-20T07:00:00Z","26.980632"
"2026-09-17T20:54:13Z","2026-09-20T07:00:00Z","2026-09-20T08:00:00Z","27.299552"
"2026-09-17T20:54:13Z","2026-09-20T08:00:00Z","2026-09-20T09:00:00Z","26.49535"
"2026-09-17T20:54:13Z","2026-09-20T09:00:00Z","2026-09-20T10:00:00Z","22.316665"
"2026-09-17T20:54:13Z","2026-09-20T10:00:00Z","2026-09-20T11:00:00Z","20.69648"
"2026-09-17T20:54:13Z","2026-09-20T11:00:00Z","2026-09-20T12:00:00Z","20.26927"
"2026-09-17T20:54:13Z","2026-09-20T12:00:00Z","2026-09-20T13:00:00Z","19.981885"
"2026-09-17T20:54:13Z","2026-09-20T13:00:00Z","2026-09-20T14:00:00Z","19.885138"
"2026-09-17T20:54:13Z","2026-09-20T14:00:00Z","2026-09-20T15:00:00Z","19.761378"
"2026-09-17T20:54:13Z","2026-09-20T15:00:00Z","2026-09-20T16:00:00Z","19.854555"
"2026-09-17T20:54:13Z","2026-09-20T16:00:00Z","2026-09-20T17:00:00Z","20.338885"
"2026-09-17T20:54:13Z","2026-09-20T17:00:00Z","2026-09-20T18:00:00Z","22.247645"
"2026-09-17T20:54:13Z","2026-09-20T18:00:00Z","2026-09-20T19:00:00Z","30.862055"
"2026-09-17T20:54:13Z","2026-09-20T19:00:00Z","2026-09-20T20:00:00Z","37.123835"
"2026-09-17T20:54:13Z","2026-09-20T20:00:00Z","2026-09-20T21:00:00Z","38.588725"
"2026-09-17T20:54:13Z","2026-09-20T21:00:00Z","2026-09-20T22:00:00Z","38.336802"
"2026-09-17T20:54:13Z","2026-09-20T22:00:00Z","2026-09-20T23:00:00Z","37.59448"
"2026-09-17T20:54:13Z","2026-09-20T23:00:00Z","2026-09-21T00:00:00Z","36.704122"
"2026-09-17T20:54:13Z","2026-09-21T00:00:00Z","2026-09-21T01:00:00Z","36.295"
"2026-09-17T20:54:13Z","2026-09-21T01:00:00Z","2026-09-21T02:00:00Z","35.433797"
"2026-09-17T20:54:13Z","2026-09-21T02:00:00Z","2026-09-21T03:00:00Z","35.225785"
"2026-09-17T20:54:13Z","2026-09-21T03:00:00Z","2026-09-21T04:00:00Z","35.171402"
"2026-09-17T20:54:13Z","2026-09-21T04:00:00Z","2026-09-21T05:00:00Z","35.54649"
"2026-09-17T20:54:13Z","2026-09-21T05:00:00Z","2026-09-21T06:00:00Z","37.37195"
"2026-09-17T20:54:13Z","2026-09-21T06:00:00Z","2026-09-21T07:00:00Z","40.735842"
"2026-09-17T20:54:13Z","2026-09-21T07:00:00Z","2026-09-21T08:00:00Z","44.01453"
"2026-09-17T20:54:13Z","2026-09-21T08:00:00Z","2026-09-21T09:00:00Z","44.313577"
"2026-09-17T20:54:13Z","2026-09-21T09:00:00Z","2026-09-21T10:00:00Z","41.03953"
"2026-09-17T20:54:13Z","2026-09-21T10:00:00Z","2026-09-21T11:00:00Z","35.412615"
"2026-09-17T20:54:13Z","2026-09-21T11:00:00Z","2026-09-21T12:00:00Z","29.9166"
"2026-09-17T20:54:13Z","2026-09-21T12:00:00Z","2026-09-21T13:00:00Z","23.908052"
"2026-09-17T20:54:13Z","2026-09-21T13:00:00Z","2026-09-21T14:00:00Z","21.47474"
"2026-09-17T20:54:13Z","2026-09-21T14:00:00Z","2026-09-21T15:00:00Z","21.304927"
"2026-09-17T20:54:13Z","2026-09-21T15:00:00Z","2026-09-21T16:00:00Z","25.810267"
"2026-09-17T20:54:13Z","2026-09-21T16:00:00Z","2026-09-21T17:00:00Z","31.5826"
"2026-09-17T20:54:13Z","2026-09-21T17:00:00Z","2026-09-21T18:00:00Z","38.413795"
"2026-09-17T20:54:13Z","2026-09-21T18:00:00Z","2026-09-21T19:00:00Z","43.929445"
"2026-09-17T20:54:13Z","2026-09-21T19:00:00Z","2026-09-21T20:00:00Z","47.001787"
"2026-09-17T20:54:13Z","2026-09-21T20:00:00Z","2026-09-21T21:00:00Z","48.99111"
"2026-09-17T20:54:13Z","2026-09-21T21:00:00Z","2026-09-21T22:00:00Z","47.70829"
"2026-09-18T10:27:55Z","2026-09-18T22:00:00Z","2026-09-18T23:00:00Z","40.40764"
"2026-09-18T10:27:55Z","2026-09-18T23:00:00Z","2026-09-19T00:00:00Z","37.471672"
"2026-09-18T10:27:55Z","2026-09-19T00:00:00Z","2026-09-19T01:00:00Z","37.440137"
"2026-09-18T10:27:55Z","2026-09-19T01:00:00Z","2026-09-19T02:00:00Z","36.872507"
"2026-09-18T10:27:55Z","2026-09-19T02:00:00Z","2026-09-19T03:00:00Z","35.48461"
"2026-09-18T10:27:55Z","2026-09-19T03:00:00Z","2026-09-19T04:00:00Z","33.481602"
"2026-09-18T10:27:55Z","2026-09-19T04:00:00Z","2026-09-19T05:00:00Z","32.022662"
"2026-09-18T10:27:55Z","2026-09-19T05:00:00Z","2026-09-19T06:00:00Z","32.504017"
"2026-09-18T10:27:55Z","2026-09-19T06:00:00Z","2026-09-19T07:00:00Z","32.742255"
"2026-09-18T10:27:55Z","2026-09-19T07:00:00Z","2026-09-19T08:00:00Z","33.127577"
"2026-09-18T10:27:55Z","2026-09-19T08:00:00Z","2026-09-19T09:00:00Z","32.491522"
"2026-09-18T10:27:55Z","2026-09-19T09:00:00Z","2026-09-19T10:00:00Z","28.52311"
"2026-09-18T10:27:55Z","2026-09-19T10:00:00Z","2026-09-19T11:00:00Z","23.42991"
"2026-09-18T10:27:55Z","2026-09-19T11:00:00Z","2026-09-19T12:00:00Z","20.880097"
"2026-09-18T10:27:55Z","2026-09-19T12:00:00Z","2026-09-19T13:00:00Z","20.291523"
"2026-09-18T10:27:55Z","2026-09-19T13:00:00Z","2026-09-19T14:00:00Z","20.090413"
"2026-09-18T10:27:55Z","2026-09-19T14:00:00Z","2026-09-19T15:00:00Z","20.08839"
"2026-09-18T10:27:55Z","2026-09-19T15:00:00Z","2026-09-19T16:00:00Z","20.404573"
"2026-09-18T10:27:55Z","2026-09-19T16:00:00Z","2026-09-19T17:00:00Z","20.827975"
"2026-09-18T10:27:55Z","2026-09-19T17:00:00Z","2026-09-19T18:00:00Z","24.903725"
"2026-09-18T10:27:55Z","2026-09-19T18:00:00Z","2026-09-19T19:00:00Z","33.663672"
"2026-09-18T10:27:55Z","2026-09-19T19:00:00Z","2026-09-19T20:00:00Z","38.721172"
"2026-09-18T10:27:55Z","2026-09-19T20:00:00Z","2026-09-19T21:00:00Z","40.052782"
"2026-09-18T10:27:55Z","2026-09-19T21:00:00Z","2026-09-19T22:00:00Z","39.193602"
"2026-09-18T10:27:55Z","2026-09-19T22:00:00Z","2026-09-19T23:00:00Z","37.432045"
"2026-09-18T10:27:55Z","2026-09-19T23:00:00Z","2026-09-20T00:00:00Z","34.790007"
"2026-09-18T10:27:55Z","2026-09-20T00:00:00Z","2026-09-20T01:00:00Z","33.684497"
"2026-09-18T10:27:55Z","2026-09-20T01:00:00Z","2026-09-20T02:00:00Z","32.335037"
"2026-09-18T10:27:55Z","2026-09-20T02:00:00Z","2026-09-20T03:00:00Z","28.992327"
"2026-09-18T10:27:55Z","2026-09-20T03:00:00Z","2026-09-20T04:00:00Z","26.834857"
"2026-09-18T10:27:55Z","2026-09-20T04:00:00Z","2026-09-20T05:00:00Z","26.465005"
"2026-09-18T10:27:55Z","2026-09-20T05:00:00Z","2026-09-20T06:00:00Z","26.202372"
"2026-09-18T10:27:55Z","2026-09-20T06:00:00Z","2026-09-20T07:00:00Z","26.980632"
"2026-09-18T10:27:55Z","2026-09-20T07:00:00Z","2026-09-20T08:00:00Z","27.299552"
"2026-09-18T10:27:55Z","2026-09-20T08:00:00Z","2026-09-20T09:00:00Z","26.49535"
"2026-09-18T10:27:55Z","2026-09-20T09:00:00Z","2026-09-20T10:00:00Z","22.316665"
"2026-09-18T10:27:55Z","2026-09-20T10:00:00Z","2026-09-20T11:00:00Z","20.69648"
"2026-09-18T10:27:55Z","2026-09-20T11:00:00Z","2026-09-20T12:00:00Z","20.26927"
"2026-09-18T10:27:55Z","2026-09-20T12:00:00Z","2026-09-20T13:00:00Z","19.981885"
"2026-09-18T10:27:55Z","2026-09-20T13:00:00Z","2026-09-20T14:00:00Z","19.885138"
"2026-09-18T10:27:55Z","2026-09-20T14:00:00Z","2026-09-20T15:00:00Z","19.761378"
"2026-09-18T10:27:55Z","2026-09-20T15:00:00Z","2026-09-20T16:00:00Z","19.854555"
"2026-09-18T10:27:55Z","2026-09-20T16:00:00Z","2026-09-20T17:00:00Z","20.338885"
"2026-09-18T10:27:55Z","2026-09-20T17:00:00Z","2026-09-20T18:00:00Z","22.247645"
"2026-09-18T10:27:55Z","2026-09-20T18:00:00Z","2026-09-20T19:00:00Z","30.862055"
"2026-09-18T10:27:55Z","2026-09-20T19:00:00Z","2026-09-20T20:00:00Z","37.123835"
"2026-09-18T10:27:55Z","2026-09-20T20:00:00Z","2026-09-20T21:00:00Z","38.588725"
"2026-09-18T10:27:55Z","2026-09-20T21:00:00Z","2026-09-20T22:00:00Z","38.336802"
"2026-09-18T10:27:55Z","2026-09-20T22:00:00Z","2026-09-20T23:00:00Z","37.59448"
"2026-09-18T10:27:55Z","2026-09-20T23:00:00Z","2026-09-21T00:00:00Z","36.704122"
"2026-09-18T10:27:55Z","2026-09-21T00:00:00Z","2026-09-21T01:00:00Z","36.295"
"2026-09-18T10:27:55Z","2026-09-21T01:00:00Z","2026-09-21T02:00:00Z","35.433797"
"2026-09-18T10:27:55Z","2026-09-21T02:00:00Z","2026-09-21T03:00:00Z","35.225785"
"2026-09-18T10:27:55Z","2026-09-21T03:00:00Z","2026-09-21T04:00:00Z","35.171402"
"2026-09-18T10:27:55Z","2026-09-21T04:00:00Z","2026-09-21T05:00:00Z","35.54649"
"2026-09-18T10:27:55Z","2026-09-21T05:00:00Z","2026-09-21T06:00:00Z","37.37195"
"2026-09-18T10:27:55Z","2026-09-21T06:00:00Z","2026-09-21T07:00:00Z","40.735842"
"2026-09-18T10:27:55Z","2026-09-21T07:00:00Z","2026-09-21T08:00:00Z","44.01453"
"2026-09-18T10:27:55Z","2026-09-21T08:00:00Z","2026-09-21T09:00:00Z","44.313577"
"2026-09-18T10:27:55Z","2026-09-21T09:00:00Z","2026-09-21T10:00:00Z","41.03953"
"2026-09-18T10:27:55Z","2026-09-21T10:00:00Z","2026-09-21T11:00:00Z","35.412615"
"2026-09-18T10:27:55Z","2026-09-21T11:00:00Z","2026-09-21T12:00:00Z","29.9166"
"2026-09-18T10:27:55Z","2026-09-21T12:00:00Z","2026-09-21T13:00:00Z","23.908052"
"2026-09-18T10:27:55Z","2026-09-21T13:00:00Z","2026-09-21T14:00:00Z","21.47474"
"2026-09-18T10:27:55Z","2026-09-21T14:00:00Z","2026-09-21T15:00:00Z","21.304927"
"2026-09-18T10:27:55Z","2026-09-21T15:00:00Z","2026-09-21T16:00:00Z","25.810267"
"2026-09-18T10:27:55Z","2026-09-21T16:00:00Z","2026-09-21T17:00:00Z","31.5826"
"2026-09-18T10:27:55Z","2026-09-21T17:00:00Z","2026-09-21T18:00:00Z","38.413795"
"2026-09-18T10:27:55Z","2026-09-21T18:00:00Z","2026-09-21T19:00:00Z","43.929445"
"2026-09-18T10:27:55Z","2026-09-21T19:00:00Z","2026-09-21T20:00:00Z","47.001787"
"2026-09-18T10:27:55Z","2026-09-21T20:00:00Z","2026-09-21T21:00:00Z","48.99111"
"2026-09-18T10:27:55Z","2026-09-21T21:00:00Z","2026-09-21T22:00:00Z","47.70829"
"2026-09-18T10:27:55Z","2026-09-21T22:00:00Z","2026-09-21T23:00:00Z","46.275292"
"2026-09-18T10:27:55Z","2026-09-21T23:00:00Z","2026-09-22T00:00:00Z","44.835392"
"2026-09-18T10:27:55Z","2026-09-22T00:00:00Z","2026-09-22T01:00:00Z","44.361772"
"2026-09-18T10:27:55Z","2026-09-22T01:00:00Z","2026-09-22T02:00:00Z","42.837382"
"2026-09-18T10:27:55Z","2026-09-22T02:00:00Z","2026-09-22T03:00:00Z","41.71069"
"2026-09-18T10:27:55Z","2026-09-22T03:00:00Z","2026-09-22T04:00:00Z","41.346907"
"2026-09-18T10:27:55Z","2026-09-22T04:00:00Z","2026-09-22T05:00:00Z","41.965707"
"2026-09-18T10:27:55Z","2026-09-22T05:00:00Z","2026-09-22T06:00:00Z","43.73845"
"2026-09-18T10:27:55Z","2026-09-22T06:00:00Z","2026-09-22T07:00:00Z","46.149747"
"2026-09-18T10:27:55Z","2026-09-22T07:00:00Z","2026-09-22T08:00:00Z","49.620382"
"2026-09-18T10:27:55Z","2026-09-22T08:00:00Z","2026-09-22T09:00:00Z","48.802257"
"2026-09-18T10:27:55Z","2026-09-22T09:00:00Z","2026-09-22T10:00:00Z","46.496037"
"2026-09-18T10:27:55Z","2026-09-22T10:00:00Z","2026-09-22T11:00:00Z","43.03516"
"2026-09-18T10:27:55Z","2026-09-22T11:00:00Z","2026-09-22T12:00:00Z","39.708277"
"2026-09-18T10:27:55Z","2026-09-22T12:00:00Z","2026-09-22T13:00:00Z","37.362787"
"2026-09-18T10:27:55Z","2026-09-22T13:00:00Z","2026-09-22T14:00:00Z","34.91936"
"2026-09-18T10:27:55Z","2026-09-22T14:00:00Z","2026-09-22T15:00:00Z","35.84518"
"2026-09-18T10:27:55Z","2026-09-22T15:00:00Z","2026-09-22T16:00:00Z","38.336445"
"2026-09-18T10:27:55Z","2026-09-22T16:00:00Z","2026-09-22T17:00:00Z","41.12759"
"2026-09-18T10:27:55Z","2026-09-22T17:00:00Z","2026-09-22T18:00:00Z","45.028172"
"2026-09-18T10:27:55Z","2026-09-22T18:00:00Z","2026-09-22T19:00:00Z","48.18667"
"2026-09-18T10:27:55Z","2026-09-22T19:00:00Z","2026-09-22T20:00:00Z","53.168367"
"2026-09-18T10:27:55Z","2026-09-22T20:00:00Z","2026-09-22T21:00:00Z","54.097995"
"2026-09-18T10:27:55Z","2026-09-22T21:00:00Z","2026-09-22T22:00:00Z","50.603917"
"2026-09-18T20:19:01Z","2026-09-19T22:00:00Z","2026-09-19T23:00:00Z","30.11533"
"2026-09-18T20:19:01Z","2026-09-19T23:00:00Z","2026-09-20T00:00:00Z","29.886612"
"2026-09-18T20:19:01Z","2026-09-20T00:00:00Z","2026-09-20T01:00:00Z","31.61354"
"2026-09-18T20:19:01Z","2026-09-20T01:00:00Z","2026-09-20T02:00:00Z","31.43742"
"2026-09-18T20:19:01Z","2026-09-20T02:00:00Z","2026-09-20T03:00:00Z","30.436392"
"2026-09-18T20:19:01Z","2026-09-20T03:00:00Z","2026-09-20T04:00:00Z","29.56793"
"2026-09-18T20:19:01Z","2026-09-20T04:00:00Z","2026-09-20T05:00:00Z","28.743022"
"2026-09-18T20:19:01Z","2026-09-20T05:00:00Z","2026-09-20T06:00:00Z","28.536557"
"2026-09-18T20:19:01Z","2026-09-20T06:00:00Z","2026-09-20T07:00:00Z","29.03481"
"2026-09-18T20:19:01Z","2026-09-20T07:00:00Z","2026-09-20T08:00:00Z","29.246035"
"2026-09-18T20:19:01Z","2026-09-20T08:00:00Z","2026-09-20T09:00:00Z","28.36841"
"2026-09-18T20:19:01Z","2026-09-20T09:00:00Z","2026-09-20T10:00:00Z","23.995755"
"2026-09-18T20:19:01Z","2026-09-20T10:00:00Z","2026-09-20T11:00:00Z","21.381682"
"2026-09-18T20:19:01Z","2026-09-20T11:00:00Z","2026-09-20T12:00:00Z","20.725635"
"2026-09-18T20:19:01Z","2026-09-20T12:00:00Z","2026-09-20T13:00:00Z","20.40017"
"2026-09-18T20:19:01Z","2026-09-20T13:00:00Z","2026-09-20T14:00:00Z","20.127898"
"2026-09-18T20:19:01Z","2026-09-20T14:00:00Z","2026-09-20T15:00:00Z","20.104693"
"2026-09-18T20:19:01Z","2026-09-20T15:00:00Z","2026-09-20T16:00:00Z","20.2895"
"2026-09-18T20:19:01Z","2026-09-20T16:00:00Z","2026-09-20T17:00:00Z","20.930315"
"2026-09-18T20:19:01Z","2026-09-20T17:00:00Z","2026-09-20T18:00:00Z","22.341417"
"2026-09-18T20:19:01Z","2026-09-20T18:00:00Z","2026-09-20T19:00:00Z","30.580382"
"2026-09-18T20:19:01Z","2026-09-20T19:00:00Z","2026-09-20T20:00:00Z","36.444702"
"2026-09-18T20:19:01Z","2026-09-20T20:00:00Z","2026-09-20T21:00:00Z","38.405465"
"2026-09-18T20:19:01Z","2026-09-20T21:00:00Z","2026-09-20T22:00:00Z","37.73728"
"2026-09-18T20:19:01Z","2026-09-20T22:00:00Z","2026-09-20T23:00:00Z","36.63534"
"2026-09-18T20:19:01Z","2026-09-20T23:00:00Z","2026-09-21T00:00:00Z","35.416185"
"2026-09-18T20:19:01Z","2026-09-21T00:00:00Z","2026-09-21T01:00:00Z","35.49294"
"2026-09-18T20:19:01Z","2026-09-21T01:00:00Z","2026-09-21T02:00:00Z","34.878067"
"2026-09-18T20:19:01Z","2026-09-21T02:00:00Z","2026-09-21T03:00:00Z","33.455422"
"2026-09-18T20:19:01Z","2026-09-21T03:00:00Z","2026-09-21T04:00:00Z","33.343562"
"2026-09-18T20:19:01Z","2026-09-21T04:00:00Z","2026-09-21T05:00:00Z","34.18275"
"2026-09-18T20:19:01Z","2026-09-21T05:00:00Z","2026-09-21T06:00:00Z","36.471715"
"2026-09-18T20:19:01Z","2026-09-21T06:00:00Z","2026-09-21T07:00:00Z","39.330452"
"2026-09-18T20:19:01Z","2026-09-21T07:00:00Z","2026-09-21T08:00:00Z","41.764835"
"2026-09-18T20:19:01Z","2026-09-21T08:00:00Z","2026-09-21T09:00:00Z","41.724732"
"2026-09-18T20:19:01Z","2026-09-21T09:00:00Z","2026-09-21T10:00:00Z","38.177342"
"2026-09-18T20:19:01Z","2026-09-21T10:00:00Z","2026-09-21T11:00:00Z","33.693422"
"2026-09-18T20:19:01Z","2026-09-21T11:00:00Z","2026-09-21T12:00:00Z","26.44418"
"2026-09-18T20:19:01Z","2026-09-21T12:00:00Z","2026-09-21T13:00:00Z","21.715715"
"2026-09-18T20:19:01Z","2026-09-21T13:00:00Z","2026-09-21T14:00:00Z","20.696242"
"2026-09-18T20:19:01Z","2026-09-21T14:00:00Z","2026-09-21T15:00:00Z","20.803937"
"2026-09-18T20:19:01Z","2026-09-21T15:00:00Z","2026-09-21T16:00:00Z","22.846572"
"2026-09-18T20:19:01Z","2026-09-21T16:00:00Z","2026-09-21T17:00:00Z","29.721797"
"2026-09-18T20:19:01Z","2026-09-21T17:00:00Z","2026-09-21T18:00:00Z","37.127405"
"2026-09-18T20:19:01Z","2026-09-21T18:00:00Z","2026-09-21T19:00:00Z","42.984585"
"2026-09-18T20:19:01Z","2026-09-21T19:00:00Z","2026-09-21T20:00:00Z","46.445105"
"2026-09-18T20:19:01Z","2026-09-21T20:00:00Z","2026-09-21T21:00:00Z","48.450255"
"2026-09-18T20:19:01Z","2026-09-21T21:00:00Z","2026-09-21T22:00:00Z","47.633915"
"2026-09-18T20:19:01Z","2026-09-21T22:00:00Z","2026-09-21T23:00:00Z","46.465335"
"2026-09-18T20:19:01Z","2026-09-21T23:00:00Z","2026-09-22T00:00:00Z","44.295132"
"2026-09-18T20:19:01Z","2026-09-22T00:00:00Z","2026-09-22T01:00:00Z","44.300487"
"2026-09-18T20:19:01Z","2026-09-22T01:00:00Z","2026-09-22T02:00:00Z","43.296365"
"2026-09-18T20:19:01Z","2026-09-22T02:00:00Z","2026-09-22T03:00:00Z","42.203707"
"2026-09-18T20:19:01Z","2026-09-22T03:00:00Z","2026-09-22T04:00:00Z","41.681297"
"2026-09-18T20:19:01Z","2026-09-22T04:00:00Z","2026-09-22T05:00:00Z","42.224175"
"2026-09-18T20:19:01Z","2026-09-22T05:00:00Z","2026-09-22T06:00:00Z","44.180892"
"2026-09-18T20:19:01Z","2026-09-22T06:00:00Z","2026-09-22T07:00:00Z","46.55399"
"2026-09-18T20:19:01Z","2026-09-22T07:00:00Z","2026-09-22T08:00:00Z","50.673175"
"2026-09-18T20:19:01Z","2026-09-22T08:00:00Z","2026-09-22T09:00:00Z","49.795312"
"2026-09-18T20:19:01Z","2026-09-22T09:00:00Z","2026-09-22T10:00:00Z","47.231695"
"2026-09-18T20:19:01Z","2026-09-22T10:00:00Z","2026-09-22T11:00:00Z","43.234247"
"2026-09-18T20:19:01Z","2026-09-22T11:00:00Z","2026-09-22T12:00:00Z","40.033742"
"2026-09-18T20:19:01Z","2026-09-22T12:00:00Z","2026-09-22T13:00:00Z","38.57742"
"2026-09-18T20:19:01Z","2026-09-22T13:00:00Z","2026-09-22T14:00:00Z","37.17679"
"2026-09-18T20:19:01Z","2026-09-22T14:00:00Z","2026-09-22T15:00:00Z","36.965327"
"2026-09-18T20:19:01Z","2026-09-22T15:00:00Z","2026-09-22T16:00:00Z","38.413557"
"2026-09-18T20:19:01Z","2026-09-22T16:00:00Z","2026-09-22T17:00:00Z","41.28705"
"2026-09-18T20:19:01Z","2026-09-22T17:00:00Z","2026-09-22T18:00:00Z","45.230115"
"2026-09-18T20:19:01Z","2026-09-22T18:00:00Z","2026-09-22T19:00:00Z","49.390712"
"2026-09-18T20:19:01Z","2026-09-22T19:00:00Z","2026-09-22T20:00:00Z","56.47383"
"2026-09-18T20:19:01Z","2026-09-22T20:00:00Z","2026-09-22T21:00:00Z","56.47383"
"2026-09-18T20:19:01Z","2026-09-22T21:00:00Z","2026-09-22T22:00:00Z","52.948455"
"2026-09-19T10:13:33Z","2026-09-19T22:00:00Z","2026-09-19T23:00:00Z","30.11533"
"2026-09-19T10:13:33Z","2026-09-19T23:00:00Z","2026-09-20T00:00:00Z","29.886612"
"2026-09-19T10:13:33Z","2026-09-20T00:00:00Z","2026-09-20T01:00:00Z","24.889445"
"2026-09-19T10:13:33Z","2026-09-20T01:00:00Z","2026-09-20T02:00:00Z","22.753157"
"2026-09-19T10:13:33Z","2026-09-20T02:00:00Z","2026-09-20T03:00:00Z","21.520912"
"2026-09-19T10:13:33Z","2026-09-20T03:00:00Z","2026-09-20T04:00:00Z","20.42992"
"2026-09-19T10:13:33Z","2026-09-20T04:00:00Z","2026-09-20T05:00:00Z","19.9801"
"2026-09-19T10:13:33Z","2026-09-20T05:00:00Z","2026-09-20T06:00:00Z","20.495965"
"2026-09-19T10:13:33Z","2026-09-20T06:00:00Z","2026-09-20T07:00:00Z","20.706357"
"2026-09-19T10:13:33Z","2026-09-20T07:00:00Z","2026-09-20T08:00:00Z","20.19787"
"2026-09-19T10:13:33Z","2026-09-20T08:00:00Z","2026-09-20T09:00:00Z","18.89482"
"2026-09-19T10:13:33Z","2026-09-20T09:00:00Z","2026-09-20T10:00:00Z","20.354355"
"2026-09-19T10:13:33Z","2026-09-20T10:00:00Z","2026-09-20T11:00:00Z","20.769427"
"2026-09-19T10:13:33Z","2026-09-20T11:00:00Z","2026-09-20T12:00:00Z","20.281408"
"2026-09-19T10:13:33Z","2026-09-20T12:00:00Z","2026-09-20T13:00:00Z","20.096958"
"2026-09-19T10:13:33Z","2026-09-20T13:00:00Z","2026-09-20T14:00:00Z","19.587043"
"2026-09-19T10:13:33Z","2026-09-20T14:00:00Z","2026-09-20T15:00:00Z","19.292518"
"2026-09-19T10:13:33Z","2026-09-20T15:00:00Z","2026-09-20T16:00:00Z","19.81707"
"2026-09-19T10:13:33Z","2026-09-20T16:00:00Z","2026-09-20T17:00:00Z","20.396243"
"2026-09-19T10:13:33Z","2026-09-20T17:00:00Z","2026-09-20T18:00:00Z","21.045745"
"2026-09-19T10:13:33Z","2026-09-20T18:00:00Z","2026-09-20T19:00:00Z","24.816617"
"2026-09-19T10:13:33Z","2026-09-20T19:00:00Z","2026-09-20T20:00:00Z","31.016517"
"2026-09-19T10:13:33Z","2026-09-20T20:00:00Z","2026-09-20T21:00:00Z","33.76149"
"2026-09-19T10:13:33Z","2026-09-20T21:00:00Z","2026-09-20T22:00:00Z","32.4751"
"2026-09-19T10:13:33Z","2026-09-20T22:00:00Z","2026-09-20T23:00:00Z","30.144247"
"2026-09-19T10:13:33Z","2026-09-20T23:00:00Z","2026-09-21T00:00:00Z","29.220807"
"2026-09-19T10:13:33Z","2026-09-21T00:00:00Z","2026-09-21T01:00:00Z","30.161502"
"2026-09-19T10:13:33Z","2026-09-21T01:00:00Z","2026-09-21T02:00:00Z","30.485777"
"2026-09-19T10:13:33Z","2026-09-21T02:00:00Z","2026-09-21T03:00:00Z","30.339645"
"2026-09-19T10:13:33Z","2026-09-21T03:00:00Z","2026-09-21T04:00:00Z","30.866815"
"2026-09-19T10:13:33Z","2026-09-21T04:00:00Z","2026-09-21T05:00:00Z","31.942337"
"2026-09-19T10:13:33Z","2026-09-21T05:00:00Z","2026-09-21T06:00:00Z","34.552245"
"2026-09-19T10:13:33Z","2026-09-21T06:00:00Z","2026-09-21T07:00:00Z","38.492335"
"2026-09-19T10:13:33Z","2026-09-21T07:00:00Z","2026-09-21T08:00:00Z","42.506205"
"2026-09-19T10:13:33Z","2026-09-21T08:00:00Z","2026-09-21T09:00:00Z","43.315405"
"2026-09-19T10:13:33Z","2026-09-21T09:00:00Z","2026-09-21T10:00:00Z","39.398282"
"2026-09-19T10:13:33Z","2026-09-21T10:00:00Z","2026-09-21T11:00:00Z","33.850502"
"2026-09-19T10:13:33Z","2026-09-21T11:00:00Z","2026-09-21T12:00:00Z","27.420337"
"2026-09-19T10:13:33Z","2026-09-21T12:00:00Z","2026-09-21T13:00:00Z","22.588342"
"2026-09-19T10:13:33Z","2026-09-21T13:00:00Z","2026-09-21T14:00:00Z","21.15225"
"2026-09-19T10:13:33Z","2026-09-21T14:00:00Z","2026-09-21T15:00:00Z","20.991005"
"2026-09-19T10:13:33Z","2026-09-21T15:00:00Z","2026-09-21T16:00:00Z","22.92535"
"2026-09-19T10:13:33Z","2026-09-21T16:00:00Z","2026-09-21T17:00:00Z","28.898555"
"2026-09-19T10:13:33Z","2026-09-21T17:00:00Z","2026-09-21T18:00:00Z","36.369375"
"2026-09-19T10:13:33Z","2026-09-21T18:00:00Z","2026-09-21T19:00:00Z","42.485142"
"2026-09-19T10:13:33Z","2026-09-21T19:00:00Z","2026-09-21T20:00:00Z","46.270175"
"2026-09-19T10:13:33Z","2026-09-21T20:00:00Z","2026-09-21T21:00:00Z","48.37707"
"2026-09-19T10:13:33Z","2026-09-21T21:00:00Z","2026-09-21T22:00:00Z","47.724355"
"2026-09-19T10:13:33Z","2026-09-21T22:00:00Z","2026-09-21T23:00:00Z","46.26482"
"2026-09-19T10:13:33Z","2026-09-21T23:00:00Z","2026-09-22T00:00:00Z","44.195767"
"2026-09-19T10:13:33Z","2026-09-22T00:00:00Z","2026-09-22T01:00:00Z","43.92409"
"2026-09-19T10:13:33Z","2026-09-22T01:00:00Z","2026-09-22T02:00:00Z","43.44452"
"2026-09-19T10:13:33Z","2026-09-22T02:00:00Z","2026-09-22T03:00:00Z","42.788592"
"2026-09-19T10:13:33Z","2026-09-22T03:00:00Z","2026-09-22T04:00:00Z","42.972447"
"2026-09-19T10:13:33Z","2026-09-22T04:00:00Z","2026-09-22T05:00:00Z","44.082122"
"2026-09-19T10:13:33Z","2026-09-22T05:00:00Z","2026-09-22T06:00:00Z","45.537135"
"2026-09-19T10:13:33Z","2026-09-22T06:00:00Z","2026-09-22T07:00:00Z","48.161442"
"2026-09-19T10:13:33Z","2026-09-22T07:00:00Z","2026-09-22T08:00:00Z","53.603312"
"2026-09-19T10:13:33Z","2026-09-22T08:00:00Z","2026-09-22T09:00:00Z","51.421447"
"2026-09-19T10:13:33Z","2026-09-22T09:00:00Z","2026-09-22T10:00:00Z","47.79516"
"2026-09-19T10:13:33Z","2026-09-22T10:00:00Z","2026-09-22T11:00:00Z","43.494262"
"2026-09-19T10:13:33Z","2026-09-22T11:00:00Z","2026-09-22T12:00:00Z","39.996257"
"2026-09-19T10:13:33Z","2026-09-22T12:00:00Z","2026-09-22T13:00:00Z","36.76743"
"2026-09-19T10:13:33Z","2026-09-22T13:00:00Z","2026-09-22T14:00:00Z","35.506387"
"2026-09-19T10:13:33Z","2026-09-22T14:00:00Z","2026-09-22T15:00:00Z","36.616895"
"2026-09-19T10:13:33Z","2026-09-22T15:00:00Z","2026-09-22T16:00:00Z","39.281067"
"2026-09-19T10:13:33Z","2026-09-22T16:00:00Z","2026-09-22T17:00:00Z","41.918702"
"2026-09-19T10:13:33Z","2026-09-22T17:00:00Z","2026-09-22T18:00:00Z","46.259465"
"2026-09-19T10:13:33Z","2026-09-22T18:00:00Z","2026-09-22T19:00:00Z","50.633667"
"2026-09-19T10:13:33Z","2026-09-22T19:00:00Z","2026-09-22T20:00:00Z","56.47383"
"2026-09-19T10:13:33Z","2026-09-22T20:00:00Z","2026-09-22T21:00:00Z","56.47383"
"2026-09-19T10:13:33Z","2026-09-22T21:00:00Z","2026-09-22T22:00:00Z","56.47383"
"2026-09-19T10:13:33Z","2026-09-22T22:00:00Z","2026-09-22T23:00:00Z","50.206457"
"2026-09-19T10:13:33Z","2026-09-22T23:00:00Z","2026-09-23T00:00:00Z","47.59167"
"2026-09-19T10:13:33Z","2026-09-23T00:00:00Z","2026-09-23T01:00:00Z","47.032965"
"2026-09-19T10:13:33Z","2026-09-23T01:00:00Z","2026-09-23T02:00:00Z","45.68172"
"2026-09-19T10:13:33Z","2026-09-23T02:00:00Z","2026-09-23T03:00:00Z","44.680097"
"2026-09-19T10:13:33Z","2026-09-23T03:00:00Z","2026-09-23T04:00:00Z","43.88482"
"2026-09-19T10:13:33Z","2026-09-23T04:00:00Z","2026-09-23T05:00:00Z","43.780457"
"2026-09-19T10:13:33Z","2026-09-23T05:00:00Z","2026-09-23T06:00:00Z","45.181682"
"2026-09-19T10:13:33Z","2026-09-23T06:00:00Z","2026-09-23T07:00:00Z","47.559302"
"2026-09-19T10:13:33Z","2026-09-23T07:00:00Z","2026-09-23T08:00:00Z","49.079765"
"2026-09-19T10:13:33Z","2026-09-23T08:00:00Z","2026-09-23T09:00:00Z","49.142002"
"2026-09-19T10:13:33Z","2026-09-23T09:00:00Z","2026-09-23T10:00:00Z","46.720352"
"2026-09-19T10:13:33Z","2026-09-23T10:00:00Z","2026-09-23T11:00:00Z","41.99748"
"2026-09-19T10:13:33Z","2026-09-23T11:00:00Z","2026-09-23T12:00:00Z","38.333827"
"2026-09-19T10:13:33Z","2026-09-23T12:00:00Z","2026-09-23T13:00:00Z","35.589687"
"2026-09-19T10:13:33Z","2026-09-23T13:00:00Z","2026-09-23T14:00:00Z","32.166652"
"2026-09-19T10:13:33Z","2026-09-23T14:00:00Z","2026-09-23T15:00:00Z","31.920917"
"2026-09-19T10:13:33Z","2026-09-23T15:00:00Z","2026-09-23T16:00:00Z","35.48104"
"2026-09-19T10:13:33Z","2026-09-23T16:00:00Z","2026-09-23T17:00:00Z","39.535965"
"2026-09-19T10:13:33Z","2026-09-23T17:00:00Z","2026-09-23T18:00:00Z","44.007747"
"2026-09-19T10:13:33Z","2026-09-23T18:00:00Z","2026-09-23T19:00:00Z","50.09781"
"2026-09-19T10:13:33Z","2026-09-23T19:00:00Z","2026-09-23T20:00:00Z","53.82132"
"2026-09-19T10:13:33Z","2026-09-23T20:00:00Z","2026-09-23T21:00:00Z","51.504747"
"2026-09-19T10:13:33Z","2026-09-23T21:00:00Z","2026-09-23T22:00:00Z","48.520822"
"2026-09-20T10:31:52Z","2026-09-20T22:00:00Z","2026-09-20T23:00:00Z","29.011605"
"2026-09-20T10:31:52Z","2026-09-20T23:00:00Z","2026-09-21T00:00:00Z","27.653577"
"2026-09-20T10:31:52Z","2026-09-21T00:00:00Z","2026-09-21T01:00:00Z","25.18635"
"2026-09-20T10:31:52Z","2026-09-21T01:00:00Z","2026-09-21T02:00:00Z","25.026057"
"2026-09-20T10:31:52Z","2026-09-21T02:00:00Z","2026-09-21T03:00:00Z","25.759692"
"2026-09-20T10:31:52Z","2026-09-21T03:00:00Z","2026-09-21T04:00:00Z","26.205347"
"2026-09-20T10:31:52Z","2026-09-21T04:00:00Z","2026-09-21T05:00:00Z","27.948102"
"2026-09-20T10:31:52Z","2026-09-21T05:00:00Z","2026-09-21T06:00:00Z","30.0951"
"2026-09-20T10:31:52Z","2026-09-21T06:00:00Z","2026-09-21T07:00:00Z","34.536775"
"2026-09-20T10:31:52Z","2026-09-21T07:00:00Z","2026-09-21T08:00:00Z","39.580947"
"2026-09-20T10:31:52Z","2026-09-21T08:00:00Z","2026-09-21T09:00:00Z","39.990545"
"2026-09-20T10:31:52Z","2026-09-21T09:00:00Z","2026-09-21T10:00:00Z","36.295"
"2026-09-20T10:31:52Z","2026-09-21T10:00:00Z","2026-09-21T11:00:00Z","29.36206"
"2026-09-20T10:31:52Z","2026-09-21T11:00:00Z","2026-09-21T12:00:00Z","25.10662"
"2026-09-20T10:31:52Z","2026-09-21T12:00:00Z","2026-09-21T13:00:00Z","24.231137"
"2026-09-20T10:31:52Z","2026-09-21T13:00:00Z","2026-09-21T14:00:00Z","22.303575"
"2026-09-20T10:31:52Z","2026-09-21T14:00:00Z","2026-09-21T15:00:00Z","23.066365"
"2026-09-20T10:31:52Z","2026-09-21T15:00:00Z","2026-09-21T16:00:00Z","24.403092"
"2026-09-20T10:31:52Z","2026-09-21T16:00:00Z","2026-09-21T17:00:00Z","26.973135"
"2026-09-20T10:31:52Z","2026-09-21T17:00:00Z","2026-09-21T18:00:00Z","33.956412"
"2026-09-20T10:31:52Z","2026-09-21T18:00:00Z","2026-09-21T19:00:00Z","40.80391"
"2026-09-20T10:31:52Z","2026-09-21T19:00:00Z","2026-09-21T20:00:00Z","45.487512"
"2026-09-20T10:31:52Z","2026-09-21T20:00:00Z","2026-09-21T21:00:00Z","47.208252"
"2026-09-20T10:31:52Z","2026-09-21T21:00:00Z","2026-09-21T22:00:00Z","46.439512"
"2026-09-20T10:31:52Z","2026-09-21T22:00:00Z","2026-09-21T23:00:00Z","44.370697"
"2026-09-20T10:31:52Z","2026-09-21T23:00:00Z","2026-09-22T00:00:00Z","42.82096"
"2026-09-20T10:31:52Z","2026-09-22T00:00:00Z","2026-09-22T01:00:00Z","40.350877"
"2026-09-20T10:31:52Z","2026-09-22T01:00:00Z","2026-09-22T02:00:00Z","39.638067"
"2026-09-20T10:31:52Z","2026-09-22T02:00:00Z","2026-09-22T03:00:00Z","39.907602"
"2026-09-20T10:31:52Z","2026-09-22T03:00:00Z","2026-09-22T04:00:00Z","40.0435"
"2026-09-20T10:31:52Z","2026-09-22T04:00:00Z","2026-09-22T05:00:00Z","40.898872"
"2026-09-20T10:31:52Z","2026-09-22T05:00:00Z","2026-09-22T06:00:00Z","42.732662"
"2026-09-20T10:31:52Z","2026-09-22T06:00:00Z","2026-09-22T07:00:00Z","46.360972"
"2026-09-20T10:31:52Z","2026-09-22T07:00:00Z","2026-09-22T08:00:00Z","56.47383"
"2026-09-20T10:31:52Z","2026-09-22T08:00:00Z","2026-09-22T09:00:00Z","56.47383"
"2026-09-20T10:31:52Z","2026-09-22T09:00:00Z","2026-09-22T10:00:00Z","50.57024"
"2026-09-20T10:31:52Z","2026-09-22T10:00:00Z","2026-09-22T11:00:00Z","43.334445"
"2026-09-20T10:31:52Z","2026-09-22T11:00:00Z","2026-09-22T12:00:00Z","39.121607"
"2026-09-20T10:31:52Z","2026-09-22T12:00:00Z","2026-09-22T13:00:00Z","36.13435"
"2026-09-20T10:31:52Z","2026-09-22T13:00:00Z","2026-09-22T14:00:00Z","33.51159"
"2026-09-20T10:31:52Z","2026-09-22T14:00:00Z","2026-09-22T15:00:00Z","34.349707"
"2026-09-20T10:31:52Z","2026-09-22T15:00:00Z","2026-09-22T16:00:00Z","37.474052"
"2026-09-20T10:31:52Z","2026-09-22T16:00:00Z","2026-09-22T17:00:00Z","40.910772"
"2026-09-20T10:31:52Z","2026-09-22T17:00:00Z","2026-09-22T18:00:00Z","45.393145"
"2026-09-20T10:31:52Z","2026-09-22T18:00:00Z","2026-09-22T19:00:00Z","52.02918"
"2026-09-20T10:31:52Z","2026-09-22T19:00:00Z","2026-09-22T20:00:00Z","56.47383"
"2026-09-20T10:31:52Z","2026-09-22T20:00:00Z","2026-09-22T21:00:00Z","56.47383"
"2026-09-20T10:31:52Z","2026-09-22T21:00:00Z","2026-09-22T22:00:00Z","56.47383"
"2026-09-20T10:31:52Z","2026-09-22T22:00:00Z","2026-09-22T23:00:00Z","56.04186"
"2026-09-20T10:31:52Z","2026-09-22T23:00:00Z","2026-09-23T00:00:00Z","47.923442"
"2026-09-20T10:31:52Z","2026-09-23T00:00:00Z","2026-09-23T01:00:00Z","44.804452"
"2026-09-20T10:31:52Z","2026-09-23T01:00:00Z","2026-09-23T02:00:00Z","43.291367"
"2026-09-20T10:31:52Z","2026-09-23T02:00:00Z","2026-09-23T03:00:00Z","42.605927"
"2026-09-20T10:31:52Z","2026-09-23T03:00:00Z","2026-09-23T04:00:00Z","42.732067"
"2026-09-20T10:31:52Z","2026-09-23T04:00:00Z","2026-09-23T05:00:00Z","43.087877"
"2026-09-20T10:31:52Z","2026-09-23T05:00:00Z","2026-09-23T06:00:00Z","44.719367"
"2026-09-20T10:31:52Z","2026-09-23T06:00:00Z","2026-09-23T07:00:00Z","51.046835"
"2026-09-20T10:31:52Z","2026-09-23T07:00:00Z","2026-09-23T08:00:00Z","56.47383"
"2026-09-20T10:31:52Z","2026-09-23T08:00:00Z","2026-09-23T09:00:00Z","54.430362"
"2026-09-20T10:31:52Z","2026-09-23T09:00:00Z","2026-09-23T10:00:00Z","48.875442"
"2026-09-20T10:31:52Z","2026-09-23T10:00:00Z","2026-09-23T11:00:00Z","43.978235"
"2026-09-20T10:31:52Z","2026-09-23T11:00:00Z","2026-09-23T12:00:00Z","40.029577"
"2026-09-20T10:31:52Z","2026-09-23T12:00:00Z","2026-09-23T13:00:00Z","36.537522"
"2026-09-20T10:31:52Z","2026-09-23T13:00:00Z","2026-09-23T14:00:00Z","30.50089"
"2026-09-20T10:31:52Z","2026-09-23T14:00:00Z","2026-09-23T15:00:00Z","30.10343"
"2026-09-20T10:31:52Z","2026-09-23T15:00:00Z","2026-09-23T16:00:00Z","34.993497"
"2026-09-20T10:31:52Z","2026-09-23T16:00:00Z","2026-09-23T17:00:00Z","40.116447"
"2026-09-20T10:31:52Z","2026-09-23T17:00:00Z","2026-09-23T18:00:00Z","45.411352"
"2026-09-20T10:31:52Z","2026-09-23T18:00:00Z","2026-09-23T19:00:00Z","51.144177"
"2026-09-20T10:31:52Z","2026-09-23T19:00:00Z","2026-09-23T20:00:00Z","56.47383"
"2026-09-20T10:31:52Z","2026-09-23T20:00:00Z","2026-09-23T21:00:00Z","56.47383"
"2026-09-20T10:31:52Z","2026-09-23T21:00:00Z","2026-09-23T22:00:00Z","51.046002"
"2026-09-20T10:31:52Z","2026-09-23T22:00:00Z","2026-09-23T23:00:00Z","46.484137"
"2026-09-20T10:31:52Z","2026-09-23T23:00:00Z","2026-09-24T00:00:00Z","42.050435"
"2026-09-20T10:31:52Z","2026-09-24T00:00:00Z","2026-09-24T01:00:00Z","43.91338"
"2026-09-20T10:31:52Z","2026-09-24T01:00:00Z","2026-09-24T02:00:00Z","43.230677"
"2026-09-20T10:31:52Z","2026-09-24T02:00:00Z","2026-09-24T03:00:00Z","42.176337"
"2026-09-20T10:31:52Z","2026-09-24T03:00:00Z","2026-09-24T04:00:00Z","42.12957"
"2026-09-20T10:31:52Z","2026-09-24T04:00:00Z","2026-09-24T05:00:00Z","42.242977"
"2026-09-20T10:31:52Z","2026-09-24T05:00:00Z","2026-09-24T06:00:00Z","43.311002"
"2026-09-20T10:31:52Z","2026-09-24T06:00:00Z","2026-09-24T07:00:00Z","45.630312"
"2026-09-20T10:31:52Z","2026-09-24T07:00:00Z","2026-09-24T08:00:00Z","48.491072"
"2026-09-20T10:31:52Z","2026-09-24T08:00:00Z","2026-09-24T09:00:00Z","48.408962"
"2026-09-20T10:31:52Z","2026-09-24T09:00:00Z","2026-09-24T10:00:00Z","45.757285"
"2026-09-20T10:31:52Z","2026-09-24T10:00:00Z","2026-09-24T11:00:00Z","41.47269"
"2026-09-20T10:31:52Z","2026-09-24T11:00:00Z","2026-09-24T12:00:00Z","37.92768"
"2026-09-20T10:31:52Z","2026-09-24T12:00:00Z","2026-09-24T13:00:00Z","35.98798"
"2026-09-20T10:31:52Z","2026-09-24T13:00:00Z","2026-09-24T14:00:00Z","33.038327"
"2026-09-20T10:31:52Z","2026-09-24T14:00:00Z","2026-09-24T15:00:00Z","33.91381"
"2026-09-20T10:31:52Z","2026-09-24T15:00:00Z","2026-09-24T16:00:00Z","37.297932"
"2026-09-20T10:31:52Z","2026-09-24T16:00:00Z","2026-09-24T17:00:00Z","40.230092"
"2026-09-20T10:31:52Z","2026-09-24T17:00:00Z","2026-09-24T18:00:00Z","44.109492"
"2026-09-20T10:31:52Z","2026-09-24T18:00:00Z","2026-09-24T19:00:00Z","47.995675"
"2026-09-20T10:31:52Z","2026-09-24T19:00:00Z","2026-09-24T20:00:00Z","53.181457"
"2026-09-20T10:31:52Z","2026-09-24T20:00:00Z","2026-09-24T21:00:00Z","52.431162"
"2026-09-20T10:31:52Z","2026-09-24T21:00:00Z","2026-09-24T22:00:00Z","50.165997"
"2026-09-20T20:13:56Z","2026-09-21T22:00:00Z","2026-09-21T23:00:00Z","45.207505"
"2026-09-20T20:13:56Z","2026-09-21T23:00:00Z","2026-09-22T00:00:00Z","43.172367"
"2026-09-20T20:13:56Z","2026-09-22T00:00:00Z","2026-09-22T01:00:00Z","40.479992"
"2026-09-20T20:13:56Z","2026-09-22T01:00:00Z","2026-09-22T02:00:00Z","40.11252"
"2026-09-20T20:13:56Z","2026-09-22T02:00:00Z","2026-09-22T03:00:00Z","39.646397"
"2026-09-20T20:13:56Z","2026-09-22T03:00:00Z","2026-09-22T04:00:00Z","39.654727"
"2026-09-20T20:13:56Z","2026-09-22T04:00:00Z","2026-09-22T05:00:00Z","40.384435"
"2026-09-20T20:13:56Z","2026-09-22T05:00:00Z","2026-09-22T06:00:00Z","42.174195"
"2026-09-20T20:13:56Z","2026-09-22T06:00:00Z","2026-09-22T07:00:00Z","46.134515"
"2026-09-20T20:13:56Z","2026-09-22T07:00:00Z","2026-09-22T08:00:00Z","56.47383"
"2026-09-20T20:13:56Z","2026-09-22T08:00:00Z","2026-09-22T09:00:00Z","56.47383"
"2026-09-20T20:13:56Z","2026-09-22T09:00:00Z","2026-09-22T10:00:00Z","50.45243"
"2026-09-20T20:13:56Z","2026-09-22T10:00:00Z","2026-09-22T11:00:00Z","42.21525"
"2026-09-20T20:13:56Z","2026-09-22T11:00:00Z","2026-09-22T12:00:00Z","38.579562"
"2026-09-20T20:13:56Z","2026-09-22T12:00:00Z","2026-09-22T13:00:00Z","35.769377"
"2026-09-20T20:13:56Z","2026-09-22T13:00:00Z","2026-09-22T14:00:00Z","33.51992"
"2026-09-20T20:13:56Z","2026-09-22T14:00:00Z","2026-09-22T15:00:00Z","33.913215"
"2026-09-20T20:13:56Z","2026-09-22T15:00:00Z","2026-09-22T16:00:00Z","36.451842"
"2026-09-20T20:13:56Z","2026-09-22T16:00:00Z","2026-09-22T17:00:00Z","39.496695"
"2026-09-20T20:13:56Z","2026-09-22T17:00:00Z","2026-09-22T18:00:00Z","44.312982"
"2026-09-20T20:13:56Z","2026-09-22T18:00:00Z","2026-09-22T19:00:00Z","50.65354"
"2026-09-20T20:13:56Z","2026-09-22T19:00:00Z","2026-09-22T20:00:00Z","56.47383"
"2026-09-20T20:13:56Z","2026-09-22T20:00:00Z","2026-09-22T21:00:00Z","56.47383"
"2026-09-20T20:13:56Z","2026-09-22T21:00:00Z","2026-09-22T22:00:00Z","56.47383"
"2026-09-20T20:13:56Z","2026-09-22T22:00:00Z","2026-09-22T23:00:00Z","56.47383"
"2026-09-20T20:13:56Z","2026-09-22T23:00:00Z","2026-09-23T00:00:00Z","49.13986"
"2026-09-20T20:13:56Z","2026-09-23T00:00:00Z","2026-09-23T01:00:00Z","44.890965"
"2026-09-20T20:13:56Z","2026-09-23T01:00:00Z","2026-09-23T02:00:00Z","42.99827"
"2026-09-20T20:13:56Z","2026-09-23T02:00:00Z","2026-09-23T03:00:00Z","42.502992"
"2026-09-20T20:13:56Z","2026-09-23T03:00:00Z","2026-09-23T04:00:00Z","42.242977"
"2026-09-20T20:13:56Z","2026-09-23T04:00:00Z","2026-09-23T05:00:00Z","42.364"
"2026-09-20T20:13:56Z","2026-09-23T05:00:00Z","2026-09-23T06:00:00Z","44.512307"
"2026-09-20T20:13:56Z","2026-09-23T06:00:00Z","2026-09-23T07:00:00Z","50.436127"
"2026-09-20T20:13:56Z","2026-09-23T07:00:00Z","2026-09-23T08:00:00Z","56.47383"
"2026-09-20T20:13:56Z","2026-09-23T08:00:00Z","2026-09-23T09:00:00Z","56.47383"
"2026-09-20T20:13:56Z","2026-09-23T09:00:00Z","2026-09-23T10:00:00Z","51.241757"
"2026-09-20T20:13:56Z","2026-09-23T10:00:00Z","2026-09-23T11:00:00Z","44.606912"
"2026-09-20T20:13:56Z","2026-09-23T11:00:00Z","2026-09-23T12:00:00Z","39.990307"
"2026-09-20T20:13:56Z","2026-09-23T12:00:00Z","2026-09-23T13:00:00Z","36.802892"
"2026-09-20T20:13:56Z","2026-09-23T13:00:00Z","2026-09-23T14:00:00Z","34.29461"
"2026-09-20T20:13:56Z","2026-09-23T14:00:00Z","2026-09-23T15:00:00Z","34.72777"
"2026-09-20T20:13:56Z","2026-09-23T15:00:00Z","2026-09-23T16:00:00Z","37.587935"
"2026-09-20T20:13:56Z","2026-09-23T16:00:00Z","2026-09-23T17:00:00Z","40.67896"
"2026-09-20T20:13:56Z","2026-09-23T17:00:00Z","2026-09-23T18:00:00Z","45.33186"
"2026-09-20T20:13:56Z","2026-09-23T18:00:00Z","2026-09-23T19:00:00Z","50.21324"
"2026-09-20T20:13:56Z","2026-09-23T19:00:00Z","2026-09-23T20:00:00Z","55.907747"
"2026-09-20T20:13:56Z","2026-09-23T20:00:00Z","2026-09-23T21:00:00Z","56.47383"
"2026-09-20T20:13:56Z","2026-09-23T21:00:00Z","2026-09-23T22:00:00Z","52.237192"
"2026-09-20T20:13:56Z","2026-09-23T22:00:00Z","2026-09-23T23:00:00Z","47.951645"
"2026-09-20T20:13:56Z","2026-09-23T23:00:00Z","2026-09-24T00:00:00Z","44.516472"
"2026-09-20T20:13:56Z","2026-09-24T00:00:00Z","2026-09-24T01:00:00Z","43.768795"
"2026-09-20T20:13:56Z","2026-09-24T01:00:00Z","2026-09-24T02:00:00Z","42.49847"
"2026-09-20T20:13:56Z","2026-09-24T02:00:00Z","2026-09-24T03:00:00Z","41.104147"
"2026-09-20T20:13:56Z","2026-09-24T03:00:00Z","2026-09-24T04:00:00Z","40.378247"
"2026-09-20T20:13:56Z","2026-09-24T04:00:00Z","2026-09-24T05:00:00Z","40.361825"
"2026-09-20T20:13:56Z","2026-09-24T05:00:00Z","2026-09-24T06:00:00Z","42.062692"
"2026-09-20T20:13:56Z","2026-09-24T06:00:00Z","2026-09-24T07:00:00Z","45.360777"
"2026-09-20T20:13:56Z","2026-09-24T07:00:00Z","2026-09-24T08:00:00Z","49.385"
"2026-09-20T20:13:56Z","2026-09-24T08:00:00Z","2026-09-24T09:00:00Z","49.410347"
"2026-09-20T20:13:56Z","2026-09-24T09:00:00Z","2026-09-24T10:00:00Z","46.002187"
"2026-09-20T20:13:56Z","2026-09-24T10:00:00Z","2026-09-24T11:00:00Z","41.424495"
"2026-09-20T20:13:56Z","2026-09-24T11:00:00Z","2026-09-24T12:00:00Z","38.228155"
"2026-09-20T20:13:56Z","2026-09-24T12:00:00Z","2026-09-24T13:00:00Z","34.57664"
"2026-09-20T20:13:56Z","2026-09-24T13:00:00Z","2026-09-24T14:00:00Z","32.055982"
"2026-09-20T20:13:56Z","2026-09-24T14:00:00Z","2026-09-24T15:00:00Z","31.895927"
"2026-09-20T20:13:56Z","2026-09-24T15:00:00Z","2026-09-24T16:00:00Z","34.867357"
"2026-09-20T20:13:56Z","2026-09-24T16:00:00Z","2026-09-24T17:00:00Z","39.152547"
"2026-09-20T20:13:56Z","2026-09-24T17:00:00Z","2026-09-24T18:00:00Z","44.45483"
"2026-09-20T20:13:56Z","2026-09-24T18:00:00Z","2026-09-24T19:00:00Z","48.97921"
"2026-09-20T20:13:56Z","2026-09-24T19:00:00Z","2026-09-24T20:00:00Z","52.618825"
"2026-09-20T20:13:56Z","2026-09-24T20:00:00Z","2026-09-24T21:00:00Z","52.8241"
"2026-09-20T20:13:56Z","2026-09-24T21:00:00Z","2026-09-24T22:00:00Z","50.830612"
"2026-09-21T11:51:04Z","2026-09-21T22:00:00Z","2026-09-21T23:00:00Z","45.207505"
"2026-09-21T11:51:04Z","2026-09-21T23:00:00Z","2026-09-22T00:00:00Z","43.172367"
"2026-09-21T11:51:04Z","2026-09-22T00:00:00Z","2026-09-22T01:00:00Z","42.129332"
"2026-09-21T11:51:04Z","2026-09-22T01:00:00Z","2026-09-22T02:00:00Z","41.66904"
"2026-09-21T11:51:04Z","2026-09-22T02:00:00Z","2026-09-22T03:00:00Z","41.185067"
"2026-09-21T11:51:04Z","2026-09-22T03:00:00Z","2026-09-22T04:00:00Z","40.704545"
"2026-09-21T11:51:04Z","2026-09-22T04:00:00Z","2026-09-22T05:00:00Z","40.770352"
"2026-09-21T11:51:04Z","2026-09-22T05:00:00Z","2026-09-22T06:00:00Z","42.197757"
"2026-09-21T11:51:04Z","2026-09-22T06:00:00Z","2026-09-22T07:00:00Z","47.318565"
"2026-09-21T11:51:04Z","2026-09-22T07:00:00Z","2026-09-22T08:00:00Z","56.47383"
"2026-09-21T11:51:04Z","2026-09-22T08:00:00Z","2026-09-22T09:00:00Z","56.47383"
"2026-09-21T11:51:04Z","2026-09-22T09:00:00Z","2026-09-22T10:00:00Z","49.482342"
"2026-09-21T11:51:04Z","2026-09-22T10:00:00Z","2026-09-22T11:00:00Z","41.98677"
"2026-09-21T11:51:04Z","2026-09-22T11:00:00Z","2026-09-22T12:00:00Z","37.944935"
"2026-09-21T11:51:04Z","2026-09-22T12:00:00Z","2026-09-22T13:00:00Z","35.658112"
"2026-09-21T11:51:04Z","2026-09-22T13:00:00Z","2026-09-22T14:00:00Z","35.75236"
"2026-09-21T11:51:04Z","2026-09-22T14:00:00Z","2026-09-22T15:00:00Z","36.20337"
"2026-09-21T11:51:04Z","2026-09-22T15:00:00Z","2026-09-22T16:00:00Z","37.860802"
"2026-09-21T11:51:04Z","2026-09-22T16:00:00Z","2026-09-22T17:00:00Z","40.749527"
"2026-09-21T11:51:04Z","2026-09-22T17:00:00Z","2026-09-22T18:00:00Z","45.896277"
"2026-09-21T11:51:04Z","2026-09-22T18:00:00Z","2026-09-22T19:00:00Z","55.147575"
"2026-09-21T11:51:04Z","2026-09-22T19:00:00Z","2026-09-22T20:00:00Z","56.47383"
"2026-09-21T11:51:04Z","2026-09-22T20:00:00Z","2026-09-22T21:00:00Z","56.47383"
"2026-09-21T11:51:04Z","2026-09-22T21:00:00Z","2026-09-22T22:00:00Z","56.47383"
"2026-09-21T11:51:04Z","2026-09-22T22:00:00Z","2026-09-22T23:00:00Z","54.532702"
"2026-09-21T11:51:04Z","2026-09-22T23:00:00Z","2026-09-23T00:00:00Z","47.691392"
"2026-09-21T11:51:04Z","2026-09-23T00:00:00Z","2026-09-23T01:00:00Z","45.855222"
"2026-09-21T11:51:04Z","2026-09-23T01:00:00Z","2026-09-23T02:00:00Z","44.059512"
"2026-09-21T11:51:04Z","2026-09-23T02:00:00Z","2026-09-23T03:00:00Z","42.859992"
"2026-09-21T11:51:04Z","2026-09-23T03:00:00Z","2026-09-23T04:00:00Z","42.526792"
"2026-09-21T11:51:04Z","2026-09-23T04:00:00Z","2026-09-23T05:00:00Z","43.324092"
"2026-09-21T11:51:04Z","2026-09-23T05:00:00Z","2026-09-23T06:00:00Z","45.026625"
"2026-09-21T11:51:04Z","2026-09-23T06:00:00Z","2026-09-23T07:00:00Z","49.719985"
"2026-09-21T11:51:04Z","2026-09-23T07:00:00Z","2026-09-23T08:00:00Z","56.47383"
"2026-09-21T11:51:04Z","2026-09-23T08:00:00Z","2026-09-23T09:00:00Z","56.47383"
"2026-09-21T11:51:04Z","2026-09-23T09:00:00Z","2026-09-23T10:00:00Z","49.662627"
"2026-09-21T11:51:04Z","2026-09-23T10:00:00Z","2026-09-23T11:00:00Z","41.17638"
"2026-09-21T11:51:04Z","2026-09-23T11:00:00Z","2026-09-23T12:00:00Z","36.820385"
"2026-09-21T11:51:04Z","2026-09-23T12:00:00Z","2026-09-23T13:00:00Z","33.557405"
"2026-09-21T11:51:04Z","2026-09-23T13:00:00Z","2026-09-23T14:00:00Z","32.353482"
"2026-09-21T11:51:04Z","2026-09-23T14:00:00Z","2026-09-23T15:00:00Z","33.204927"
"2026-09-21T11:51:04Z","2026-09-23T15:00:00Z","2026-09-23T16:00:00Z","35.516145"
"2026-09-21T11:51:04Z","2026-09-23T16:00:00Z","2026-09-23T17:00:00Z","39.69126"
"2026-09-21T11:51:04Z","2026-09-23T17:00:00Z","2026-09-23T18:00:00Z","44.818137"
"2026-09-21T11:51:04Z","2026-09-23T18:00:00Z","2026-09-23T19:00:00Z","50.15612"
"2026-09-21T11:51:04Z","2026-09-23T19:00:00Z","2026-09-23T20:00:00Z","56.47383"
"2026-09-21T11:51:04Z","2026-09-23T20:00:00Z","2026-09-23T21:00:00Z","56.47383"
"2026-09-21T11:51:04Z","2026-09-23T21:00:00Z","2026-09-23T22:00:00Z","52.971065"
"2026-09-21T11:51:04Z","2026-09-23T22:00:00Z","2026-09-23T23:00:00Z","48.029947"
"2026-09-21T11:51:04Z","2026-09-23T23:00:00Z","2026-09-24T00:00:00Z","44.77375"
"2026-09-21T11:51:04Z","2026-09-24T00:00:00Z","2026-09-24T01:00:00Z","42.518105"
"2026-09-21T11:51:04Z","2026-09-24T01:00:00Z","2026-09-24T02:00:00Z","40.67063"
"2026-09-21T11:51:04Z","2026-09-24T02:00:00Z","2026-09-24T03:00:00Z","38.80114"
"2026-09-21T11:51:04Z","2026-09-24T03:00:00Z","2026-09-24T04:00:00Z","37.073617"
"2026-09-21T11:51:04Z","2026-09-24T04:00:00Z","2026-09-24T05:00:00Z","36.539307"
"2026-09-21T11:51:04Z","2026-09-24T05:00:00Z","2026-09-24T06:00:00Z","38.155565"
"2026-09-21T11:51:04Z","2026-09-24T06:00:00Z","2026-09-24T07:00:00Z","42.179907"
"2026-09-21T11:51:04Z","2026-09-24T07:00:00Z","2026-09-24T08:00:00Z","46.348715"
"2026-09-21T11:51:04Z","2026-09-24T08:00:00Z","2026-09-24T09:00:00Z","47.508727"
"2026-09-21T11:51:04Z","2026-09-24T09:00:00Z","2026-09-24T10:00:00Z","43.866732"
"2026-09-21T11:51:04Z","2026-09-24T10:00:00Z","2026-09-24T11:00:00Z","39.10816"
"2026-09-21T11:51:04Z","2026-09-24T11:00:00Z","2026-09-24T12:00:00Z","34.8551"
"2026-09-21T11:51:04Z","2026-09-24T12:00:00Z","2026-09-24T13:00:00Z","32.166652"
"2026-09-21T11:51:04Z","2026-09-24T13:00:00Z","2026-09-24T14:00:00Z","31.720402"
"2026-09-21T11:51:04Z","2026-09-24T14:00:00Z","2026-09-24T15:00:00Z","32.355267"
"2026-09-21T11:51:04Z","2026-09-24T15:00:00Z","2026-09-24T16:00:00Z","34.052445"
"2026-09-21T11:51:04Z","2026-09-24T16:00:00Z","2026-09-24T17:00:00Z","37.488927"
"2026-09-21T11:51:04Z","2026-09-24T17:00:00Z","2026-09-24T18:00:00Z","42.535122"
"2026-09-21T11:51:04Z","2026-09-24T18:00:00Z","2026-09-24T19:00:00Z","46.766405"
"2026-09-21T11:51:04Z","2026-09-24T19:00:00Z","2026-09-24T20:00:00Z","50.683647"
"2026-09-21T11:51:04Z","2026-09-24T20:00:00Z","2026-09-24T21:00:00Z","52.000977"
"2026-09-21T11:51:04Z","2026-09-24T21:00:00Z","2026-09-24T22:00:00Z","49.366912"
"2026-09-21T11:51:04Z","2026-09-24T22:00:00Z","2026-09-24T23:00:00Z","46.99905"
"2026-09-21T11:51:04Z","2026-09-24T23:00:00Z","2026-09-25T00:00:00Z","45.794532"
"2026-09-21T11:51:04Z","2026-09-25T00:00:00Z","2026-09-25T01:00:00Z","45.339357"
"2026-09-21T11:51:04Z","2026-09-25T01:00:00Z","2026-09-25T02:00:00Z","44.18589"
"2026-09-21T11:51:04Z","2026-09-25T02:00:00Z","2026-09-25T03:00:00Z","43.139047"
"2026-09-21T11:51:04Z","2026-09-25T03:00:00Z","2026-09-25T04:00:00Z","42.397915"
"2026-09-21T11:51:04Z","2026-09-25T04:00:00Z","2026-09-25T05:00:00Z","42.494067"
"2026-09-21T11:51:04Z","2026-09-25T05:00:00Z","2026-09-25T06:00:00Z","44.487555"
"2026-09-21T11:51:04Z","2026-09-25T06:00:00Z","2026-09-25T07:00:00Z","47.45363"
"2026-09-21T11:51:04Z","2026-09-25T07:00:00Z","2026-09-25T08:00:00Z","51.25092"
"2026-09-21T11:51:04Z","2026-09-25T08:00:00Z","2026-09-25T09:00:00Z","50.88678"
"2026-09-21T11:51:04Z","2026-09-25T09:00:00Z","2026-09-25T10:00:00Z","47.189212"
"2026-09-21T11:51:04Z","2026-09-25T10:00:00Z","2026-09-25T11:00:00Z","43.52068"
"2026-09-21T11:51:04Z","2026-09-25T11:00:00Z","2026-09-25T12:00:00Z","40.01613"
"2026-09-21T11:51:04Z","2026-09-25T12:00:00Z","2026-09-25T13:00:00Z","37.484405"
"2026-09-21T11:51:04Z","2026-09-25T13:00:00Z","2026-09-25T14:00:00Z","35.944307"
"2026-09-21T11:51:04Z","2026-09-25T14:00:00Z","2026-09-25T15:00:00Z","35.840182"
"2026-09-21T11:51:04Z","2026-09-25T15:00:00Z","2026-09-25T16:00:00Z","37.72895"
"2026-09-21T11:51:04Z","2026-09-25T16:00:00Z","2026-09-25T17:00:00Z","40.512122"
"2026-09-21T11:51:04Z","2026-09-25T17:00:00Z","2026-09-25T18:00:00Z","44.893107"
"2026-09-21T11:51:04Z","2026-09-25T18:00:00Z","2026-09-25T19:00:00Z","50.88797"
"2026-09-21T11:51:04Z","2026-09-25T19:00:00Z","2026-09-25T20:00:00Z","56.145747"
"2026-09-21T11:51:04Z","2026-09-25T20:00:00Z","2026-09-25T21:00:00Z","54.980975"
"2026-09-21T11:51:04Z","2026-09-25T21:00:00Z","2026-09-25T22:00:00Z","51.406215"
"2026-09-21T21:38:06Z","2026-09-22T22:00:00Z","2026-09-22T23:00:00Z","50.679482"
"2026-09-21T21:38:06Z","2026-09-22T23:00:00Z","2026-09-23T00:00:00Z","46.489135"
"2026-09-21T21:38:06Z","2026-09-23T00:00:00Z","2026-09-23T01:00:00Z","44.907625"
"2026-09-21T21:38:06Z","2026-09-23T01:00:00Z","2026-09-23T02:00:00Z","43.179745"
"2026-09-21T21:38:06Z","2026-09-23T02:00:00Z","2026-09-23T03:00:00Z","42.180145"
"2026-09-21T21:38:06Z","2026-09-23T03:00:00Z","2026-09-23T04:00:00Z","41.69879"
"2026-09-21T21:38:06Z","2026-09-23T04:00:00Z","2026-09-23T05:00:00Z","42.232862"
"2026-09-21T21:38:06Z","2026-09-23T05:00:00Z","2026-09-23T06:00:00Z","44.23587"
"2026-09-21T21:38:06Z","2026-09-23T06:00:00Z","2026-09-23T07:00:00Z","49.26838"
"2026-09-21T21:38:06Z","2026-09-23T07:00:00Z","2026-09-23T08:00:00Z","56.47383"
"2026-09-21T21:38:06Z","2026-09-23T08:00:00Z","2026-09-23T09:00:00Z","56.47383"
"2026-09-21T21:38:06Z","2026-09-23T09:00:00Z","2026-09-23T10:00:00Z","53.329017"
"2026-09-21T21:38:06Z","2026-09-23T10:00:00Z","2026-09-23T11:00:00Z","41.257895"
"2026-09-21T21:38:06Z","2026-09-23T11:00:00Z","2026-09-23T12:00:00Z","36.902257"
"2026-09-21T21:38:06Z","2026-09-23T12:00:00Z","2026-09-23T13:00:00Z","33.175772"
"2026-09-21T21:38:06Z","2026-09-23T13:00:00Z","2026-09-23T14:00:00Z","31.480617"
"2026-09-21T21:38:06Z","2026-09-23T14:00:00Z","2026-09-23T15:00:00Z","31.756935"
"2026-09-21T21:38:06Z","2026-09-23T15:00:00Z","2026-09-23T16:00:00Z","34.571047"
"2026-09-21T21:38:06Z","2026-09-23T16:00:00Z","2026-09-23T17:00:00Z","38.596817"
"2026-09-21T21:38:06Z","2026-09-23T17:00:00Z","2026-09-23T18:00:00Z","44.14781"
"2026-09-21T21:38:06Z","2026-09-23T18:00:00Z","2026-09-23T19:00:00Z","49.647752"
"2026-09-21T21:38:06Z","2026-09-23T19:00:00Z","2026-09-23T20:00:00Z","56.47383"
"2026-09-21T21:38:06Z","2026-09-23T20:00:00Z","2026-09-23T21:00:00Z","56.47383"
"2026-09-21T21:38:06Z","2026-09-23T21:00:00Z","2026-09-23T22:00:00Z","51.141797"
"2026-09-21T21:38:06Z","2026-09-23T22:00:00Z","2026-09-23T23:00:00Z","47.265967"
"2026-09-21T21:38:06Z","2026-09-23T23:00:00Z","2026-09-24T00:00:00Z","45.096835"
"2026-09-21T21:38:06Z","2026-09-24T00:00:00Z","2026-09-24T01:00:00Z","41.559322"
"2026-09-21T21:38:06Z","2026-09-24T01:00:00Z","2026-09-24T02:00:00Z","39.680312"
"2026-09-21T21:38:06Z","2026-09-24T02:00:00Z","2026-09-24T03:00:00Z","38.06929"
"2026-09-21T21:38:06Z","2026-09-24T03:00:00Z","2026-09-24T04:00:00Z","36.606185"
"2026-09-21T21:38:06Z","2026-09-24T04:00:00Z","2026-09-24T05:00:00Z","36.123402"
"2026-09-21T21:38:06Z","2026-09-24T05:00:00Z","2026-09-24T06:00:00Z","37.522842"
"2026-09-21T21:38:06Z","2026-09-24T06:00:00Z","2026-09-24T07:00:00Z","41.743772"
"2026-09-21T21:38:06Z","2026-09-24T07:00:00Z","2026-09-24T08:00:00Z","46.150342"
"2026-09-21T21:38:06Z","2026-09-24T08:00:00Z","2026-09-24T09:00:00Z","47.102937"
"2026-09-21T21:38:06Z","2026-09-24T09:00:00Z","2026-09-24T10:00:00Z","44.374862"
"2026-09-21T21:38:06Z","2026-09-24T10:00:00Z","2026-09-24T11:00:00Z","40.403832"
"2026-09-21T21:38:06Z","2026-09-24T11:00:00Z","2026-09-24T12:00:00Z","36.95188"
"2026-09-21T21:38:06Z","2026-09-24T12:00:00Z","2026-09-24T13:00:00Z","34.488937"
"2026-09-21T21:38:06Z","2026-09-24T13:00:00Z","2026-09-24T14:00:00Z","33.808257"
"2026-09-21T21:38:06Z","2026-09-24T14:00:00Z","2026-09-24T15:00:00Z","34.081005"
"2026-09-21T21:38:06Z","2026-09-24T15:00:00Z","2026-09-24T16:00:00Z","35.527807"
"2026-09-21T21:38:06Z","2026-09-24T16:00:00Z","2026-09-24T17:00:00Z","38.983567"
"2026-09-21T21:38:06Z","2026-09-24T17:00:00Z","2026-09-24T18:00:00Z","43.05301"
"2026-09-21T21:38:06Z","2026-09-24T18:00:00Z","2026-09-24T19:00:00Z","46.916107"
"2026-09-21T21:38:06Z","2026-09-24T19:00:00Z","2026-09-24T20:00:00Z","50.343307"
"2026-09-21T21:38:06Z","2026-09-24T20:00:00Z","2026-09-24T21:00:00Z","52.039295"
"2026-09-21T21:38:06Z","2026-09-24T21:00:00Z","2026-09-24T22:00:00Z","49.397257"
"2026-09-21T21:38:06Z","2026-09-24T22:00:00Z","2026-09-24T23:00:00Z","47.06331"
"2026-09-21T21:38:06Z","2026-09-24T23:00:00Z","2026-09-25T00:00:00Z","45.939117"
"2026-09-21T21:38:06Z","2026-09-25T00:00:00Z","2026-09-25T01:00:00Z","44.645825"
"2026-09-21T21:38:06Z","2026-09-25T01:00:00Z","2026-09-25T02:00:00Z","43.242577"
"2026-09-21T21:38:06Z","2026-09-25T02:00:00Z","2026-09-25T03:00:00Z","42.112672"
"2026-09-21T21:38:06Z","2026-09-25T03:00:00Z","2026-09-25T04:00:00Z","41.389152"
"2026-09-21T21:38:06Z","2026-09-25T04:00:00Z","2026-09-25T05:00:00Z","41.41319"
"2026-09-21T21:38:06Z","2026-09-25T05:00:00Z","2026-09-25T06:00:00Z","43.312192"
"2026-09-21T21:38:06Z","2026-09-25T06:00:00Z","2026-09-25T07:00:00Z","46.908967"
"2026-09-21T21:38:06Z","2026-09-25T07:00:00Z","2026-09-25T08:00:00Z","51.103122"
"2026-09-21T21:38:06Z","2026-09-25T08:00:00Z","2026-09-25T09:00:00Z","51.33779"
"2026-09-21T21:38:06Z","2026-09-25T09:00:00Z","2026-09-25T10:00:00Z","47.880602"
"2026-09-21T21:38:06Z","2026-09-25T10:00:00Z","2026-09-25T11:00:00Z","43.845907"
"2026-09-21T21:38:06Z","2026-09-25T11:00:00Z","2026-09-25T12:00:00Z","39.842152"
"2026-09-21T21:38:06Z","2026-09-25T12:00:00Z","2026-09-25T13:00:00Z","36.889762"
"2026-09-21T21:38:06Z","2026-09-25T13:00:00Z","2026-09-25T14:00:00Z","35.38346"
"2026-09-21T21:38:06Z","2026-09-25T14:00:00Z","2026-09-25T15:00:00Z","35.474495"
"2026-09-21T21:38:06Z","2026-09-25T15:00:00Z","2026-09-25T16:00:00Z","37.221772"
"2026-09-21T21:38:06Z","2026-09-25T16:00:00Z","2026-09-25T17:00:00Z","39.860597"
"2026-09-21T21:38:06Z","2026-09-25T17:00:00Z","2026-09-25T18:00:00Z","44.26205"
"2026-09-21T21:38:06Z","2026-09-25T18:00:00Z","2026-09-25T19:00:00Z","50.199555"
"2026-09-21T21:38:06Z","2026-09-25T19:00:00Z","2026-09-25T20:00:00Z","55.432937"
"2026-09-21T21:38:06Z","2026-09-25T20:00:00Z","2026-09-25T21:00:00Z","54.357415"
"2026-09-21T21:38:06Z","2026-09-25T21:00:00Z","2026-09-25T22:00:00Z","50.79634"
